--
-- Current Database: `Sib`
--

CREATE DATABASE /*!32312 IF NOT EXISTS*/ `Sib` /*!40100 DEFAULT CHARACTER SET latin1 */;

USE `Sib`;

--
-- Table structure for table `Sib_Activity`
--

DROP TABLE IF EXISTS `Sib_Activity`;
/*!40101 SET @saved_cs_client     = @@character_set_client */;
/*!40101 SET character_set_client = utf8 */;
CREATE TABLE `Sib_Activity` (
  `activityId` int(11) NOT NULL AUTO_INCREMENT,
  `activityName` varchar(40) NOT NULL,
  PRIMARY KEY (`activityId`)
) ENGINE=InnoDB AUTO_INCREMENT=7 DEFAULT CHARSET=latin1;
/*!40101 SET character_set_client = @saved_cs_client */;

--
-- Table structure for table `Sib_Answer_like`
--

DROP TABLE IF EXISTS `Sib_Answer_like`;
/*!40101 SET @saved_cs_client     = @@character_set_client */;
/*!40101 SET character_set_client = utf8 */;
CREATE TABLE `Sib_Answer_like` (
  `uid` int(11) DEFAULT NULL,
  `aid` int(11) DEFAULT NULL,
  `likeAnswer` char(1) DEFAULT 'Y'
) ENGINE=InnoDB DEFAULT CHARSET=latin1;
/*!40101 SET character_set_client = @saved_cs_client */;

--
-- Dumping data for table `Sib_Answer_like`
--

LOCK TABLES `Sib_Answer_like` WRITE;
/*!40000 ALTER TABLE `Sib_Answer_like` DISABLE KEYS */;
INSERT INTO `Sib_Answer_like` VALUES (59,3,'Y'),(62,3,'Y'),(NULL,2,'Y'),(NULL,2,'Y'),(NULL,2,'Y'),(NULL,2,'Y'),(NULL,2,'Y'),(NULL,2,'Y'),(NULL,2,'Y'),(NULL,2,'Y'),(NULL,2,'Y'),(NULL,9,'Y'),(NULL,7,'Y'),(NULL,10,'Y'),(NULL,10,'Y');
/*!40000 ALTER TABLE `Sib_Answer_like` ENABLE KEYS */;
UNLOCK TABLES;

--
-- Table structure for table `Sib_Comment_Like`
--

DROP TABLE IF EXISTS `Sib_Comment_Like`;
/*!40101 SET @saved_cs_client     = @@character_set_client */;
/*!40101 SET character_set_client = utf8 */;
CREATE TABLE `Sib_Comment_Like` (
  `uid` int(11) DEFAULT NULL,
  `cid` int(11) DEFAULT NULL,
  `likecomment` char(1) DEFAULT 'Y'
) ENGINE=InnoDB DEFAULT CHARSET=latin1;
/*!40101 SET character_set_client = @saved_cs_client */;

--
-- Dumping data for table `Sib_Comment_Like`
--

LOCK TABLES `Sib_Comment_Like` WRITE;
/*!40000 ALTER TABLE `Sib_Comment_Like` DISABLE KEYS */;
INSERT INTO `Sib_Comment_Like` VALUES (53,7,'Y'),(53,10,'Y'),(53,9,'Y'),(53,8,'Y'),(NULL,7,'Y'),(62,10,'N'),(NULL,10,'Y'),(NULL,10,'Y'),(NULL,10,'Y');
/*!40000 ALTER TABLE `Sib_Comment_Like` ENABLE KEYS */;
UNLOCK TABLES;

--
-- Table structure for table `Sib_Comments`
--

DROP TABLE IF EXISTS `Sib_Comments`;
/*!40101 SET @saved_cs_client     = @@character_set_client */;
/*!40101 SET character_set_client = utf8 */;
CREATE TABLE `Sib_Comments` (
  `cid` int(11) NOT NULL AUTO_INCREMENT,
  `author` varchar(130) DEFAULT NULL,
  `authorId` int(11) DEFAULT NULL,
  `content` varchar(1024) DEFAULT NULL,
  `numLike` int(11) DEFAULT '0',
  `numReplies` int(11) DEFAULT NULL,
  `image` varchar(130) DEFAULT NULL,
  `timestamp` timestamp NOT NULL DEFAULT CURRENT_TIMESTAMP ON UPDATE CURRENT_TIMESTAMP,
  `active` char(1) DEFAULT 'Y',
  PRIMARY KEY (`cid`)
) ENGINE=InnoDB AUTO_INCREMENT=15 DEFAULT CHARSET=latin1;
/*!40101 SET character_set_client = @saved_cs_client */;

--
-- Dumping data for table `Sib_Comments`
--

LOCK TABLES `Sib_Comments` WRITE;
/*!40000 ALTER TABLE `Sib_Comments` DISABLE KEYS */;
INSERT INTO `Sib_Comments` VALUES (1,'jasmine',60,'Hi',0,NULL,'n/a','2015-05-14 18:15:05','Y'),(2,'jasmine',60,'Hello!',0,NULL,'n/a','2015-05-14 18:15:21','Y'),(3,'Raja',53,'Hey !',0,NULL,'n/a','2015-05-21 03:36:28','Y'),(4,'Raja',53,'nice video',0,NULL,'n/a','2015-05-28 21:19:52','Y'),(5,'Raja',53,'what did you like in this video .?',0,NULL,'n/a','2015-05-28 21:20:13','Y'),(6,'Jasmineh',61,'Hi!',0,NULL,'n/a','2015-05-31 14:52:34','Y'),(7,'Raja',53,'nice explanation',0,NULL,'n/a','2015-06-18 17:12:09','Y'),(8,NULL,53,'Nice video',1,NULL,'n/a','2015-07-10 08:18:04','Y'),(9,NULL,53,'Test it',1,NULL,'n/a','2015-07-10 02:03:53','Y'),(10,NULL,53,'gdfkjgjfd',1,NULL,'n/a','2015-07-03 09:08:35','Y'),(11,'Raja',53,'Nice video',0,NULL,'n/a','2015-07-10 08:18:24','Y'),(12,NULL,53,'I love',0,NULL,'https://pbs.twimg.com/profile_images/345217437/man.jpg','2015-07-20 07:10:47','Y'),(13,NULL,53,'Love this video',0,NULL,'https://pbs.twimg.com/profile_images/345217437/man.jpg','2015-07-20 07:10:52','Y'),(14,NULL,62,'Nothing',0,NULL,'https://pbs.twimg.com/profile_images/345217437/man.jpg','2015-07-20 07:27:47','Y');
/*!40000 ALTER TABLE `Sib_Comments` ENABLE KEYS */;
UNLOCK TABLES;

--
-- Table structure for table `Sib_Config`
--

DROP TABLE IF EXISTS `Sib_Config`;
/*!40101 SET @saved_cs_client     = @@character_set_client */;
/*!40101 SET character_set_client = utf8 */;
CREATE TABLE `Sib_Config` (
  `id` int(11) NOT NULL AUTO_INCREMENT,
  `name` varchar(1024) NOT NULL,
  `valueof` varchar(1024) NOT NULL,
  PRIMARY KEY (`id`)
) ENGINE=InnoDB AUTO_INCREMENT=3 DEFAULT CHARSET=latin1;
/*!40101 SET character_set_client = @saved_cs_client */;

--
-- Dumping data for table `Sib_Config`
--

LOCK TABLES `Sib_Config` WRITE;
/*!40000 ALTER TABLE `Sib_Config` DISABLE KEYS */;
INSERT INTO `Sib_Config` VALUES (2,'domain','http://54.213.94.216/#/');
/*!40000 ALTER TABLE `Sib_Config` ENABLE KEYS */;
UNLOCK TABLES;

--
-- Table structure for table `Sib_Faq_Questions`
--

DROP TABLE IF EXISTS `Sib_Faq_Questions`;
/*!40101 SET @saved_cs_client     = @@character_set_client */;
/*!40101 SET character_set_client = utf8 */;
CREATE TABLE `Sib_Faq_Questions` (
  `faqCategory` varchar(100) DEFAULT NULL,
  `questionId` int(11) NOT NULL AUTO_INCREMENT,
  `questionText` varchar(4000) DEFAULT NULL,
  `answerText` varchar(4000) DEFAULT NULL,
  `videoLink` varchar(1000) DEFAULT NULL,
  `active` varchar(1) DEFAULT 'Y',
  `creation_date` timestamp NULL DEFAULT NULL,
  `priority` char(1) DEFAULT 'Y',
  PRIMARY KEY (`questionId`)
) ENGINE=InnoDB DEFAULT CHARSET=latin1;
/*!40101 SET character_set_client = @saved_cs_client */;

--
-- Dumping data for table `Sib_Faq_Questions`
--

LOCK TABLES `Sib_Faq_Questions` WRITE;
/*!40000 ALTER TABLE `Sib_Faq_Questions` DISABLE KEYS */;
/*!40000 ALTER TABLE `Sib_Faq_Questions` ENABLE KEYS */;
UNLOCK TABLES;

--
-- Table structure for table `Sib_Forum_Answer`
--

DROP TABLE IF EXISTS `Sib_Forum_Answer`;
/*!40101 SET @saved_cs_client     = @@character_set_client */;
/*!40101 SET character_set_client = utf8 */;
CREATE TABLE `Sib_Forum_Answer` (
  `aid` int(11) NOT NULL AUTO_INCREMENT,
  `pid` int(11) DEFAULT NULL,
  `authorID` int(11) DEFAULT NULL,
  `title` char(128) DEFAULT NULL,
  `content` varchar(4000) DEFAULT NULL,
  `numViews` int(11) DEFAULT NULL,
  `numReplies` int(11) DEFAULT NULL,
  `image` blob,
  `timeStamp` timestamp NOT NULL DEFAULT CURRENT_TIMESTAMP ON UPDATE CURRENT_TIMESTAMP,
  `updateTime` timestamp NOT NULL DEFAULT '0000-00-00 00:00:00',
  `enableFlag` char(1) DEFAULT 'Y',
  PRIMARY KEY (`aid`)
) ENGINE=InnoDB AUTO_INCREMENT=22 DEFAULT CHARSET=latin1;
/*!40101 SET character_set_client = @saved_cs_client */;

--
-- Dumping data for table `Sib_Forum_Answer`
--

LOCK TABLES `Sib_Forum_Answer` WRITE;
/*!40000 ALTER TABLE `Sib_Forum_Answer` DISABLE KEYS */;
INSERT INTO `Sib_Forum_Answer` VALUES (1,4,58,NULL,'am doing good',NULL,NULL,NULL,'2015-05-21 06:21:33','0000-00-00 00:00:00','Y'),(2,1,58,NULL,'nice question....',NULL,NULL,NULL,'2015-05-28 21:43:49','0000-00-00 00:00:00','Y'),(3,12,59,NULL,'How are you ?',NULL,NULL,NULL,'2015-07-14 10:12:04','2015-07-14 10:12:04','Y'),(4,1,53,NULL,'<p>This is great.</p>\n',NULL,NULL,NULL,'2015-07-20 07:06:41','2015-07-20 07:06:41','Y'),(5,1,53,NULL,'<p>This is great.</p>\n',NULL,NULL,NULL,'2015-07-20 07:06:42','2015-07-20 07:06:42','Y'),(6,1,53,NULL,'<p>This is great.</p>\n',NULL,NULL,NULL,'2015-07-20 07:06:43','2015-07-20 07:06:43','Y'),(7,1,53,NULL,'<p>This is great.</p>\n',NULL,NULL,NULL,'2015-07-20 07:06:44','2015-07-20 07:06:44','Y'),(8,1,53,NULL,'<p>This is great.</p>\n',NULL,NULL,NULL,'2015-07-20 07:06:44','2015-07-20 07:06:44','Y'),(9,1,53,NULL,'<p>This is great.</p>\n',NULL,NULL,NULL,'2015-07-20 07:06:45','2015-07-20 07:06:45','Y'),(10,1,62,NULL,'<p>Great</p>\n',NULL,NULL,NULL,'2015-07-20 07:21:34','2015-07-20 07:21:34','Y'),(11,12,62,NULL,'<p>This is a answer</p>\n',NULL,NULL,NULL,'2015-07-20 07:38:21','2015-07-20 07:38:21','Y'),(12,1,53,NULL,'<p>I enjoy this question.</p>\n',NULL,NULL,NULL,'2015-07-20 17:26:03','2015-07-20 17:26:03','Y'),(13,1,53,NULL,'<p>I enjoy this question.</p>\n',NULL,NULL,NULL,'2015-07-20 17:26:04','2015-07-20 17:26:04','Y'),(14,1,53,NULL,'<p>I enjoy this question.</p>\n',NULL,NULL,NULL,'2015-07-20 17:26:12','2015-07-20 17:26:12','Y'),(15,1,53,NULL,'<p>I enjoy this question.</p>\n',NULL,NULL,NULL,'2015-07-20 17:26:13','2015-07-20 17:26:13','Y'),(16,1,53,NULL,'<p>I enjoy this question.</p>\n',NULL,NULL,NULL,'2015-07-20 17:26:13','2015-07-20 17:26:13','Y'),(17,1,53,NULL,'<p><strong>I enjoy this question.</strong></p>\n',NULL,NULL,NULL,'2015-07-20 17:26:18','2015-07-20 17:26:18','Y'),(18,1,53,NULL,'<p><strong>I enjoy this question.</strong></p>\n',NULL,NULL,NULL,'2015-07-20 17:26:19','2015-07-20 17:26:19','Y'),(19,1,53,NULL,'<p><strong>I enjoy this question.</strong></p>\n',NULL,NULL,NULL,'2015-07-20 17:26:19','2015-07-20 17:26:19','Y'),(20,1,53,NULL,'<p><strong>I enjoy this question.</strong></p>\n',NULL,NULL,NULL,'2015-07-20 17:26:19','2015-07-20 17:26:19','Y'),(21,1,53,NULL,'<p><strong>I enjoy this question.</strong></p>\n',NULL,NULL,NULL,'2015-07-20 17:26:20','2015-07-20 17:26:20','Y');
/*!40000 ALTER TABLE `Sib_Forum_Answer` ENABLE KEYS */;
UNLOCK TABLES;

--
-- Table structure for table `Sib_Forum_Answer_Comment`
--

DROP TABLE IF EXISTS `Sib_Forum_Answer_Comment`;
/*!40101 SET @saved_cs_client     = @@character_set_client */;
/*!40101 SET character_set_client = utf8 */;
CREATE TABLE `Sib_Forum_Answer_Comment` (
  `aid` int(11) DEFAULT NULL,
  `cid` int(11) DEFAULT NULL
) ENGINE=InnoDB DEFAULT CHARSET=latin1;
/*!40101 SET character_set_client = @saved_cs_client */;

--
-- Dumping data for table `Sib_Forum_Answer_Comment`
--

LOCK TABLES `Sib_Forum_Answer_Comment` WRITE;
/*!40000 ALTER TABLE `Sib_Forum_Answer_Comment` DISABLE KEYS */;
/*!40000 ALTER TABLE `Sib_Forum_Answer_Comment` ENABLE KEYS */;
UNLOCK TABLES;

--
-- Table structure for table `Sib_Forum_Post`
--

DROP TABLE IF EXISTS `Sib_Forum_Post`;
/*!40101 SET @saved_cs_client     = @@character_set_client */;
/*!40101 SET character_set_client = utf8 */;
CREATE TABLE `Sib_Forum_Post` (
  `pid` int(11) NOT NULL AUTO_INCREMENT,
  `authorID` int(11) DEFAULT NULL,
  `title` char(128) DEFAULT NULL,
  `subjectId` int(11) DEFAULT NULL,
  `topicId` int(11) DEFAULT NULL,
  `content` varchar(4000) DEFAULT NULL,
  `numViews` int(11) DEFAULT NULL,
  `numReplies` int(11) DEFAULT NULL,
  `image` blob,
  `timeStamp` timestamp NOT NULL DEFAULT CURRENT_TIMESTAMP ON UPDATE CURRENT_TIMESTAMP,
  `updateTime` timestamp NOT NULL DEFAULT '0000-00-00 00:00:00',
  `enableFlag` char(1) DEFAULT 'Y',
  PRIMARY KEY (`pid`)
) ENGINE=InnoDB AUTO_INCREMENT=13 DEFAULT CHARSET=latin1;
/*!40101 SET character_set_client = @saved_cs_client */;

--
-- Dumping data for table `Sib_Forum_Post`
--

LOCK TABLES `Sib_Forum_Post` WRITE;
/*!40000 ALTER TABLE `Sib_Forum_Post` DISABLE KEYS */;
INSERT INTO `Sib_Forum_Post` VALUES (1,53,'Multiplication of three digit numbers',2,1,'how to Multiplication of three digit numbers',4,NULL,NULL,'2015-07-20 17:25:55','2015-05-15 07:22:59','Y'),(2,53,'Adding two integers',2,1,'how to add two integers....',1,NULL,NULL,'2015-07-20 07:59:40','2015-05-21 03:32:24','Y'),(3,53,'How hard to learn math?',2,1,'I love math, but I want shortcut.',1,NULL,NULL,'2015-07-20 07:59:40','2015-05-21 03:37:48','Y'),(4,53,'how are you',2,1,'am fine',1,NULL,NULL,'2015-07-20 07:59:40','2015-05-21 06:18:49','Y'),(5,53,'overview of algebra',2,1,'overview of algebra',1,NULL,NULL,'2015-07-20 07:59:40','2015-05-28 21:21:01','Y'),(6,53,'post question testing',2,1,'success posting',1,NULL,NULL,'2015-07-20 07:59:40','2015-05-28 21:32:06','Y'),(7,53,'testing again posting question',2,1,'testing',1,NULL,NULL,'2015-07-20 07:59:40','2015-05-28 21:40:04','Y'),(8,53,'how to post question',2,1,'posting',1,NULL,NULL,'2015-07-20 07:59:40','2015-05-28 21:42:43','Y'),(9,53,'Posting qq for testing',2,1,'Posting question',1,NULL,NULL,'2015-07-20 07:59:40','2015-06-03 02:33:44','Y'),(10,62,'what is 2 raised to the power of 5000',2,1,'null',1,NULL,NULL,'2015-07-20 07:59:40','2015-06-26 03:10:20','Y'),(11,62,'null',2,1,'null',1,NULL,NULL,'2015-07-20 07:59:40','2015-06-26 03:10:33','Y'),(12,62,'What is 2 raised to power of 5000?',2,1,'null',1,NULL,NULL,'2015-07-20 07:59:40','2015-06-26 03:11:21','Y');
/*!40000 ALTER TABLE `Sib_Forum_Post` ENABLE KEYS */;
UNLOCK TABLES;

--
-- Table structure for table `Sib_Majors`
--

DROP TABLE IF EXISTS `Sib_Majors`;
/*!40101 SET @saved_cs_client     = @@character_set_client */;
/*!40101 SET character_set_client = utf8 */;
CREATE TABLE `Sib_Majors` (
  `majorId` int(11) NOT NULL AUTO_INCREMENT,
  `majorName` varchar(40) NOT NULL,
  PRIMARY KEY (`majorId`)
) ENGINE=InnoDB AUTO_INCREMENT=19 DEFAULT CHARSET=latin1;
/*!40101 SET character_set_client = @saved_cs_client */;

--
-- Dumping data for table `Sib_Majors`
--

LOCK TABLES `Sib_Majors` WRITE;
/*!40000 ALTER TABLE `Sib_Majors` DISABLE KEYS */;
INSERT INTO `Sib_Majors` VALUES (10,'Architecture'),(11,'Divinity'),(12,'English'),(13,'History'),(14,'Medicine'),(15,'Sciences'),(16,'Business'),(17,'Econimics'),(18,'Engineering');
/*!40000 ALTER TABLE `Sib_Majors` ENABLE KEYS */;
UNLOCK TABLES;

--
-- Table structure for table `Sib_Mentor_Reviewd_Student`
--

DROP TABLE IF EXISTS `Sib_Mentor_Reviewd_Student`;
/*!40101 SET @saved_cs_client     = @@character_set_client */;
/*!40101 SET character_set_client = utf8 */;
CREATE TABLE `Sib_Mentor_Reviewd_Student` (
  `reviewdId` int(11) NOT NULL AUTO_INCREMENT,
  `mentorId` int(11) NOT NULL,
  `studentId` int(11) NOT NULL,
  `notes` varchar(2000) DEFAULT NULL,
  `Rating` int(11) DEFAULT NULL,
  `creationDate` timestamp NOT NULL DEFAULT CURRENT_TIMESTAMP ON UPDATE CURRENT_TIMESTAMP,
  `lastUpdateDate` timestamp NOT NULL DEFAULT '0000-00-00 00:00:00',
  `subjectId` int(11) NOT NULL,
  `reviwedBy` varchar(1) DEFAULT NULL,
  PRIMARY KEY (`reviewdId`)
) ENGINE=MyISAM DEFAULT CHARSET=latin1;
/*!40101 SET character_set_client = @saved_cs_client */;

--
-- Dumping data for table `Sib_Mentor_Reviewd_Student`
--

LOCK TABLES `Sib_Mentor_Reviewd_Student` WRITE;
/*!40000 ALTER TABLE `Sib_Mentor_Reviewd_Student` DISABLE KEYS */;
/*!40000 ALTER TABLE `Sib_Mentor_Reviewd_Student` ENABLE KEYS */;
UNLOCK TABLES;

--
-- Table structure for table `Sib_Mentor_Subject_Mapping`
--

DROP TABLE IF EXISTS `Sib_Mentor_Subject_Mapping`;
/*!40101 SET @saved_cs_client     = @@character_set_client */;
/*!40101 SET character_set_client = utf8 */;
CREATE TABLE `Sib_Mentor_Subject_Mapping` (
  `mentor_id` int(11) NOT NULL,
  `subject_id` int(11) NOT NULL,
  `rating` int(11) DEFAULT NULL,
  `student_id` int(11) NOT NULL,
  `points` int(11) DEFAULT NULL,
  `creation_date` timestamp NOT NULL DEFAULT CURRENT_TIMESTAMP ON UPDATE CURRENT_TIMESTAMP,
  `last_update_date` timestamp NULL DEFAULT NULL,
  UNIQUE KEY `Sib_Mentor_Subject_Mapping_u` (`mentor_id`,`subject_id`,`student_id`)
) ENGINE=InnoDB DEFAULT CHARSET=latin1;
/*!40101 SET character_set_client = @saved_cs_client */;

--
-- Dumping data for table `Sib_Mentor_Subject_Mapping`
--

LOCK TABLES `Sib_Mentor_Subject_Mapping` WRITE;
/*!40000 ALTER TABLE `Sib_Mentor_Subject_Mapping` DISABLE KEYS */;
/*!40000 ALTER TABLE `Sib_Mentor_Subject_Mapping` ENABLE KEYS */;
UNLOCK TABLES;

--
-- Table structure for table `Sib_Nested_Comments`
--

DROP TABLE IF EXISTS `Sib_Nested_Comments`;
/*!40101 SET @saved_cs_client     = @@character_set_client */;
/*!40101 SET character_set_client = utf8 */;
CREATE TABLE `Sib_Nested_Comments` (
  `parent_cid` int(11) DEFAULT NULL,
  `child_cid` int(11) DEFAULT NULL
) ENGINE=InnoDB DEFAULT CHARSET=latin1;
/*!40101 SET character_set_client = @saved_cs_client */;

--
-- Dumping data for table `Sib_Nested_Comments`
--

LOCK TABLES `Sib_Nested_Comments` WRITE;
/*!40000 ALTER TABLE `Sib_Nested_Comments` DISABLE KEYS */;
INSERT INTO `Sib_Nested_Comments` VALUES (1,2),(1,3),(4,5),(8,4);
/*!40000 ALTER TABLE `Sib_Nested_Comments` ENABLE KEYS */;
UNLOCK TABLES;

--
-- Table structure for table `Sib_Notification`
--

DROP TABLE IF EXISTS `Sib_Notification`;
/*!40101 SET @saved_cs_client     = @@character_set_client */;
/*!40101 SET character_set_client = utf8 */;
CREATE TABLE `Sib_Notification` (
  `id` int(11) NOT NULL AUTO_INCREMENT,
  `userId` int(11) NOT NULL,
  `authorId` int(11) NOT NULL,
  `type` varchar(256) NOT NULL,
  `title` varchar(11000) NOT NULL,
  `notification` varchar(50000) DEFAULT NULL,
  `timestamp` timestamp NOT NULL DEFAULT CURRENT_TIMESTAMP ON UPDATE CURRENT_TIMESTAMP,
  `subjectId` int(11) DEFAULT NULL,
  `topicId` int(11) DEFAULT NULL,
  `videoId` int(11) DEFAULT NULL,
  `questionId` int(11) DEFAULT NULL,
  `status` char(1) DEFAULT NULL,
  PRIMARY KEY (`id`)
) ENGINE=InnoDB AUTO_INCREMENT=36 DEFAULT CHARSET=latin1;
/*!40101 SET character_set_client = @saved_cs_client */;

--
-- Dumping data for table `Sib_Notification`
--

LOCK TABLES `Sib_Notification` WRITE;
/*!40000 ALTER TABLE `Sib_Notification` DISABLE KEYS */;
INSERT INTO `Sib_Notification` VALUES (32,53,62,'likeDiscussion','Like discussion','liked your discussion','2015-07-20 04:43:29',2,1,1,NULL,'Y'),(33,62,59,'answerQuestion','Answer to question','answered a question: null','2015-07-20 02:06:51',2,1,NULL,12,'Y'),(34,59,62,'likeAnswer','Like answer','liked your answer','2015-07-14 10:13:03',2,1,NULL,12,'N'),(35,59,62,'likeAnswer','Like answer','liked your answer','2015-07-20 07:38:50',2,1,NULL,12,'N');
/*!40000 ALTER TABLE `Sib_Notification` ENABLE KEYS */;
UNLOCK TABLES;

--
-- Table structure for table `Sib_Policy`
--

DROP TABLE IF EXISTS `Sib_Policy`;
/*!40101 SET @saved_cs_client     = @@character_set_client */;
/*!40101 SET character_set_client = utf8 */;
CREATE TABLE `Sib_Policy` (
  `policyId` int(11) NOT NULL AUTO_INCREMENT,
  `policy` varchar(65525) NOT NULL,
  PRIMARY KEY (`policyId`)
) ENGINE=InnoDB DEFAULT CHARSET=latin1;
/*!40101 SET character_set_client = @saved_cs_client */;

--
-- Dumping data for table `Sib_Policy`
--

LOCK TABLES `Sib_Policy` WRITE;
/*!40000 ALTER TABLE `Sib_Policy` DISABLE KEYS */;
/*!40000 ALTER TABLE `Sib_Policy` ENABLE KEYS */;
UNLOCK TABLES;

--
-- Table structure for table `Sib_Post_Like`
--

DROP TABLE IF EXISTS `Sib_Post_Like`;
/*!40101 SET @saved_cs_client     = @@character_set_client */;
/*!40101 SET character_set_client = utf8 */;
CREATE TABLE `Sib_Post_Like` (
  `uid` int(11) DEFAULT NULL,
  `pid` int(11) DEFAULT NULL,
  `likePost` int(11) DEFAULT '1'
) ENGINE=InnoDB DEFAULT CHARSET=latin1;
/*!40101 SET character_set_client = @saved_cs_client */;

--
-- Dumping data for table `Sib_Post_Like`
--

LOCK TABLES `Sib_Post_Like` WRITE;
/*!40000 ALTER TABLE `Sib_Post_Like` DISABLE KEYS */;
INSERT INTO `Sib_Post_Like` VALUES (NULL,1,1),(NULL,1,1),(NULL,1,1),(NULL,1,1),(NULL,1,1),(NULL,1,1),(NULL,1,1),(NULL,1,1);
/*!40000 ALTER TABLE `Sib_Post_Like` ENABLE KEYS */;
UNLOCK TABLES;

--
-- Table structure for table `Sib_Post_Rating`
--

DROP TABLE IF EXISTS `Sib_Post_Rating`;
/*!40101 SET @saved_cs_client     = @@character_set_client */;
/*!40101 SET character_set_client = utf8 */;
CREATE TABLE `Sib_Post_Rating` (
  `pid` int(11) NOT NULL,
  `uid` int(11) NOT NULL,
  `rating` int(11) NOT NULL
) ENGINE=InnoDB DEFAULT CHARSET=latin1;
/*!40101 SET character_set_client = @saved_cs_client */;

--
-- Dumping data for table `Sib_Post_Rating`
--

LOCK TABLES `Sib_Post_Rating` WRITE;
/*!40000 ALTER TABLE `Sib_Post_Rating` DISABLE KEYS */;
/*!40000 ALTER TABLE `Sib_Post_Rating` ENABLE KEYS */;
UNLOCK TABLES;

--
-- Table structure for table `Sib_Profile_Setup`
--

DROP TABLE IF EXISTS `Sib_Profile_Setup`;
/*!40101 SET @saved_cs_client     = @@character_set_client */;
/*!40101 SET character_set_client = utf8 */;
CREATE TABLE `Sib_Profile_Setup` (
  `ID` int(11) NOT NULL AUTO_INCREMENT,
  `CATEGORY` varchar(50) NOT NULL,
  `SUB_CATEGORY` varchar(50) NOT NULL,
  `NAME` varchar(50) DEFAULT NULL,
  `CREATION_DATE` timestamp NOT NULL DEFAULT CURRENT_TIMESTAMP,
  PRIMARY KEY (`ID`)
) ENGINE=InnoDB DEFAULT CHARSET=latin1;
/*!40101 SET character_set_client = @saved_cs_client */;

--
-- Dumping data for table `Sib_Profile_Setup`
--

LOCK TABLES `Sib_Profile_Setup` WRITE;
/*!40000 ALTER TABLE `Sib_Profile_Setup` DISABLE KEYS */;
/*!40000 ALTER TABLE `Sib_Profile_Setup` ENABLE KEYS */;
UNLOCK TABLES;

--
-- Table structure for table `Sib_School_College_Degree`
--

DROP TABLE IF EXISTS `Sib_School_College_Degree`;
/*!40101 SET @saved_cs_client     = @@character_set_client */;
/*!40101 SET character_set_client = utf8 */;
CREATE TABLE `Sib_School_College_Degree` (
  `sch_colle_degree_id` int(11) NOT NULL AUTO_INCREMENT,
  `name` varchar(100) NOT NULL,
  `type` char(1) NOT NULL,
  `address1` varchar(100) DEFAULT NULL,
  `address2` varchar(100) DEFAULT NULL,
  `city` varchar(30) DEFAULT NULL,
  `state` varchar(30) DEFAULT NULL,
  `zip` int(30) DEFAULT NULL,
  `creation_date` timestamp NULL DEFAULT NULL,
  `created_by` int(11) DEFAULT NULL,
  `last_update_date` timestamp NULL DEFAULT NULL,
  `last_updated_by` int(11) DEFAULT NULL,
  PRIMARY KEY (`sch_colle_degree_id`)
) ENGINE=InnoDB DEFAULT CHARSET=latin1;
/*!40101 SET character_set_client = @saved_cs_client */;

--
-- Dumping data for table `Sib_School_College_Degree`
--

LOCK TABLES `Sib_School_College_Degree` WRITE;
/*!40000 ALTER TABLE `Sib_School_College_Degree` DISABLE KEYS */;
/*!40000 ALTER TABLE `Sib_School_College_Degree` ENABLE KEYS */;
UNLOCK TABLES;

--
-- Table structure for table `Sib_Sub_Topic`
--

DROP TABLE IF EXISTS `Sib_Sub_Topic`;
/*!40101 SET @saved_cs_client     = @@character_set_client */;
/*!40101 SET character_set_client = utf8 */;
CREATE TABLE `Sib_Sub_Topic` (
  `subTopicId` int(11) NOT NULL AUTO_INCREMENT,
  `subTopic` varchar(500) NOT NULL,
  `description` varchar(2000) DEFAULT NULL,
  `topicId` int(11) DEFAULT NULL,
  `active` varchar(1) DEFAULT NULL,
  `creationDate` timestamp NULL DEFAULT CURRENT_TIMESTAMP,
  `createdBy` int(11) DEFAULT NULL,
  `lastUpdateDate` timestamp NULL DEFAULT NULL,
  `lastUpdatedBy` int(11) DEFAULT NULL,
  PRIMARY KEY (`subTopicId`),
  UNIQUE KEY `Sib_Sub_Topic_u` (`subTopic`,`topicId`),
  KEY `Sib_Sub_Topic_fk` (`topicId`)
) ENGINE=MyISAM AUTO_INCREMENT=260 DEFAULT CHARSET=latin1;
/*!40101 SET character_set_client = @saved_cs_client */;

--
-- Dumping data for table `Sib_Sub_Topic`
--

LOCK TABLES `Sib_Sub_Topic` WRITE;
/*!40000 ALTER TABLE `Sib_Sub_Topic` DISABLE KEYS */;
INSERT INTO `Sib_Sub_Topic` VALUES (10,'Chapter 3','Chapter 3',17,'Y','2015-07-20 21:27:19',6,'2015-07-20 21:27:19',6),(11,'chapter 7','chapter 7',17,'Y','2015-07-20 21:27:19',6,'2015-07-20 21:27:19',6),(12,'Chapter 6','Chapter 6',17,'Y','2015-07-20 21:27:19',6,'2015-07-20 21:27:19',6),(13,'Chapter 1','Chapter 1',17,'Y','2015-07-20 21:27:19',6,'2015-07-20 21:27:19',6),(14,'chapter 5','chapter 5',17,'Y','2015-07-20 21:27:19',6,'2015-07-20 21:27:19',6),(15,'Chapter 4','Chapter 4',17,'Y','2015-07-20 21:27:19',6,'2015-07-20 21:27:19',6),(16,'chapter 11','chapter 11',17,'Y','2015-07-20 21:27:19',6,'2015-07-20 21:27:19',6),(17,'Chapter 2','Chapter 2',17,'Y','2015-07-20 21:27:19',6,'2015-07-20 21:27:19',6),(18,'Chapter 8','Chapter 8',17,'Y','2015-07-20 21:27:19',6,'2015-07-20 21:27:19',6),(19,'Chapter 5','Chapter 5',18,'Y','2015-07-20 21:27:19',6,'2015-07-20 21:27:19',6),(20,'Chapter 13','Chapter 13',18,'Y','2015-07-20 21:27:19',6,'2015-07-20 21:27:19',6),(21,'Chapter 2','Chapter 2',18,'Y','2015-07-20 21:27:19',6,'2015-07-20 21:27:19',6),(22,'Chapter 10','Chapter 10',18,'Y','2015-07-20 21:27:19',6,'2015-07-20 21:27:19',6),(23,'Chapter 7','Chapter 7',18,'Y','2015-07-20 21:27:19',6,'2015-07-20 21:27:19',6),(24,'Chapter 4','Chapter 4',18,'Y','2015-07-20 21:27:19',6,'2015-07-20 21:27:19',6),(25,'Chapter 12','Chapter 12',18,'Y','2015-07-20 21:27:19',6,'2015-07-20 21:27:19',6),(26,'Chapter 1','Chapter 1',18,'Y','2015-07-20 21:27:19',6,'2015-07-20 21:27:19',6),(27,'Chapter 9','Chapter 9',18,'Y','2015-07-20 21:27:19',6,'2015-07-20 21:27:19',6),(28,'Chapter 6','Chapter 6',18,'Y','2015-07-20 21:27:19',6,'2015-07-20 21:27:19',6),(29,'Chapter 14','Chapter 14',18,'Y','2015-07-20 21:27:19',6,'2015-07-20 21:27:19',6),(30,'Chapter 3','Chapter 3',18,'Y','2015-07-20 21:27:19',6,'2015-07-20 21:27:19',6),(31,'Chapter 11','Chapter 11',18,'Y','2015-07-20 21:27:19',6,'2015-07-20 21:27:19',6),(32,'Chapter 8','Chapter 8',18,'Y','2015-07-20 21:27:19',6,'2015-07-20 21:27:19',6),(33,'Chapter 4','Chapter 4',19,'Y','2015-07-20 21:27:19',6,'2015-07-20 21:27:19',6),(34,'Chapter 1','Chapter 1',19,'Y','2015-07-20 21:27:19',6,'2015-07-20 21:27:19',6),(35,'Chapter 7','Chapter 7',19,'Y','2015-07-20 21:27:19',6,'2015-07-20 21:27:19',6),(36,'Chapter 3','Chapter 3',19,'Y','2015-07-20 21:27:19',6,'2015-07-20 21:27:19',6),(37,'Chapter 6','Chapter 6',19,'Y','2015-07-20 21:27:19',6,'2015-07-20 21:27:19',6),(38,'Chapter 2','Chapter 2',19,'Y','2015-07-20 21:27:19',6,'2015-07-20 21:27:19',6),(39,'Chap 4','Chap 4',20,'Y','2015-07-20 21:27:25',6,'2015-07-20 21:27:25',6),(40,'Chap 3','Chap 3',20,'Y','2015-07-20 21:27:25',6,'2015-07-20 21:27:25',6),(41,'Chap 1','Chap 1',20,'Y','2015-07-20 21:27:25',6,'2015-07-20 21:27:25',6),(42,'Current in a Wire, Part 1.mp4','Current in a Wire, Part 1.mp4',21,'Y','2015-07-20 21:27:28',6,'2015-07-20 21:27:28',6),(43,'Intro to DC Circuits, Part 1.mp4','Intro to DC Circuits, Part 1.mp4',21,'Y','2015-07-20 21:27:28',6,'2015-07-20 21:27:28',6),(44,'Coordinate_Systems.mp4','Coordinate_Systems.mp4',21,'Y','2015-07-20 21:27:28',6,'2015-07-20 21:27:28',6),(45,'Electric_Field_Exercises.mp4','Electric_Field_Exercises.mp4',21,'Y','2015-07-20 21:27:28',6,'2015-07-20 21:27:28',6),(46,'EMR.mp4','EMR.mp4',21,'Y','2015-07-20 21:27:28',6,'2015-07-20 21:27:28',6),(47,'Magnetic force on a current.mp4','Magnetic force on a current.mp4',21,'Y','2015-07-20 21:27:28',6,'2015-07-20 21:27:28',6),(48,'Motion of charges in magnetic fields.mp4','Motion of charges in magnetic fields.mp4',21,'Y','2015-07-20 21:27:28',6,'2015-07-20 21:27:28',6),(49,'reflection.mp4','reflection.mp4',21,'Y','2015-07-20 21:27:28',6,'2015-07-20 21:27:28',6),(50,'Topological defect.mp4','Topological defect.mp4',21,'Y','2015-07-20 21:27:28',6,'2015-07-20 21:27:28',6),(51,'Conservation of Energy, Lecture 1.mp4','Conservation of Energy, Lecture 1.mp4',21,'Y','2015-07-20 21:27:28',6,'2015-07-20 21:27:28',6),(52,'Forces and Net Forces, Problem 1.mp4','Forces and Net Forces, Problem 1.mp4',21,'Y','2015-07-20 21:27:28',6,'2015-07-20 21:27:28',6),(53,'Interactions with Gravity, Lecture 3.mp4','Interactions with Gravity, Lecture 3.mp4',21,'Y','2015-07-20 21:27:28',6,'2015-07-20 21:27:28',6),(54,'Momentum, Lecture 3.mp4','Momentum, Lecture 3.mp4',21,'Y','2015-07-20 21:27:28',6,'2015-07-20 21:27:28',6),(55,'Physics and Units, Lecture 2.mp4','Physics and Units, Lecture 2.mp4',21,'Y','2015-07-20 21:27:28',6,'2015-07-20 21:27:28',6),(56,'2. Electromagnetics','2. Electromagnetics',21,'Y','2015-07-20 21:27:28',6,'2015-07-20 21:27:28',6),(57,'Exercise, Resistance in Complicated Circuit, Ex #3 pt 1.mp4','Exercise, Resistance in Complicated Circuit, Ex #3 pt 1.mp4',21,'Y','2015-07-20 21:27:28',6,'2015-07-20 21:27:28',6),(58,'Spring 2014','Spring 2014',21,'Y','2015-07-20 21:27:28',6,'2015-07-20 21:27:28',6),(59,'Distance.mp4','Distance.mp4',21,'Y','2015-07-20 21:27:28',6,'2015-07-20 21:27:28',6),(60,'electrostatics review.mp4','electrostatics review.mp4',21,'Y','2015-07-20 21:27:28',6,'2015-07-20 21:27:28',6),(61,'intro to relativity.mp4','intro to relativity.mp4',21,'Y','2015-07-20 21:27:28',6,'2015-07-20 21:27:28',6),(62,'MagnetismOverview.mp4','MagnetismOverview.mp4',21,'Y','2015-07-20 21:27:28',6,'2015-07-20 21:27:28',6),(63,'Positions_and_Coordinates_Exercises.mp4','Positions_and_Coordinates_Exercises.mp4',21,'Y','2015-07-20 21:27:28',6,'2015-07-20 21:27:28',6),(64,'Speed_and_Velocity_Exercises.mp4','Speed_and_Velocity_Exercises.mp4',21,'Y','2015-07-20 21:27:28',6,'2015-07-20 21:27:28',6),(65,'Waves Review.mp4','Waves Review.mp4',21,'Y','2015-07-20 21:27:28',6,'2015-07-20 21:27:28',6),(66,'Forces and Net Forces, Lecture 1.mp4','Forces and Net Forces, Lecture 1.mp4',21,'Y','2015-07-20 21:27:28',6,'2015-07-20 21:27:28',6),(67,'Frames of Reference, Problem 1.mp4','Frames of Reference, Problem 1.mp4',21,'Y','2015-07-20 21:27:28',6,'2015-07-20 21:27:28',6),(68,'Interactions with Gravity, Problem 4.mp4','Interactions with Gravity, Problem 4.mp4',21,'Y','2015-07-20 21:27:28',6,'2015-07-20 21:27:28',6),(69,'Momentum, Problem 3.mp4','Momentum, Problem 3.mp4',21,'Y','2015-07-20 21:27:28',6,'2015-07-20 21:27:28',6),(70,'Work, Power an Energy, Lecture 3.mp4','Work, Power an Energy, Lecture 3.mp4',21,'Y','2015-07-20 21:27:28',6,'2015-07-20 21:27:28',6),(71,'Exercise, Resistance in a Complicated Circuit, Part 2.mp4','Exercise, Resistance in a Complicated Circuit, Part 2.mp4',21,'Y','2015-07-20 21:27:28',6,'2015-07-20 21:27:28',6),(72,'Intro to Ohms Law, Part 1.mp4','Intro to Ohms Law, Part 1.mp4',21,'Y','2015-07-20 21:27:28',6,'2015-07-20 21:27:28',6),(73,'Dipoles_and_Capacitors.mp4','Dipoles_and_Capacitors.mp4',21,'Y','2015-07-20 21:27:28',6,'2015-07-20 21:27:28',6),(74,'Electric_Potential_Energy.mp4','Electric_Potential_Energy.mp4',21,'Y','2015-07-20 21:27:28',6,'2015-07-20 21:27:28',6),(75,'Generating a magnetic field-magnets.mp4','Generating a magnetic field-magnets.mp4',21,'Y','2015-07-20 21:27:28',6,'2015-07-20 21:27:28',6),(76,'Magnetic forces exercises.mp4','Magnetic forces exercises.mp4',21,'Y','2015-07-20 21:27:28',6,'2015-07-20 21:27:28',6),(77,'Motion_Review.mp4','Motion_Review.mp4',21,'Y','2015-07-20 21:27:28',6,'2015-07-20 21:27:28',6),(78,'relativity review.mp4','relativity review.mp4',21,'Y','2015-07-20 21:27:28',6,'2015-07-20 21:27:28',6),(79,'wave behaviors review.mp4','wave behaviors review.mp4',21,'Y','2015-07-20 21:27:28',6,'2015-07-20 21:27:28',6),(80,'Conservation of Energy, Lecture 3.mp4','Conservation of Energy, Lecture 3.mp4',21,'Y','2015-07-20 21:27:28',6,'2015-07-20 21:27:28',6),(81,'Forces and Net Forces, Problem 3.mp4','Forces and Net Forces, Problem 3.mp4',21,'Y','2015-07-20 21:27:28',6,'2015-07-20 21:27:28',6),(82,'Interactions with Gravity, Problem 1.mp4','Interactions with Gravity, Problem 1.mp4',21,'Y','2015-07-20 21:27:28',6,'2015-07-20 21:27:28',6),(83,'Momentum, Lecture 5.mp4','Momentum, Lecture 5.mp4',21,'Y','2015-07-20 21:27:28',6,'2015-07-20 21:27:28',6),(84,'Problem 1 for Lecture 3, Physics and Units.mp4','Problem 1 for Lecture 3, Physics and Units.mp4',21,'Y','2015-07-20 21:27:28',6,'2015-07-20 21:27:28',6),(85,'Circuits Series and Parallel.mp4','Circuits Series and Parallel.mp4',21,'Y','2015-07-20 21:27:28',6,'2015-07-20 21:27:28',6),(86,'Exercise, Resistors in Series.mp4','Exercise, Resistors in Series.mp4',21,'Y','2015-07-20 21:27:28',6,'2015-07-20 21:27:28',6),(87,'Acceleration.mp4','Acceleration.mp4',21,'Y','2015-07-20 21:27:28',6,'2015-07-20 21:27:28',6),(88,'Electric_Charge.mp4','Electric_Charge.mp4',21,'Y','2015-07-20 21:27:28',6,'2015-07-20 21:27:28',6),(89,'Elementary_Kinematics.mp4','Elementary_Kinematics.mp4',21,'Y','2015-07-20 21:27:28',6,'2015-07-20 21:27:28',6),(90,'law of reflection.mp4','law of reflection.mp4',21,'Y','2015-07-20 21:27:28',6,'2015-07-20 21:27:28',6),(91,'Mechanical Wave.mp4','Mechanical Wave.mp4',21,'Y','2015-07-20 21:27:28',6,'2015-07-20 21:27:28',6),(92,'Reference_Frames.mp4','Reference_Frames.mp4',21,'Y','2015-07-20 21:27:28',6,'2015-07-20 21:27:28',6),(93,'Time.mp4','Time.mp4',21,'Y','2015-07-20 21:27:28',6,'2015-07-20 21:27:28',6),(94,'ap physics (15+)','ap physics (15+)',21,'Y','2015-07-20 21:27:28',6,'2015-07-20 21:27:28',6),(95,'Forces and Net Forces, Lecture 3.mp4','Forces and Net Forces, Lecture 3.mp4',21,'Y','2015-07-20 21:27:28',6,'2015-07-20 21:27:28',6),(96,'Interactions with Gravity, Lecture 2.mp4','Interactions with Gravity, Lecture 2.mp4',21,'Y','2015-07-20 21:27:28',6,'2015-07-20 21:27:28',6),(97,'Momentum, Lecture 1.mp4','Momentum, Lecture 1.mp4',21,'Y','2015-07-20 21:27:28',6,'2015-07-20 21:27:28',6),(98,'Physics and Units, Lecture 1.mp4','Physics and Units, Lecture 1.mp4',21,'Y','2015-07-20 21:27:28',6,'2015-07-20 21:27:28',6),(99,'Work, Power and Energy, Problem 1.mp4','Work, Power and Energy, Problem 1.mp4',21,'Y','2015-07-20 21:27:28',6,'2015-07-20 21:27:28',6),(100,'1. Standard_Model (10)','1. Standard_Model (10)',21,'Y','2015-07-20 21:27:28',6,'2015-07-20 21:27:28',6),(101,'Exercise, Resistance in Complicated Circuit, Ex #2.mp4','Exercise, Resistance in Complicated Circuit, Ex #2.mp4',21,'Y','2015-07-20 21:27:28',6,'2015-07-20 21:27:28',6),(102,'Resistance in Complicated Circuit, pt 2.mp4','Resistance in Complicated Circuit, pt 2.mp4',21,'Y','2015-07-20 21:27:28',6,'2015-07-20 21:27:28',6),(103,'Distance_and_Displacement_Exercises.mp4','Distance_and_Displacement_Exercises.mp4',21,'Y','2015-07-20 21:27:28',6,'2015-07-20 21:27:28',6),(104,'ELectromagnetic Induction.mp4','ELectromagnetic Induction.mp4',21,'Y','2015-07-20 21:27:28',6,'2015-07-20 21:27:28',6),(105,'interference.mp4','interference.mp4',21,'Y','2015-07-20 21:27:28',6,'2015-07-20 21:27:28',6),(106,'Magnetism Review.mp4','Magnetism Review.mp4',21,'Y','2015-07-20 21:27:28',6,'2015-07-20 21:27:28',6),(107,'Position.mp4','Position.mp4',21,'Y','2015-07-20 21:27:28',6,'2015-07-20 21:27:28',6),(108,'spacetime.mp4','spacetime.mp4',21,'Y','2015-07-20 21:27:28',6,'2015-07-20 21:27:28',6),(109,'Wave-Particle Duality.mp4','Wave-Particle Duality.mp4',21,'Y','2015-07-20 21:27:28',6,'2015-07-20 21:27:28',6),(110,'Energy, Work, and Power, Lecture 1.mp4','Energy, Work, and Power, Lecture 1.mp4',21,'Y','2015-07-20 21:27:28',6,'2015-07-20 21:27:28',6),(111,'Frames of Reference, Lecture 2.mp4','Frames of Reference, Lecture 2.mp4',21,'Y','2015-07-20 21:27:28',6,'2015-07-20 21:27:28',6),(112,'Interactions with Gravity, Problem 3.mp4','Interactions with Gravity, Problem 3.mp4',21,'Y','2015-07-20 21:27:28',6,'2015-07-20 21:27:28',6),(113,'Momentum, Problem 2.mp4','Momentum, Problem 2.mp4',21,'Y','2015-07-20 21:27:28',6,'2015-07-20 21:27:28',6),(114,'regular physics (57)','regular physics (57)',21,'Y','2015-07-20 21:27:28',6,'2015-07-20 21:27:28',6),(115,'Current in a Wire, Part 2.mp4','Current in a Wire, Part 2.mp4',21,'Y','2015-07-20 21:27:28',6,'2015-07-20 21:27:28',6),(116,'Intro to DC Circuits, Part 2.mp4','Intro to DC Circuits, Part 2.mp4',21,'Y','2015-07-20 21:27:28',6,'2015-07-20 21:27:28',6),(117,'diffraction.mp4','diffraction.mp4',21,'Y','2015-07-20 21:27:28',6,'2015-07-20 21:27:28',6),(118,'Electric_Fields.mp4','Electric_Fields.mp4',21,'Y','2015-07-20 21:27:28',6,'2015-07-20 21:27:28',6),(119,'generating a magnetic field-current.mp4','generating a magnetic field-current.mp4',21,'Y','2015-07-20 21:27:28',6,'2015-07-20 21:27:28',6),(120,'Magnetic force on a point charge.mp4','Magnetic force on a point charge.mp4',21,'Y','2015-07-20 21:27:28',6,'2015-07-20 21:27:28',6),(121,'Motion_Review_Exercises.mp4','Motion_Review_Exercises.mp4',21,'Y','2015-07-20 21:27:28',6,'2015-07-20 21:27:28',6),(122,'refraction.mp4','refraction.mp4',21,'Y','2015-07-20 21:27:28',6,'2015-07-20 21:27:28',6),(123,'universal speed limit.mp4','universal speed limit.mp4',21,'Y','2015-07-20 21:27:28',6,'2015-07-20 21:27:28',6),(124,'Conservation of Energy, Lecture 2.mp4','Conservation of Energy, Lecture 2.mp4',21,'Y','2015-07-20 21:27:28',6,'2015-07-20 21:27:28',6),(125,'Forces and Net Forces, Problem 2.mp4','Forces and Net Forces, Problem 2.mp4',21,'Y','2015-07-20 21:27:28',6,'2015-07-20 21:27:28',6),(126,'Interactions with Gravity, Lecture 4.mp4','Interactions with Gravity, Lecture 4.mp4',21,'Y','2015-07-20 21:27:28',6,'2015-07-20 21:27:28',6),(127,'Momentum, Lecture 4.mp4','Momentum, Lecture 4.mp4',21,'Y','2015-07-20 21:27:28',6,'2015-07-20 21:27:28',6),(128,'Physics and Units, Lecture 3.mp4','Physics and Units, Lecture 3.mp4',21,'Y','2015-07-20 21:27:28',6,'2015-07-20 21:27:28',6),(129,'','',21,'Y','2015-07-20 21:27:28',6,'2015-07-20 21:27:28',6),(130,'Exercise, Resistors in Parallel.mp4','Exercise, Resistors in Parallel.mp4',21,'Y','2015-07-20 21:27:28',6,'2015-07-20 21:27:28',6),(131,'Acceleration_Exercises.mp4','Acceleration_Exercises.mp4',21,'Y','2015-07-20 21:27:28',6,'2015-07-20 21:27:28',6),(132,'Distributed_Charge.mp4','Distributed_Charge.mp4',21,'Y','2015-07-20 21:27:28',6,'2015-07-20 21:27:28',6),(133,'ELectrostatics-exercises.mp4','ELectrostatics-exercises.mp4',21,'Y','2015-07-20 21:27:28',6,'2015-07-20 21:27:28',6),(134,'Kinematics_Exercises.mp4','Kinematics_Exercises.mp4',21,'Y','2015-07-20 21:27:28',6,'2015-07-20 21:27:28',6),(135,'mass-energy.mp4','mass-energy.mp4',21,'Y','2015-07-20 21:27:28',6,'2015-07-20 21:27:28',6),(136,'postulate 2 special relativity.mp4','postulate 2 special relativity.mp4',21,'Y','2015-07-20 21:27:28',6,'2015-07-20 21:27:28',6),(137,'Speed_and_Velocity.mp4','Speed_and_Velocity.mp4',21,'Y','2015-07-20 21:27:28',6,'2015-07-20 21:27:28',6),(138,'Waves.mp4','Waves.mp4',21,'Y','2015-07-20 21:27:28',6,'2015-07-20 21:27:28',6),(139,'Forces and Net Forces, Lecture 2.mp4','Forces and Net Forces, Lecture 2.mp4',21,'Y','2015-07-20 21:27:28',6,'2015-07-20 21:27:28',6),(140,'Interactions with Gravity, Lecture 1.mp4','Interactions with Gravity, Lecture 1.mp4',21,'Y','2015-07-20 21:27:28',6,'2015-07-20 21:27:28',6),(141,'Momentum Lecture 2.mp4','Momentum Lecture 2.mp4',21,'Y','2015-07-20 21:27:28',6,'2015-07-20 21:27:28',6),(142,'Momentum, Problem 4.mp4','Momentum, Problem 4.mp4',21,'Y','2015-07-20 21:27:28',6,'2015-07-20 21:27:28',6),(143,'Work, Power and Energy, Lecture 2.mp4','Work, Power and Energy, Lecture 2.mp4',21,'Y','2015-07-20 21:27:28',6,'2015-07-20 21:27:28',6),(144,'1. Mechanics','1. Mechanics',21,'Y','2015-07-20 21:27:28',6,'2015-07-20 21:27:28',6),(145,'Exercise, Resistance in Complicated Circuit, Ex #1.mp4','Exercise, Resistance in Complicated Circuit, Ex #1.mp4',21,'Y','2015-07-20 21:27:28',6,'2015-07-20 21:27:28',6),(146,'Old files','Old files',21,'Y','2015-07-20 21:27:28',6,'2015-07-20 21:27:28',6),(147,'Displacement.mp4','Displacement.mp4',21,'Y','2015-07-20 21:27:28',6,'2015-07-20 21:27:28',6),(148,'Electric_Potential.mp4','Electric_Potential.mp4',21,'Y','2015-07-20 21:27:28',6,'2015-07-20 21:27:28',6),(149,'Inertial_Reference_Frames.mp4','Inertial_Reference_Frames.mp4',21,'Y','2015-07-20 21:27:28',6,'2015-07-20 21:27:28',6),(150,'MagneticFieldOverview.mp4','MagneticFieldOverview.mp4',21,'Y','2015-07-20 21:27:28',6,'2015-07-20 21:27:28',6),(151,'Motion.mp4','Motion.mp4',21,'Y','2015-07-20 21:27:28',6,'2015-07-20 21:27:28',6),(152,'Sound Waves.mp4','Sound Waves.mp4',21,'Y','2015-07-20 21:27:28',6,'2015-07-20 21:27:28',6),(153,'Wave Equation.mp4','Wave Equation.mp4',21,'Y','2015-07-20 21:27:28',6,'2015-07-20 21:27:28',6),(154,'Conservation of Energy, Lecture 4.mp4','Conservation of Energy, Lecture 4.mp4',21,'Y','2015-07-20 21:27:28',6,'2015-07-20 21:27:28',6),(155,'Frames of Reference, Lecture 1.mp4','Frames of Reference, Lecture 1.mp4',21,'Y','2015-07-20 21:27:28',6,'2015-07-20 21:27:28',6),(156,'Interactions with Gravity, Problem 2.mp4','Interactions with Gravity, Problem 2.mp4',21,'Y','2015-07-20 21:27:28',6,'2015-07-20 21:27:28',6),(157,'Momentum, Problem 1.mp4','Momentum, Problem 1.mp4',21,'Y','2015-07-20 21:27:28',6,'2015-07-20 21:27:28',6),(158,'Problem 2 for Lecture 3 of, Physics and Units.mp4','Problem 2 for Lecture 3 of, Physics and Units.mp4',21,'Y','2015-07-20 21:27:28',6,'2015-07-20 21:27:28',6),(159,'Phospholipid Bilayers (worked example).mp4','Phospholipid Bilayers (worked example).mp4',5,'Y','2015-07-20 21:27:32',6,'2015-07-20 21:27:32',6),(160,'Membrane Proteins (worked example).mp4','Membrane Proteins (worked example).mp4',5,'Y','2015-07-20 21:27:32',6,'2015-07-20 21:27:32',6),(161,'Cell Nucleus (worked example).mp4','Cell Nucleus (worked example).mp4',5,'Y','2015-07-20 21:27:32',6,'2015-07-20 21:27:32',6),(162,'Viruses (worked example 1).mp4','Viruses (worked example 1).mp4',5,'Y','2015-07-20 21:27:32',6,'2015-07-20 21:27:32',6),(163,'Other Cell Organelles (worked example).mp4','Other Cell Organelles (worked example).mp4',5,'Y','2015-07-20 21:27:32',6,'2015-07-20 21:27:32',6),(164,'Human Chromosomes & Genes (worked example).mp4','Human Chromosomes & Genes (worked example).mp4',5,'Y','2015-07-20 21:27:32',6,'2015-07-20 21:27:32',6),(165,'Ribosomes & Mitochondria (worked example).mp4','Ribosomes & Mitochondria (worked example).mp4',5,'Y','2015-07-20 21:27:32',6,'2015-07-20 21:27:32',6),(166,'Organelles (worked example).mp4','Organelles (worked example).mp4',5,'Y','2015-07-20 21:27:32',6,'2015-07-20 21:27:32',6),(167,'Common Parts of a Cell (worked example).mp4','Common Parts of a Cell (worked example).mp4',5,'Y','2015-07-20 21:27:32',6,'2015-07-20 21:27:32',6),(168,'Viruses (worked example 2).mp4','Viruses (worked example 2).mp4',5,'Y','2015-07-20 21:27:32',6,'2015-07-20 21:27:32',6),(169,'Fungi Reproduction.mp4','Fungi Reproduction.mp4',6,'Y','2015-07-20 21:27:32',6,'2015-07-20 21:27:32',6),(170,'Evolution of Eukaryotes.mp4','Evolution of Eukaryotes.mp4',6,'Y','2015-07-20 21:27:32',6,'2015-07-20 21:27:32',6),(171,'Origin of Species.mp4','Origin of Species.mp4',6,'Y','2015-07-20 21:27:32',6,'2015-07-20 21:27:32',6),(172,'History of Life.mp4','History of Life.mp4',6,'Y','2015-07-20 21:27:32',6,'2015-07-20 21:27:32',6),(173,'First Organic Molecules.mp4','First Organic Molecules.mp4',6,'Y','2015-07-20 21:27:32',6,'2015-07-20 21:27:32',6),(174,'Evidence for Evolution.mp4','Evidence for Evolution.mp4',6,'Y','2015-07-20 21:27:32',6,'2015-07-20 21:27:32',6),(175,'Linnaean Classification.mp4','Linnaean Classification.mp4',6,'Y','2015-07-20 21:27:32',6,'2015-07-20 21:27:32',6),(176,'Fungi.mp4','Fungi.mp4',6,'Y','2015-07-20 21:27:32',6,'2015-07-20 21:27:32',6),(177,'First Cells.mp4','First Cells.mp4',6,'Y','2015-07-20 21:27:32',6,'2015-07-20 21:27:32',6),(178,'Phylogenetic Classification.mp4','Phylogenetic Classification.mp4',6,'Y','2015-07-20 21:27:32',6,'2015-07-20 21:27:32',6),(179,'How Earth Formed.mp4','How Earth Formed.mp4',6,'Y','2015-07-20 21:27:32',6,'2015-07-20 21:27:32',6),(180,'Evolution of Eukaryotes (worked example).mp4','Evolution of Eukaryotes (worked example).mp4',7,'Y','2015-07-20 21:27:32',6,'2015-07-20 21:27:32',6),(181,'Phylogenetic & Linnaean Classification  (worked example).mp4','Phylogenetic & Linnaean Classification  (worked example).mp4',7,'Y','2015-07-20 21:27:32',6,'2015-07-20 21:27:32',6),(182,'History of Life (worked example).mp4','History of Life (worked example).mp4',7,'Y','2015-07-20 21:27:32',6,'2015-07-20 21:27:32',6),(183,'First Organic Molecules (worked example).mp4','First Organic Molecules (worked example).mp4',7,'Y','2015-07-20 21:27:32',6,'2015-07-20 21:27:32',6),(184,'Evidence for Evolution (worked example).mp4','Evidence for Evolution (worked example).mp4',7,'Y','2015-07-20 21:27:32',6,'2015-07-20 21:27:32',6),(185,'Origin of Species (worked example).mp4','Origin of Species (worked example).mp4',7,'Y','2015-07-20 21:27:32',6,'2015-07-20 21:27:32',6),(186,'Fungi Reproduction (worked example).mp4','Fungi Reproduction (worked example).mp4',7,'Y','2015-07-20 21:27:32',6,'2015-07-20 21:27:32',6),(187,'First Cells (worked example).mp4','First Cells (worked example).mp4',7,'Y','2015-07-20 21:27:32',6,'2015-07-20 21:27:32',6),(188,'How Earth Formed (worked example).mp4','How Earth Formed (worked example).mp4',7,'Y','2015-07-20 21:27:32',6,'2015-07-20 21:27:32',6),(189,'Fungi (worked example).mp4','Fungi (worked example).mp4',7,'Y','2015-07-20 21:27:32',6,'2015-07-20 21:27:32',6),(190,'7.5 Bulk Transport.mp4','7.5 Bulk Transport.mp4',8,'Y','2015-07-20 21:27:32',6,'2015-07-20 21:27:32',6),(191,'11.5 apoptosis pt 1.mp4','11.5 apoptosis pt 1.mp4',8,'Y','2015-07-20 21:27:32',6,'2015-07-20 21:27:32',6),(192,'11.3 transduction pt 2 (worked solution).mp4','11.3 transduction pt 2 (worked solution).mp4',8,'Y','2015-07-20 21:27:32',6,'2015-07-20 21:27:32',6),(193,'7.1 fluid mosaic model pt 2.mp4','7.1 fluid mosaic model pt 2.mp4',8,'Y','2015-07-20 21:27:32',6,'2015-07-20 21:27:32',6),(194,'12.1 cell cycle overview.mp4','12.1 cell cycle overview.mp4',8,'Y','2015-07-20 21:27:32',6,'2015-07-20 21:27:32',6),(195,'11.4 Response pt 2.mp4','11.4 Response pt 2.mp4',8,'Y','2015-07-20 21:27:32',6,'2015-07-20 21:27:32',6),(196,'8.1 Laws of Thermodynamics.mp4','8.1 Laws of Thermodynamics.mp4',8,'Y','2015-07-20 21:27:32',6,'2015-07-20 21:27:32',6),(197,'7.1 fluid mosaic model pt 1.mp4','7.1 fluid mosaic model pt 1.mp4',8,'Y','2015-07-20 21:27:32',6,'2015-07-20 21:27:32',6),(198,'11.5 apoptosis pt 2.mp4','11.5 apoptosis pt 2.mp4',8,'Y','2015-07-20 21:27:32',6,'2015-07-20 21:27:32',6),(199,'11.4 Response pt 1.mp4','11.4 Response pt 1.mp4',8,'Y','2015-07-20 21:27:32',6,'2015-07-20 21:27:32',6),(200,'Carbohydrates (worked example).mp4','Carbohydrates (worked example).mp4',9,'Y','2015-07-20 21:27:32',6,'2015-07-20 21:27:32',6),(201,'Ribosomes & Mitochondria.mp4','Ribosomes & Mitochondria.mp4',9,'Y','2015-07-20 21:27:32',6,'2015-07-20 21:27:32',6),(202,'Other Cell Organelles.mp4','Other Cell Organelles.mp4',9,'Y','2015-07-20 21:27:32',6,'2015-07-20 21:27:32',6),(203,'Membrane Proteins.mp4','Membrane Proteins.mp4',9,'Y','2015-07-20 21:27:32',6,'2015-07-20 21:27:32',6),(204,'Plant Cell Structures (worked example).mp4','Plant Cell Structures (worked example).mp4',9,'Y','2015-07-20 21:27:32',6,'2015-07-20 21:27:32',6),(205,'Organelles.mp4','Organelles.mp4',9,'Y','2015-07-20 21:27:32',6,'2015-07-20 21:27:32',6),(206,'Cytoplasm & Cytoskeleton (worked example).mp4','Cytoplasm & Cytoskeleton (worked example).mp4',9,'Y','2015-07-20 21:27:32',6,'2015-07-20 21:27:32',6),(207,'Viruses.mp4','Viruses.mp4',9,'Y','2015-07-20 21:27:32',6,'2015-07-20 21:27:32',6),(208,'Phospholipid Bilayers.mp4','Phospholipid Bilayers.mp4',9,'Y','2015-07-20 21:27:32',6,'2015-07-20 21:27:32',6),(209,'Nucleic Acids (worked example).mp4','Nucleic Acids (worked example).mp4',9,'Y','2015-07-20 21:27:32',6,'2015-07-20 21:27:32',6),(210,'Social Behavior of Animals.mp4','Social Behavior of Animals.mp4',10,'Y','2015-07-20 21:27:32',6,'2015-07-20 21:27:32',6),(211,'Mutation Causes (worked example).mp4','Mutation Causes (worked example).mp4',10,'Y','2015-07-20 21:27:32',6,'2015-07-20 21:27:32',6),(212,'Evolution of Animal Behavior.mp4','Evolution of Animal Behavior.mp4',10,'Y','2015-07-20 21:27:32',6,'2015-07-20 21:27:32',6),(213,'Reproductive Behavior of Animals.mp4','Reproductive Behavior of Animals.mp4',10,'Y','2015-07-20 21:27:32',6,'2015-07-20 21:27:32',6),(214,'Learned Behavior of Animals.mp4','Learned Behavior of Animals.mp4',10,'Y','2015-07-20 21:27:32',6,'2015-07-20 21:27:32',6),(215,'Cyclic Behavior of Animals.mp4','Cyclic Behavior of Animals.mp4',10,'Y','2015-07-20 21:27:32',6,'2015-07-20 21:27:32',6),(216,'Mutation Effects (worked example).mp4','Mutation Effects (worked example).mp4',10,'Y','2015-07-20 21:27:32',6,'2015-07-20 21:27:32',6),(217,'Innate Behavior of Animals.mp4','Innate Behavior of Animals.mp4',10,'Y','2015-07-20 21:27:32',6,'2015-07-20 21:27:32',6),(218,'Plant Growth.mp4','Plant Growth.mp4',11,'Y','2015-07-20 21:27:32',6,'2015-07-20 21:27:32',6),(219,'Vertebrate Characteristics.mp4','Vertebrate Characteristics.mp4',11,'Y','2015-07-20 21:27:32',6,'2015-07-20 21:27:32',6),(220,'Leaves.mp4','Leaves.mp4',11,'Y','2015-07-20 21:27:32',6,'2015-07-20 21:27:32',6),(221,'Sponges.mp4','Sponges.mp4',11,'Y','2015-07-20 21:27:32',6,'2015-07-20 21:27:32',6),(222,'Competition.mp4','Competition.mp4',11,'Y','2015-07-20 21:27:32',6,'2015-07-20 21:27:32',6),(223,'Renewable and Nonrenewable Resources.mp4','Renewable and Nonrenewable Resources.mp4',11,'Y','2015-07-20 21:27:32',6,'2015-07-20 21:27:32',6),(224,'Vertebrate Evolution.mp4','Vertebrate Evolution.mp4',11,'Y','2015-07-20 21:27:32',6,'2015-07-20 21:27:32',6),(225,'Mammal Classification.mp4','Mammal Classification.mp4',11,'Y','2015-07-20 21:27:32',6,'2015-07-20 21:27:32',6),(226,'Symbiosis.mp4','Symbiosis.mp4',11,'Y','2015-07-20 21:27:32',6,'2015-07-20 21:27:32',6),(227,'Invertebrates.mp4','Invertebrates.mp4',11,'Y','2015-07-20 21:27:32',6,'2015-07-20 21:27:32',6),(228,'Sponges (worked example).mp4','Sponges (worked example).mp4',11,'Y','2015-07-20 21:27:32',6,'2015-07-20 21:27:32',6),(229,'Biodiversity.mp4','Biodiversity.mp4',11,'Y','2015-07-20 21:27:32',6,'2015-07-20 21:27:32',6),(230,'Predation.mp4','Predation.mp4',11,'Y','2015-07-20 21:27:32',6,'2015-07-20 21:27:32',6),(231,'Vertebrate Classification.mp4','Vertebrate Classification.mp4',11,'Y','2015-07-20 21:27:32',6,'2015-07-20 21:27:32',6),(232,'Mammal Classification (worked example).mp4','Mammal Classification (worked example).mp4',11,'Y','2015-07-20 21:27:32',6,'2015-07-20 21:27:32',6),(233,'Stems.mp4','Stems.mp4',11,'Y','2015-07-20 21:27:32',6,'2015-07-20 21:27:32',6),(234,'Importance of Biodiversity.mp4','Importance of Biodiversity.mp4',11,'Y','2015-07-20 21:27:32',6,'2015-07-20 21:27:32',6),(235,'Roots.mp4','Roots.mp4',11,'Y','2015-07-20 21:27:32',6,'2015-07-20 21:27:32',6),(236,'Leaves (worked example).mp4','Leaves (worked example).mp4',12,'Y','2015-07-20 21:27:32',6,'2015-07-20 21:27:32',6),(237,'Renwable & Nonrenewable Resources (worked example).mp4','Renwable & Nonrenewable Resources (worked example).mp4',12,'Y','2015-07-20 21:27:32',6,'2015-07-20 21:27:32',6),(238,'Competition (worked example).mp4','Competition (worked example).mp4',12,'Y','2015-07-20 21:27:32',6,'2015-07-20 21:27:32',6),(239,'Plant Growth (worked example).mp4','Plant Growth (worked example).mp4',12,'Y','2015-07-20 21:27:32',6,'2015-07-20 21:27:32',6),(240,'Biodiversity (worked example).mp4','Biodiversity (worked example).mp4',12,'Y','2015-07-20 21:27:32',6,'2015-07-20 21:27:32',6),(241,'Receptors (worked solution pt 2).mp4','Receptors (worked solution pt 2).mp4',13,'Y','2015-07-20 21:27:32',6,'2015-07-20 21:27:32',6),(242,'Receptors (pt 2).mp4','Receptors (pt 2).mp4',13,'Y','2015-07-20 21:27:32',6,'2015-07-20 21:27:32',6),(243,'Receptors (pt 1).mp4','Receptors (pt 1).mp4',13,'Y','2015-07-20 21:27:32',6,'2015-07-20 21:27:32',6),(244,'Transduction Kinase Cascades (pt 2).mp4','Transduction Kinase Cascades (pt 2).mp4',14,'Y','2015-07-20 21:27:32',6,'2015-07-20 21:27:32',6),(245,'Cell signalling overview (pt 2).mp4','Cell signalling overview (pt 2).mp4',14,'Y','2015-07-20 21:27:32',6,'2015-07-20 21:27:32',6),(246,'Transduction Kinase Cascades (worked solution pt 2).mp4','Transduction Kinase Cascades (worked solution pt 2).mp4',14,'Y','2015-07-20 21:27:32',6,'2015-07-20 21:27:32',6),(247,'Transduction Kinase Cascades (pt 1).mp4','Transduction Kinase Cascades (pt 1).mp4',14,'Y','2015-07-20 21:27:32',6,'2015-07-20 21:27:32',6),(248,'Cell signalling overview (pt 1).mp4','Cell signalling overview (pt 1).mp4',14,'Y','2015-07-20 21:27:32',6,'2015-07-20 21:27:32',6),(249,'Transduction Kinase Cascades (worked solution pt 1).mp4','Transduction Kinase Cascades (worked solution pt 1).mp4',14,'Y','2015-07-20 21:27:32',6,'2015-07-20 21:27:32',6),(250,'Cell signalling overview (worked solution pt 1).mp4','Cell signalling overview (worked solution pt 1).mp4',14,'Y','2015-07-20 21:27:32',6,'2015-07-20 21:27:32',6),(251,'Four emergent properties of water (pt 2).mp4','Four emergent properties of water (pt 2).mp4',15,'Y','2015-07-20 21:27:32',6,'2015-07-20 21:27:32',6),(252,'Water and polar covalent bonds.mp4','Water and polar covalent bonds.mp4',15,'Y','2015-07-20 21:27:32',6,'2015-07-20 21:27:32',6),(253,'Four emergent properties of water (worked solution pt 1).mp4','Four emergent properties of water (worked solution pt 1).mp4',15,'Y','2015-07-20 21:27:32',6,'2015-07-20 21:27:32',6),(254,'Water and polar covalent bonds (worked solution).mp4','Water and polar covalent bonds (worked solution).mp4',15,'Y','2015-07-20 21:27:32',6,'2015-07-20 21:27:32',6),(255,'Four emergent properties of water (pt. 1).mp4','Four emergent properties of water (pt. 1).mp4',15,'Y','2015-07-20 21:27:32',6,'2015-07-20 21:27:32',6),(256,'Four emergent properties of water (worked solution pt 2).mp4','Four emergent properties of water (worked solution pt 2).mp4',15,'Y','2015-07-20 21:27:32',6,'2015-07-20 21:27:32',6),(257,'3. Cell Biology','3. Cell Biology',16,'Y','2015-07-20 21:27:32',6,'2015-07-20 21:27:32',6),(258,'2. Chemistry of Life','2. Chemistry of Life',16,'Y','2015-07-20 21:27:32',6,'2015-07-20 21:27:32',6),(259,'1. General Themes','1. General Themes',16,'Y','2015-07-20 21:27:32',6,'2015-07-20 21:27:32',6);
/*!40000 ALTER TABLE `Sib_Sub_Topic` ENABLE KEYS */;
UNLOCK TABLES;

--
-- Table structure for table `Sib_Subject`
--

DROP TABLE IF EXISTS `Sib_Subject`;
/*!40101 SET @saved_cs_client     = @@character_set_client */;
/*!40101 SET character_set_client = utf8 */;
CREATE TABLE `Sib_Subject` (
  `subjectId` int(11) NOT NULL AUTO_INCREMENT,
  `subject` varchar(100) NOT NULL,
  `description` varchar(250) DEFAULT NULL,
  `active` char(1) DEFAULT NULL,
  `creationDate` timestamp NULL DEFAULT CURRENT_TIMESTAMP ON UPDATE CURRENT_TIMESTAMP,
  `createdBy` int(11) DEFAULT NULL,
  `lastUpdateDate` timestamp NULL DEFAULT NULL,
  `lastUpdatedBy` int(11) DEFAULT NULL,
  `image` varchar(2000) DEFAULT NULL,
  PRIMARY KEY (`subjectId`),
  UNIQUE KEY `sib_subject_u` (`subject`)
) ENGINE=InnoDB AUTO_INCREMENT=6 DEFAULT CHARSET=latin1;
/*!40101 SET character_set_client = @saved_cs_client */;

--
-- Dumping data for table `Sib_Subject`
--

LOCK TABLES `Sib_Subject` WRITE;
/*!40000 ALTER TABLE `Sib_Subject` DISABLE KEYS */;
INSERT INTO `Sib_Subject` VALUES (2,'Mathematics','Algebra, Geometry, Calculus, Statistics, ...','Y','2015-07-20 09:02:08',1,'2015-03-08 05:00:00',1,'assets/img/siblinks_math.jpg'),(3,'Chemistry','AP Chemistry and General Chemistry','Y','2015-07-20 09:01:14',1,NULL,NULL,'assets/img/siblinks_chemistry.jpg'),(4,'Physics','AP Physics and General Physics','Y','2015-07-20 09:01:54',1,NULL,NULL,'assets/img/siblinks_physics.jpg'),(5,'Biology','AP Biology and Introductory Biology','Y','2015-07-20 17:21:24',1,NULL,NULL,'assets/img/siblinks_biology.jpg');
/*!40000 ALTER TABLE `Sib_Subject` ENABLE KEYS */;
UNLOCK TABLES;

--
-- Table structure for table `Sib_Terms`
--

DROP TABLE IF EXISTS `Sib_Terms`;
/*!40101 SET @saved_cs_client     = @@character_set_client */;
/*!40101 SET character_set_client = utf8 */;
CREATE TABLE `Sib_Terms` (
  `termsId` int(11) NOT NULL AUTO_INCREMENT,
  `terms` varchar(65525) NOT NULL,
  PRIMARY KEY (`termsId`)
) ENGINE=InnoDB DEFAULT CHARSET=latin1;
/*!40101 SET character_set_client = @saved_cs_client */;

--
-- Dumping data for table `Sib_Terms`
--

LOCK TABLES `Sib_Terms` WRITE;
/*!40000 ALTER TABLE `Sib_Terms` DISABLE KEYS */;
/*!40000 ALTER TABLE `Sib_Terms` ENABLE KEYS */;
UNLOCK TABLES;

--
-- Table structure for table `Sib_Topic`
--

DROP TABLE IF EXISTS `Sib_Topic`;
/*!40101 SET @saved_cs_client     = @@character_set_client */;
/*!40101 SET character_set_client = utf8 */;
CREATE TABLE `Sib_Topic` (
  `topicId` int(11) NOT NULL AUTO_INCREMENT,
  `topic` varchar(500) NOT NULL,
  `description` varchar(2000) DEFAULT NULL,
  `subjectId` int(11) DEFAULT NULL,
  `active` char(1) DEFAULT 'Y',
  `creationDate` timestamp NULL DEFAULT CURRENT_TIMESTAMP,
  `createdBy` int(11) DEFAULT NULL,
  `lastUpdateDate` timestamp NULL DEFAULT NULL,
  `lastUupdatedBy` int(11) DEFAULT NULL,
  `image` varchar(2000) DEFAULT NULL,
  PRIMARY KEY (`topicId`),
  UNIQUE KEY `Sib_topic_u` (`topic`),
  KEY `Sib_Topic_fk` (`subjectId`),
  FULLTEXT KEY `topicName` (`topic`)
) ENGINE=MyISAM AUTO_INCREMENT=22 DEFAULT CHARSET=latin1;
/*!40101 SET character_set_client = @saved_cs_client */;

--
-- Dumping data for table `Sib_Topic`
--

LOCK TABLES `Sib_Topic` WRITE;
/*!40000 ALTER TABLE `Sib_Topic` DISABLE KEYS */;
INSERT INTO `Sib_Topic` VALUES (17,'Algebra 1','Algebra 1',2,'Y','2015-07-20 21:19:47',6,'2015-07-20 21:19:47',6,NULL),(18,'Algebra 2','Algebra 2',2,'Y','2015-07-20 21:19:47',6,'2015-07-20 21:19:47',6,NULL),(20,'General Chemistry','General Chemistry',3,'Y','2015-07-20 21:20:18',6,'2015-07-20 21:20:18',6,NULL),(6,'1.20-1.26','1.20-1.26',5,'Y','2015-07-20 20:26:12',6,'2015-07-20 20:26:12',6,NULL),(21,'General Physics','General Physics',4,'Y','2015-07-20 21:20:37',6,'2015-07-20 21:20:37',6,NULL),(5,'1.13-1.19','1.13-1.19',5,'Y','2015-07-20 20:26:12',6,'2015-07-20 20:26:12',6,NULL),(7,'1.27-2.2','1.27-2.2',5,'Y','2015-07-20 20:26:12',6,'2015-07-20 20:26:12',6,NULL),(8,'1.5-1.11','1.5-1.11',5,'Y','2015-07-20 20:26:12',6,'2015-07-20 20:26:12',6,NULL),(9,'1.6-1.12','1.6-1.12',5,'Y','2015-07-20 20:26:12',6,'2015-07-20 20:26:12',6,NULL),(10,'2.10-2.16','2.10-2.16',5,'Y','2015-07-20 20:26:12',6,'2015-07-20 20:26:12',6,NULL),(11,'3.24-3.30','3.24-3.30',5,'Y','2015-07-20 20:26:12',6,'2015-07-20 20:26:12',6,NULL),(12,'6.2-6.8','6.2-6.8',5,'Y','2015-07-20 20:26:12',6,'2015-07-20 20:26:12',6,NULL),(13,'8.11-8.17','8.11-8.17',5,'Y','2015-07-20 20:26:12',6,'2015-07-20 20:26:12',6,NULL),(14,'8.25-8.31','8.25-8.31',5,'Y','2015-07-20 20:26:12',6,'2015-07-20 20:26:12',6,NULL),(15,'8.4-8.10','8.4-8.10',5,'Y','2015-07-20 20:26:12',6,'2015-07-20 20:26:12',6,NULL),(16,'ap biology','ap biology',5,'Y','2015-07-20 20:26:12',6,'2015-07-20 20:26:12',6,NULL),(19,'Calculus','Calculus',2,'Y','2015-07-20 21:19:47',6,'2015-07-20 21:19:47',6,NULL);
/*!40000 ALTER TABLE `Sib_Topic` ENABLE KEYS */;
UNLOCK TABLES;

--
-- Table structure for table `Sib_User_Activity`
--

DROP TABLE IF EXISTS `Sib_User_Activity`;
/*!40101 SET @saved_cs_client     = @@character_set_client */;
/*!40101 SET character_set_client = utf8 */;
CREATE TABLE `Sib_User_Activity` (
  `userId` int(11) NOT NULL,
  `activityId` int(11) NOT NULL,
  PRIMARY KEY (`userId`,`activityId`)
) ENGINE=InnoDB DEFAULT CHARSET=latin1;
/*!40101 SET character_set_client = @saved_cs_client */;

--
-- Dumping data for table `Sib_User_Activity`
--

LOCK TABLES `Sib_User_Activity` WRITE;
/*!40000 ALTER TABLE `Sib_User_Activity` DISABLE KEYS */;
/*!40000 ALTER TABLE `Sib_User_Activity` ENABLE KEYS */;
UNLOCK TABLES;

--
-- Table structure for table `Sib_User_Major`
--

DROP TABLE IF EXISTS `Sib_User_Major`;
/*!40101 SET @saved_cs_client     = @@character_set_client */;
/*!40101 SET character_set_client = utf8 */;
CREATE TABLE `Sib_User_Major` (
  `userId` int(11) NOT NULL,
  `majorId` int(11) NOT NULL,
  PRIMARY KEY (`userId`,`majorId`)
) ENGINE=InnoDB DEFAULT CHARSET=latin1;
/*!40101 SET character_set_client = @saved_cs_client */;

--
-- Dumping data for table `Sib_User_Major`
--

LOCK TABLES `Sib_User_Major` WRITE;
/*!40000 ALTER TABLE `Sib_User_Major` DISABLE KEYS */;
/*!40000 ALTER TABLE `Sib_User_Major` ENABLE KEYS */;
UNLOCK TABLES;

--
-- Table structure for table `Sib_User_Notes`
--

DROP TABLE IF EXISTS `Sib_User_Notes`;
/*!40101 SET @saved_cs_client     = @@character_set_client */;
/*!40101 SET character_set_client = utf8 */;
CREATE TABLE `Sib_User_Notes` (
  `studentId` int(11) NOT NULL,
  `mentorId` int(11) NOT NULL,
  `note` varchar(4000) NOT NULL,
  `id` int(11) NOT NULL AUTO_INCREMENT,
  `creationDate` timestamp NULL DEFAULT CURRENT_TIMESTAMP,
  PRIMARY KEY (`id`)
) ENGINE=InnoDB AUTO_INCREMENT=3 DEFAULT CHARSET=latin1;
/*!40101 SET character_set_client = @saved_cs_client */;

--
-- Dumping data for table `Sib_User_Notes`
--

LOCK TABLES `Sib_User_Notes` WRITE;
/*!40000 ALTER TABLE `Sib_User_Notes` DISABLE KEYS */;
/*!40000 ALTER TABLE `Sib_User_Notes` ENABLE KEYS */;
UNLOCK TABLES;

--
-- Table structure for table `Sib_User_Topic`
--

DROP TABLE IF EXISTS `Sib_User_Topic`;
/*!40101 SET @saved_cs_client     = @@character_set_client */;
/*!40101 SET character_set_client = utf8 */;
CREATE TABLE `Sib_User_Topic` (
  `userId` int(11) NOT NULL,
  `topicId` int(11) NOT NULL,
  PRIMARY KEY (`userId`,`topicId`)
) ENGINE=InnoDB DEFAULT CHARSET=latin1;
/*!40101 SET character_set_client = @saved_cs_client */;

--
-- Dumping data for table `Sib_User_Topic`
--

LOCK TABLES `Sib_User_Topic` WRITE;
/*!40000 ALTER TABLE `Sib_User_Topic` DISABLE KEYS */;
/*!40000 ALTER TABLE `Sib_User_Topic` ENABLE KEYS */;
UNLOCK TABLES;

--
-- Table structure for table `Sib_User_Watch_Video`
--

DROP TABLE IF EXISTS `Sib_User_Watch_Video`;
/*!40101 SET @saved_cs_client     = @@character_set_client */;
/*!40101 SET character_set_client = utf8 */;
CREATE TABLE `Sib_User_Watch_Video` (
  `uid` int(11) DEFAULT NULL,
  `vid` int(11) DEFAULT NULL,
  `timestamp` datetime DEFAULT NULL
) ENGINE=InnoDB DEFAULT CHARSET=latin1;
/*!40101 SET character_set_client = @saved_cs_client */;

--
-- Dumping data for table `Sib_User_Watch_Video`
--

LOCK TABLES `Sib_User_Watch_Video` WRITE;
/*!40000 ALTER TABLE `Sib_User_Watch_Video` DISABLE KEYS */;
/*!40000 ALTER TABLE `Sib_User_Watch_Video` ENABLE KEYS */;
UNLOCK TABLES;

--
-- Table structure for table `Sib_Users`
--

DROP TABLE IF EXISTS `Sib_Users`;
/*!40101 SET @saved_cs_client     = @@character_set_client */;
/*!40101 SET character_set_client = utf8 */;
CREATE TABLE `Sib_Users` (
  `userid` int(11) NOT NULL AUTO_INCREMENT,
  `userName` varchar(130) NOT NULL,
  `password` varchar(30) DEFAULT NULL,
  `userType` varchar(10) DEFAULT 'S',
  `firstName` varchar(50) DEFAULT NULL,
  `lastName` varchar(50) DEFAULT NULL,
  `imageUrl` varchar(130) DEFAULT NULL,
  `school` varchar(100) DEFAULT NULL,
  `currentClass` varchar(50) DEFAULT NULL,
  `accomplishments` varchar(1024) DEFAULT NULL,
  `subjects` varchar(30) DEFAULT NULL,
  `helpSubjects` varchar(1024) DEFAULT NULL,
  `bio` varchar(1024) DEFAULT NULL,
  `registrationTime` timestamp NOT NULL DEFAULT CURRENT_TIMESTAMP ON UPDATE CURRENT_TIMESTAMP,
  `lastOnline` timestamp NOT NULL DEFAULT '0000-00-00 00:00:00',
  `defaultSubjectId` varchar(100) DEFAULT NULL,
  `points` int(7) DEFAULT NULL,
  `enableFlag` char(1) DEFAULT 'N',
  `code` varchar(1024) DEFAULT NULL,
  `timeForgot` timestamp NULL DEFAULT '0000-00-00 00:00:00',
  `familyIncome` varchar(1024) DEFAULT NULL,
  `yourDream` varchar(1024) DEFAULT NULL,
  PRIMARY KEY (`userid`)
) ENGINE=InnoDB AUTO_INCREMENT=63 DEFAULT CHARSET=latin1;
/*!40101 SET character_set_client = @saved_cs_client */;

--
-- Dumping data for table `Sib_Users`
--

LOCK TABLES `Sib_Users` WRITE;
/*!40000 ALTER TABLE `Sib_Users` DISABLE KEYS */;
INSERT INTO `Sib_Users` VALUES (6,'siblinks@siblinks.com','1234','A','siblinks','siblinks',NULL,NULL,NULL,NULL,NULL,NULL,NULL,'2015-07-17 06:35:28','0000-00-00 00:00:00',NULL,NULL,'Y',NULL,'0000-00-00 00:00:00',NULL,NULL),(53,'Raja','1234','S','Raja','Seelam',NULL,NULL,NULL,NULL,NULL,NULL,'He is the best student','2015-07-20 04:18:09','2015-07-20 04:17:43','4',NULL,'Y',NULL,'0000-00-00 00:00:00',NULL,NULL),(54,'krishnajpt@yahoo.com','shaolin','A','krishna','karnati',NULL,NULL,NULL,NULL,NULL,NULL,NULL,'2015-03-09 07:24:30','2015-03-09 07:24:30',NULL,NULL,'Y',NULL,'0000-00-00 00:00:00',NULL,NULL),(55,'krkarnat@gmail.com','hyderabad','A','krishna','karnati',NULL,NULL,NULL,NULL,NULL,NULL,NULL,'2015-03-08 21:42:40','2015-03-08 21:42:40',NULL,NULL,'Y',NULL,'0000-00-00 00:00:00',NULL,NULL),(56,'krkarnat@yahoo.com','krishna','A','krishna','karnati',NULL,NULL,NULL,NULL,NULL,NULL,NULL,'2015-03-08 21:08:33','2015-03-08 21:08:33',NULL,NULL,'Y',NULL,'0000-00-00 00:00:00',NULL,NULL),(57,'kk@yahoo.com','santaclara','A','krishna','karnati',NULL,NULL,NULL,NULL,NULL,NULL,NULL,'2015-03-08 23:18:59','2015-03-08 23:18:59',NULL,NULL,'Y',NULL,'0000-00-00 00:00:00',NULL,NULL),(58,'ton@gmail.com','1234','M','Ton','Ngo',NULL,NULL,NULL,NULL,NULL,NULL,NULL,'2015-05-28 21:43:35','2015-05-28 21:43:35','2',NULL,'Y',NULL,'0000-00-00 00:00:00',NULL,NULL),(59,'minhtuev@gmail.com','chon1990','A','Minh','Vo',NULL,NULL,NULL,NULL,NULL,NULL,NULL,'2015-07-20 07:23:50','2015-07-20 07:23:50',NULL,NULL,'Y',NULL,'0000-00-00 00:00:00',NULL,NULL),(60,'jasmine','12345','S',NULL,NULL,NULL,NULL,NULL,NULL,NULL,NULL,NULL,'2015-05-14 18:15:49','2015-05-14 18:15:43','2',NULL,'N',NULL,'0000-00-00 00:00:00',NULL,NULL),(61,'Jasmineh','123','S',NULL,NULL,NULL,NULL,NULL,NULL,NULL,NULL,NULL,'2015-05-31 14:57:35','2015-05-31 14:57:35','2',NULL,'N',NULL,'0000-00-00 00:00:00',NULL,NULL),(62,'hieu@edge-works.net','111111','S',NULL,NULL,NULL,NULL,NULL,NULL,NULL,NULL,NULL,'2015-07-20 07:37:50','2015-07-20 07:37:50','2',NULL,'N',NULL,'0000-00-00 00:00:00',NULL,NULL);
/*!40000 ALTER TABLE `Sib_Users` ENABLE KEYS */;
UNLOCK TABLES;

--
-- Table structure for table `Sib_Video_Comments`
--

DROP TABLE IF EXISTS `Sib_Video_Comments`;
/*!40101 SET @saved_cs_client     = @@character_set_client */;
/*!40101 SET character_set_client = utf8 */;
CREATE TABLE `Sib_Video_Comments` (
  `vid` int(11) DEFAULT NULL,
  `cid` int(11) DEFAULT NULL,
  `status` varchar(45) DEFAULT NULL
) ENGINE=InnoDB DEFAULT CHARSET=latin1;
/*!40101 SET character_set_client = @saved_cs_client */;

--
-- Dumping data for table `Sib_Video_Comments`
--

LOCK TABLES `Sib_Video_Comments` WRITE;
/*!40000 ALTER TABLE `Sib_Video_Comments` DISABLE KEYS */;
INSERT INTO `Sib_Video_Comments` VALUES (1,1,NULL),(1,4,NULL),(1,6,NULL),(1,7,NULL),(3,8,NULL),(1,9,NULL),(1,10,NULL),(26,12,NULL),(26,13,NULL),(74,14,NULL);
/*!40000 ALTER TABLE `Sib_Video_Comments` ENABLE KEYS */;
UNLOCK TABLES;

--
-- Table structure for table `Sib_Video_Like`
--

DROP TABLE IF EXISTS `Sib_Video_Like`;
/*!40101 SET @saved_cs_client     = @@character_set_client */;
/*!40101 SET character_set_client = utf8 */;
CREATE TABLE `Sib_Video_Like` (
  `uid` int(11) DEFAULT NULL,
  `vid` int(11) DEFAULT NULL,
  `likeVideo` char(1) DEFAULT 'Y'
) ENGINE=InnoDB DEFAULT CHARSET=latin1;
/*!40101 SET character_set_client = @saved_cs_client */;

--
-- Dumping data for table `Sib_Video_Like`
--

LOCK TABLES `Sib_Video_Like` WRITE;
/*!40000 ALTER TABLE `Sib_Video_Like` DISABLE KEYS */;
/*!40000 ALTER TABLE `Sib_Video_Like` ENABLE KEYS */;
UNLOCK TABLES;

--
-- Table structure for table `Sib_Video_Notes`
--

DROP TABLE IF EXISTS `Sib_Video_Notes`;
/*!40101 SET @saved_cs_client     = @@character_set_client */;
/*!40101 SET character_set_client = utf8 */;
CREATE TABLE `Sib_Video_Notes` (
  `vid` int(11) NOT NULL,
  `authorId` int(11) NOT NULL,
  `note` varchar(4000) NOT NULL
) ENGINE=InnoDB DEFAULT CHARSET=latin1;
/*!40101 SET character_set_client = @saved_cs_client */;

--
-- Dumping data for table `Sib_Video_Notes`
--

LOCK TABLES `Sib_Video_Notes` WRITE;
/*!40000 ALTER TABLE `Sib_Video_Notes` DISABLE KEYS */;
/*!40000 ALTER TABLE `Sib_Video_Notes` ENABLE KEYS */;
UNLOCK TABLES;

--
-- Table structure for table `Sib_Video_Rating`
--

DROP TABLE IF EXISTS `Sib_Video_Rating`;
/*!40101 SET @saved_cs_client     = @@character_set_client */;
/*!40101 SET character_set_client = utf8 */;
CREATE TABLE `Sib_Video_Rating` (
  `vid` int(11) NOT NULL,
  `uid` int(11) NOT NULL,
  `rating` int(11) NOT NULL,
  UNIQUE KEY `uid_vid_unique_index` (`vid`,`uid`)
) ENGINE=InnoDB DEFAULT CHARSET=latin1;
/*!40101 SET character_set_client = @saved_cs_client */;

--
-- Dumping data for table `Sib_Video_Rating`
--

LOCK TABLES `Sib_Video_Rating` WRITE;
/*!40000 ALTER TABLE `Sib_Video_Rating` DISABLE KEYS */;
INSERT INTO `Sib_Video_Rating` VALUES (1,53,3),(1,61,3),(3,53,4);
/*!40000 ALTER TABLE `Sib_Video_Rating` ENABLE KEYS */;
UNLOCK TABLES;

--
-- Table structure for table `Sib_Video_Tag`
--

DROP TABLE IF EXISTS `Sib_Video_Tag`;
/*!40101 SET @saved_cs_client     = @@character_set_client */;
/*!40101 SET character_set_client = utf8 */;
CREATE TABLE `Sib_Video_Tag` (
  `vid` int(11) DEFAULT NULL,
  `tag` varchar(32) DEFAULT NULL,
  FULLTEXT KEY `Sib_Video_Tag_fix` (`tag`)
) ENGINE=MyISAM DEFAULT CHARSET=latin1;
/*!40101 SET character_set_client = @saved_cs_client */;

--
-- Dumping data for table `Sib_Video_Tag`
--

LOCK TABLES `Sib_Video_Tag` WRITE;
/*!40000 ALTER TABLE `Sib_Video_Tag` DISABLE KEYS */;
INSERT INTO `Sib_Video_Tag` VALUES (1,'Mathematics'),(1,'Algebra 1'),(1,'Chapter 2'),(2,'Mathematics'),(2,'Algebra 1'),(2,''),(3,'Mathematics'),(3,'Algebra 1'),(3,''),(1,'Mathematics'),(1,'Algebra 1'),(1,'Chapter 2');
/*!40000 ALTER TABLE `Sib_Video_Tag` ENABLE KEYS */;
UNLOCK TABLES;

--
-- Table structure for table `Sib_Videos`
--

DROP TABLE IF EXISTS `Sib_Videos`;
/*!40101 SET @saved_cs_client     = @@character_set_client */;
/*!40101 SET character_set_client = utf8 */;
CREATE TABLE `Sib_Videos` (
  `vid` int(11) NOT NULL AUTO_INCREMENT,
  `title` varchar(130) DEFAULT NULL,
  `authorID` int(11) DEFAULT NULL,
  `author` varchar(130) DEFAULT NULL,
  `subject` varchar(130) DEFAULT NULL,
  `topic` varchar(130) DEFAULT NULL,
  `subTopic` varchar(130) DEFAULT NULL,
  `description` varchar(1024) DEFAULT NULL,
  `image` varchar(130) DEFAULT NULL,
  `url` text,
  `runningTime` varchar(50) DEFAULT NULL,
  `numViews` int(11) DEFAULT '0',
  `numRatings` int(11) DEFAULT '0',
  `averageRating` float DEFAULT NULL,
  `numComments` int(11) DEFAULT '0',
  `timeStamp` timestamp NOT NULL DEFAULT CURRENT_TIMESTAMP,
  `videoEnable` char(1) NOT NULL DEFAULT 'Y',
  `numLike` int(11) DEFAULT '0',
  `topicId` int(11) DEFAULT NULL,
  `subjectId` int(11) DEFAULT NULL,
  `notes` varchar(4000) DEFAULT NULL,
  PRIMARY KEY (`vid`),
  KEY `sib_videos_authorid_fk_idx` (`authorID`),
  CONSTRAINT `sib_videos_authorID_fk` FOREIGN KEY (`authorID`) REFERENCES `Sib_Users` (`userid`) ON DELETE NO ACTION ON UPDATE NO ACTION
) ENGINE=InnoDB AUTO_INCREMENT=921 DEFAULT CHARSET=latin1;
/*!40101 SET character_set_client = @saved_cs_client */;

--
-- Dumping data for table `Sib_Videos`
--

LOCK TABLES `Sib_Videos` WRITE;
/*!40000 ALTER TABLE `Sib_Videos` DISABLE KEYS */;
INSERT INTO `Sib_Videos` VALUES (1,'Chapter 2 Example 1',6,'siblinks@siblinks.com','Mathematics','Algebra 1','Chapter 2','','http://img.youtube.com/vi/cXkzUoI5VxA/0.jpg','http://youtube.com/v/cXkzUoI5VxA','4:50',0,2,NULL,5,'2015-04-08 03:54:05','Y',0,17,2,NULL),(3,'Chapter 2 Example 2',6,'siblinks@siblinks.com','Mathematics','Algebra 1','Chapter 2','','http://img.youtube.com/vi/E2v5dGt6mUM/0.jpg','http://youtube.com/v/E2v5dGt6mUM','4:50',0,1,NULL,0,'2015-04-08 04:41:13','Y',0,17,2,NULL),(4,'Chapter 2 Writing Equations Part 1',6,'siblinks@siblinks.com','Mathematics','Algebra 1','Chapter 2','','http://img.youtube.com/vi/HMIKAVCsv2I/0.jpg','http://youtu.com/v/HMIKAVCsv2I','4:50',0,0,NULL,0,'2015-04-08 04:52:40','Y',0,17,2,NULL),(5,'chapter 51391574617_w',6,'siblinks@siblinks.com','Mathematics','Algebra 1','chapter 5',NULL,'https://i.ytimg.com/vi/4ymJvnEIyLE/default.jpg','https://www.youtube.com/watch?v=4ymJvnEIyLE','6:7',0,0,NULL,0,'2015-07-14 08:50:11','Y',0,17,2,NULL),(6,'chapter 51391574634_w',6,'siblinks@siblinks.com','Mathematics','Algebra 1','chapter 5',NULL,'https://i.ytimg.com/vi/zOD2BuV1nGo/default.jpg','https://www.youtube.com/watch?v=zOD2BuV1nGo','6:4',0,0,NULL,0,'2015-07-14 08:50:50','Y',0,17,2,NULL),(7,'chapter 51406431168_w',6,'siblinks@siblinks.com','Mathematics','Algebra 1','chapter 5',NULL,'https://i.ytimg.com/vi/XPYzcNcacDM/default.jpg','https://www.youtube.com/watch?v=XPYzcNcacDM','5:8',0,0,NULL,0,'2015-07-14 08:51:26','Y',0,17,2,NULL),(8,'chapter 51406431204_w',6,'siblinks@siblinks.com','Mathematics','Algebra 1','chapter 5',NULL,'https://i.ytimg.com/vi/R4Pjjm_HlAA/default.jpg','https://www.youtube.com/watch?v=R4Pjjm_HlAA','1:16',0,0,NULL,0,'2015-07-14 08:51:33','Y',0,17,2,NULL),(9,'chapter 51406431225_w',6,'siblinks@siblinks.com','Mathematics','Algebra 1','chapter 5',NULL,'https://i.ytimg.com/vi/Sws60x5EF_c/default.jpg','https://www.youtube.com/watch?v=Sws60x5EF_c','5:47',0,0,NULL,0,'2015-07-14 08:51:56','Y',0,17,2,NULL),(10,'chapter 51406431273_w',6,'siblinks@siblinks.com','Mathematics','Algebra 1','chapter 5',NULL,'https://i.ytimg.com/vi/y9f_n6oNLFg/default.jpg','https://www.youtube.com/watch?v=y9f_n6oNLFg','6:30',0,0,NULL,0,'2015-07-14 08:52:29','Y',0,17,2,NULL),(11,'chapter 51406431302_w',6,'siblinks@siblinks.com','Mathematics','Algebra 1','chapter 5',NULL,'https://i.ytimg.com/vi/IGossXNIscc/default.jpg','https://www.youtube.com/watch?v=IGossXNIscc','7:48',0,0,NULL,0,'2015-07-14 08:53:07','Y',0,17,2,NULL),(12,'chapter 51406431325_w (1)',6,'siblinks@siblinks.com','Mathematics','Algebra 1','chapter 5',NULL,'https://i.ytimg.com/vi/F6Fp6Puf1JM/default.jpg','https://www.youtube.com/watch?v=F6Fp6Puf1JM','4:57',0,0,NULL,0,'2015-07-14 08:53:29','Y',0,17,2,NULL),(13,'chapter 51406431325_w',6,'siblinks@siblinks.com','Mathematics','Algebra 1','chapter 5',NULL,'https://i.ytimg.com/vi/pXQtgp9awpA/default.jpg','https://www.youtube.com/watch?v=pXQtgp9awpA','4:57',0,0,NULL,0,'2015-07-14 08:53:53','Y',0,17,2,NULL),(14,'chapter 51406431371_w',6,'siblinks@siblinks.com','Mathematics','Algebra 1','chapter 5',NULL,'https://i.ytimg.com/vi/pjFLXIIq-Fw/default.jpg','https://www.youtube.com/watch?v=pjFLXIIq-Fw','7:5',0,0,NULL,0,'2015-07-14 08:54:23','Y',0,17,2,NULL),(15,'chapter 51406431383_w',6,'siblinks@siblinks.com','Mathematics','Algebra 1','chapter 5',NULL,'https://i.ytimg.com/vi/ZesYAfCxT4M/default.jpg','https://www.youtube.com/watch?v=ZesYAfCxT4M','5:32',0,0,NULL,0,'2015-07-14 08:55:01','Y',0,17,2,NULL),(16,'chapter 7examples1',6,'siblinks@siblinks.com','Mathematics','Algebra 1','chapter 7',NULL,'https://i.ytimg.com/vi/8cyJEpNAkHQ/default.jpg','https://www.youtube.com/watch?v=8cyJEpNAkHQ','5:27',0,0,NULL,0,'2015-07-14 08:55:26','Y',0,17,2,NULL),(17,'chapter 7examples2',6,'siblinks@siblinks.com','Mathematics','Algebra 1','chapter 7',NULL,'https://i.ytimg.com/vi/xjTHj5KraZ4/default.jpg','https://www.youtube.com/watch?v=xjTHj5KraZ4','5:22',0,0,NULL,0,'2015-07-14 08:55:58','Y',0,17,2,NULL),(18,'chapter 7examples3',6,'siblinks@siblinks.com','Mathematics','Algebra 1','chapter 7',NULL,'https://i.ytimg.com/vi/6FG-PncRTPw/default.jpg','https://www.youtube.com/watch?v=6FG-PncRTPw','5:1',0,0,NULL,0,'2015-07-14 08:56:16','Y',0,17,2,NULL),(19,'chapter 7examples4',6,'siblinks@siblinks.com','Mathematics','Algebra 1','chapter 7',NULL,'https://i.ytimg.com/vi/r3IOSeYavm0/default.jpg','https://www.youtube.com/watch?v=r3IOSeYavm0','6:19',0,0,NULL,0,'2015-07-14 08:56:40','Y',0,17,2,NULL),(20,'chapter 7examples5',6,'siblinks@siblinks.com','Mathematics','Algebra 1','chapter 7',NULL,'https://i.ytimg.com/vi/uy3K4jcU6Os/default.jpg','https://www.youtube.com/watch?v=uy3K4jcU6Os','5:29',0,0,NULL,0,'2015-07-14 08:57:03','Y',0,17,2,NULL),(21,'chapter 7examples6',6,'siblinks@siblinks.com','Mathematics','Algebra 1','chapter 7',NULL,'https://i.ytimg.com/vi/xwQ_PtZamC0/default.jpg','https://www.youtube.com/watch?v=xwQ_PtZamC0','5:5',0,0,NULL,0,'2015-07-14 08:57:28','Y',0,17,2,NULL),(22,'chapter 7part1',6,'siblinks@siblinks.com','Mathematics','Algebra 1','chapter 7',NULL,'https://i.ytimg.com/vi/YR1fm86kJRk/default.jpg','https://www.youtube.com/watch?v=YR1fm86kJRk','6:53',0,0,NULL,0,'2015-07-14 08:57:48','Y',0,17,2,NULL),(23,'chapter 7part2',6,'siblinks@siblinks.com','Mathematics','Algebra 1','chapter 7',NULL,'https://i.ytimg.com/vi/-hmWdACRMRY/default.jpg','https://www.youtube.com/watch?v=-hmWdACRMRY','5:4',0,0,NULL,0,'2015-07-14 08:58:02','Y',0,17,2,NULL),(24,'chapter 7part3 (paid)',6,'siblinks@siblinks.com','Mathematics','Algebra 1','chapter 7',NULL,'https://i.ytimg.com/vi/XDmoDSw7dvc/default.jpg','https://www.youtube.com/watch?v=XDmoDSw7dvc','5:2',0,0,NULL,0,'2015-07-14 08:58:18','Y',0,17,2,NULL),(25,'chapter 7part4',6,'siblinks@siblinks.com','Mathematics','Algebra 1','chapter 7',NULL,'https://i.ytimg.com/vi/Tq4sdoi1bqk/default.jpg','https://www.youtube.com/watch?v=Tq4sdoi1bqk','4:57',0,0,NULL,0,'2015-07-14 08:58:35','Y',0,17,2,NULL),(26,'chapter 7part5',6,'siblinks@siblinks.com','Mathematics','Algebra 1','chapter 7',NULL,'https://i.ytimg.com/vi/ZZZWpnH0owI/default.jpg','https://www.youtube.com/watch?v=ZZZWpnH0owI','4:13',0,0,NULL,0,'2015-07-14 08:58:48','Y',0,17,2,NULL),(27,'chapter 11examples1',6,'siblinks@siblinks.com','Mathematics','Algebra 1','chapter 11',NULL,'https://i.ytimg.com/vi/4bNppQHoJxM/default.jpg','https://www.youtube.com/watch?v=4bNppQHoJxM','4:42',0,0,NULL,0,'2015-07-14 08:59:12','Y',0,17,2,NULL),(28,'chapter 11examples2',6,'siblinks@siblinks.com','Mathematics','Algebra 1','chapter 11',NULL,'https://i.ytimg.com/vi/ILQzt9xlDLw/default.jpg','https://www.youtube.com/watch?v=ILQzt9xlDLw','4:12',0,0,NULL,0,'2015-07-14 08:59:26','Y',0,17,2,NULL),(29,'chapter 11examples3',6,'siblinks@siblinks.com','Mathematics','Algebra 1','chapter 11',NULL,'https://i.ytimg.com/vi/wtF-DKJ4atc/default.jpg','https://www.youtube.com/watch?v=wtF-DKJ4atc','4:20',0,0,NULL,0,'2015-07-14 08:59:40','Y',0,17,2,NULL),(30,'chapter 11examples4',6,'siblinks@siblinks.com','Mathematics','Algebra 1','chapter 11',NULL,'https://i.ytimg.com/vi/Oyt0knP5ivY/default.jpg','https://www.youtube.com/watch?v=Oyt0knP5ivY','4:47',0,0,NULL,0,'2015-07-14 09:00:00','Y',0,17,2,NULL),(31,'chapter 11examples5',6,'siblinks@siblinks.com','Mathematics','Algebra 1','chapter 11',NULL,'https://i.ytimg.com/vi/t2gpDQYtuyg/default.jpg','https://www.youtube.com/watch?v=t2gpDQYtuyg','4:47',0,0,NULL,0,'2015-07-14 09:00:17','Y',0,17,2,NULL),(32,'chapter 11examples6',6,'siblinks@siblinks.com','Mathematics','Algebra 1','chapter 11',NULL,'https://i.ytimg.com/vi/GY4Np9_8AT4/default.jpg','https://www.youtube.com/watch?v=GY4Np9_8AT4','5:8',0,0,NULL,0,'2015-07-14 09:00:32','Y',0,17,2,NULL),(33,'chapter 11examples7',6,'siblinks@siblinks.com','Mathematics','Algebra 1','chapter 11',NULL,'https://i.ytimg.com/vi/Kw5dPSuR1kI/default.jpg','https://www.youtube.com/watch?v=Kw5dPSuR1kI','5:4',0,0,NULL,0,'2015-07-14 09:00:53','Y',0,17,2,NULL),(34,'chapter 11examples8',6,'siblinks@siblinks.com','Mathematics','Algebra 1','chapter 11',NULL,'https://i.ytimg.com/vi/Zv2jOH0G3i8/default.jpg','https://www.youtube.com/watch?v=Zv2jOH0G3i8','5:21',0,0,NULL,0,'2015-07-14 09:01:12','Y',0,17,2,NULL),(35,'chapter 11part1',6,'siblinks@siblinks.com','Mathematics','Algebra 1','chapter 11',NULL,'https://i.ytimg.com/vi/u8aS4_VpGuw/default.jpg','https://www.youtube.com/watch?v=u8aS4_VpGuw','4:31',0,0,NULL,0,'2015-07-14 09:01:24','Y',0,17,2,NULL),(36,'chapter 11part2',6,'siblinks@siblinks.com','Mathematics','Algebra 1','chapter 11',NULL,'https://i.ytimg.com/vi/Bne7iDpCDOs/default.jpg','https://www.youtube.com/watch?v=Bne7iDpCDOs','5:12',0,0,NULL,0,'2015-07-14 09:01:47','Y',0,17,2,NULL),(37,'chapter 11part3',6,'siblinks@siblinks.com','Mathematics','Algebra 1','chapter 11',NULL,'https://i.ytimg.com/vi/Vr0x12eD1jU/default.jpg','https://www.youtube.com/watch?v=Vr0x12eD1jU','5:24',0,0,NULL,0,'2015-07-14 09:02:09','Y',0,17,2,NULL),(38,'chapter 11part4',6,'siblinks@siblinks.com','Mathematics','Algebra 1','chapter 11',NULL,'https://i.ytimg.com/vi/N6yeZF2jEEw/default.jpg','https://www.youtube.com/watch?v=N6yeZF2jEEw','4:47',0,0,NULL,0,'2015-07-14 09:02:20','Y',0,17,2,NULL),(39,'chapter 11part5',6,'siblinks@siblinks.com','Mathematics','Algebra 1','chapter 11',NULL,'https://i.ytimg.com/vi/SwViKfjpSYs/default.jpg','https://www.youtube.com/watch?v=SwViKfjpSYs','4:7',0,0,NULL,0,'2015-07-14 09:02:30','Y',0,17,2,NULL),(40,'chapter 11part6',6,'siblinks@siblinks.com','Mathematics','Algebra 1','chapter 11',NULL,'https://i.ytimg.com/vi/8at215kBvPI/default.jpg','https://www.youtube.com/watch?v=8at215kBvPI','6:17',0,0,NULL,0,'2015-07-14 09:02:46','Y',0,17,2,NULL),(41,'Chapter 1Commutative and associative prop. examples',6,'siblinks@siblinks.com','Mathematics','Algebra 1','Chapter 1',NULL,'https://i.ytimg.com/vi/VP7maFf1nOk/default.jpg','https://www.youtube.com/watch?v=VP7maFf1nOk','5:56',0,0,NULL,0,'2015-07-14 09:03:17','Y',0,17,2,NULL),(42,'Chapter 1Commutative and associative',6,'siblinks@siblinks.com','Mathematics','Algebra 1','Chapter 1',NULL,'https://i.ytimg.com/vi/rbcft5UcAlo/default.jpg','https://www.youtube.com/watch?v=rbcft5UcAlo','5:41',0,0,NULL,0,'2015-07-14 09:03:56','Y',0,17,2,NULL),(43,'Chapter 1Counterexamples',6,'siblinks@siblinks.com','Mathematics','Algebra 1','Chapter 1',NULL,'https://i.ytimg.com/vi/AjOj7eRlU7Y/default.jpg','https://www.youtube.com/watch?v=AjOj7eRlU7Y','5:7',0,0,NULL,0,'2015-07-14 09:04:24','Y',0,17,2,NULL),(44,'Chapter 1Distributative property',6,'siblinks@siblinks.com','Mathematics','Algebra 1','Chapter 1',NULL,'https://i.ytimg.com/vi/YQNO0Voj01s/default.jpg','https://www.youtube.com/watch?v=YQNO0Voj01s','7:23',0,0,NULL,0,'2015-07-14 09:04:54','Y',0,17,2,NULL),(45,'Chapter 1Equality properties',6,'siblinks@siblinks.com','Mathematics','Algebra 1','Chapter 1',NULL,'https://i.ytimg.com/vi/l365qBj1YNE/default.jpg','https://www.youtube.com/watch?v=l365qBj1YNE','4:57',0,0,NULL,0,'2015-07-14 09:05:31','Y',0,17,2,NULL),(46,'Chapter 1Evaluating expressions part 2',6,'siblinks@siblinks.com','Mathematics','Algebra 1','Chapter 1',NULL,'https://i.ytimg.com/vi/zqmRZhCF5a4/default.jpg','https://www.youtube.com/watch?v=zqmRZhCF5a4','5:21',0,0,NULL,0,'2015-07-14 09:05:57','Y',0,17,2,NULL),(47,'Chapter 1Evaluating expressions',6,'siblinks@siblinks.com','Mathematics','Algebra 1','Chapter 1',NULL,'https://i.ytimg.com/vi/HWuYumXaRQY/default.jpg','https://www.youtube.com/watch?v=HWuYumXaRQY','6:52',0,0,NULL,0,'2015-07-14 09:06:30','Y',0,17,2,NULL),(48,'Chapter 1Evaluating powers',6,'siblinks@siblinks.com','Mathematics','Algebra 1','Chapter 1',NULL,'https://i.ytimg.com/vi/1hj1CnbsUZ8/default.jpg','https://www.youtube.com/watch?v=1hj1CnbsUZ8','5:59',0,0,NULL,0,'2015-07-14 09:06:55','Y',0,17,2,NULL),(49,'Chapter 1Functions and graphs',6,'siblinks@siblinks.com','Mathematics','Algebra 1','Chapter 1',NULL,'https://i.ytimg.com/vi/SKtsgrcH6d0/default.jpg','https://www.youtube.com/watch?v=SKtsgrcH6d0','8:35',0,0,NULL,0,'2015-07-14 09:07:38','Y',0,17,2,NULL),(50,'Chapter 1Graphing real numbers',6,'siblinks@siblinks.com','Mathematics','Algebra 1','Chapter 1',NULL,'https://i.ytimg.com/vi/m7FYmbcLuZQ/default.jpg','https://www.youtube.com/watch?v=m7FYmbcLuZQ','5:27',0,0,NULL,0,'2015-07-14 09:08:01','Y',0,17,2,NULL),(51,'Chapter 1Identity and equality prop. examples',6,'siblinks@siblinks.com','Mathematics','Algebra 1','Chapter 1',NULL,'https://i.ytimg.com/vi/fgRF3vkwWkE/default.jpg','https://www.youtube.com/watch?v=fgRF3vkwWkE','5:45',0,0,NULL,0,'2015-07-14 09:08:29','Y',0,17,2,NULL),(52,'Chapter 1Identity properties',6,'siblinks@siblinks.com','Mathematics','Algebra 1','Chapter 1',NULL,'https://i.ytimg.com/vi/ocrjSxPocdc/default.jpg','https://www.youtube.com/watch?v=ocrjSxPocdc','4:50',0,0,NULL,0,'2015-07-14 09:08:56','Y',0,17,2,NULL),(53,'Chapter 1Logical reasoning',6,'siblinks@siblinks.com','Mathematics','Algebra 1','Chapter 1',NULL,'https://i.ytimg.com/vi/ZDzxNwRssJ8/default.jpg','https://www.youtube.com/watch?v=ZDzxNwRssJ8','5:12',0,0,NULL,0,'2015-07-14 09:09:20','Y',0,17,2,NULL),(54,'Chapter 1Number systems example',6,'siblinks@siblinks.com','Mathematics','Algebra 1','Chapter 1',NULL,'https://i.ytimg.com/vi/wpqXBkN_j6s/default.jpg','https://www.youtube.com/watch?v=wpqXBkN_j6s','7:35',0,0,NULL,0,'2015-07-14 09:09:53','Y',0,17,2,NULL),(55,'Chapter 1Number systems',6,'siblinks@siblinks.com','Mathematics','Algebra 1','Chapter 1',NULL,'https://i.ytimg.com/vi/iKh_eAfmiEE/default.jpg','https://www.youtube.com/watch?v=iKh_eAfmiEE','8:11',0,0,NULL,0,'2015-07-14 09:10:38','Y',0,17,2,NULL),(56,'Chapter 1Order of operations',6,'siblinks@siblinks.com','Mathematics','Algebra 1','Chapter 1',NULL,'https://i.ytimg.com/vi/4lA7VvTgb9I/default.jpg','https://www.youtube.com/watch?v=4lA7VvTgb9I','5:45',0,0,NULL,0,'2015-07-14 09:11:09','Y',0,17,2,NULL),(57,'Chapter 1Replacement sets Part2',6,'siblinks@siblinks.com','Mathematics','Algebra 1','Chapter 1',NULL,'https://i.ytimg.com/vi/Vg7nmRAGn9E/default.jpg','https://www.youtube.com/watch?v=Vg7nmRAGn9E','6:51',0,0,NULL,0,'2015-07-14 09:11:40','Y',0,17,2,NULL),(58,'Chapter 1Replacement sets part 1',6,'siblinks@siblinks.com','Mathematics','Algebra 1','Chapter 1',NULL,'https://i.ytimg.com/vi/nE51bCVTVZM/default.jpg','https://www.youtube.com/watch?v=nE51bCVTVZM','5:4',0,0,NULL,0,'2015-07-14 09:12:02','Y',0,17,2,NULL),(59,'Chapter 1Writing algebraic expressions',6,'siblinks@siblinks.com','Mathematics','Algebra 1','Chapter 1',NULL,'https://i.ytimg.com/vi/qB1PmyzCGGo/default.jpg','https://www.youtube.com/watch?v=qB1PmyzCGGo','5:17',0,0,NULL,0,'2015-07-14 09:12:34','Y',0,17,2,NULL),(60,'Chapter 2examples1',6,'siblinks@siblinks.com','Mathematics','Algebra 1','Chapter 2',NULL,'https://i.ytimg.com/vi/PQMLJmh-wGM/default.jpg','https://www.youtube.com/watch?v=PQMLJmh-wGM','4:48',0,0,NULL,0,'2015-07-14 09:12:50','Y',0,17,2,NULL),(61,'Chapter 2examples2',6,'siblinks@siblinks.com','Mathematics','Algebra 1','Chapter 2',NULL,'https://i.ytimg.com/vi/k3J18R3lL88/default.jpg','https://www.youtube.com/watch?v=k3J18R3lL88','4:38',0,0,NULL,0,'2015-07-14 09:13:04','Y',0,17,2,NULL),(62,'Chapter 2examples3',6,'siblinks@siblinks.com','Mathematics','Algebra 1','Chapter 2',NULL,'https://i.ytimg.com/vi/5DDtqYiNPCc/default.jpg','https://www.youtube.com/watch?v=5DDtqYiNPCc','5:15',0,0,NULL,0,'2015-07-14 09:13:21','Y',0,17,2,NULL),(63,'Chapter 2examples4',6,'siblinks@siblinks.com','Mathematics','Algebra 1','Chapter 2',NULL,'https://i.ytimg.com/vi/Op_9cDGfRUk/default.jpg','https://www.youtube.com/watch?v=Op_9cDGfRUk','5:43',0,0,NULL,0,'2015-07-14 09:13:40','Y',0,17,2,NULL),(64,'Chapter 2examples5',6,'siblinks@siblinks.com','Mathematics','Algebra 1','Chapter 2',NULL,'https://i.ytimg.com/vi/ZbvPK5dRYVU/default.jpg','https://www.youtube.com/watch?v=ZbvPK5dRYVU','4:51',0,0,NULL,0,'2015-07-14 09:13:56','Y',0,17,2,NULL),(65,'Chapter 2examples6',6,'siblinks@siblinks.com','Mathematics','Algebra 1','Chapter 2',NULL,'https://i.ytimg.com/vi/ofvYko76iNw/default.jpg','https://www.youtube.com/watch?v=ofvYko76iNw','4:29',0,0,NULL,0,'2015-07-14 09:14:14','Y',0,17,2,NULL),(66,'Chapter 2examples7',6,'siblinks@siblinks.com','Mathematics','Algebra 1','Chapter 2',NULL,'https://i.ytimg.com/vi/U5-mMYDJg48/default.jpg','https://www.youtube.com/watch?v=U5-mMYDJg48','4:58',0,0,NULL,0,'2015-07-14 09:14:31','Y',0,17,2,NULL),(67,'Chapter 2examples8',6,'siblinks@siblinks.com','Mathematics','Algebra 1','Chapter 2',NULL,'https://i.ytimg.com/vi/F3YIE7oRvo4/default.jpg','https://www.youtube.com/watch?v=F3YIE7oRvo4','5:28',0,0,NULL,0,'2015-07-14 09:14:50','Y',0,17,2,NULL),(68,'Chapter 2part1',6,'siblinks@siblinks.com','Mathematics','Algebra 1','Chapter 2',NULL,'https://i.ytimg.com/vi/g0cHPpPrviI/default.jpg','https://www.youtube.com/watch?v=g0cHPpPrviI','5:40',0,0,NULL,0,'2015-07-14 09:15:07','Y',0,17,2,NULL),(69,'Chapter 2part2',6,'siblinks@siblinks.com','Mathematics','Algebra 1','Chapter 2',NULL,'https://i.ytimg.com/vi/SA9-AHCAo-8/default.jpg','https://www.youtube.com/watch?v=SA9-AHCAo-8','4:16',0,0,NULL,0,'2015-07-14 09:15:22','Y',0,17,2,NULL),(70,'Chapter 2part3',6,'siblinks@siblinks.com','Mathematics','Algebra 1','Chapter 2',NULL,'https://i.ytimg.com/vi/eXxbdpBYadM/default.jpg','https://www.youtube.com/watch?v=eXxbdpBYadM','6:5',0,0,NULL,0,'2015-07-14 09:15:41','Y',0,17,2,NULL),(71,'Chapter 2part4(paid)',6,'siblinks@siblinks.com','Mathematics','Algebra 1','Chapter 2',NULL,'https://i.ytimg.com/vi/Crq-lV6qHE0/default.jpg','https://www.youtube.com/watch?v=Crq-lV6qHE0','5:25',0,0,NULL,0,'2015-07-14 09:15:55','Y',0,17,2,NULL),(72,'Chapter 2part5',6,'siblinks@siblinks.com','Mathematics','Algebra 1','Chapter 2',NULL,'https://i.ytimg.com/vi/NqcUgVZ9jig/default.jpg','https://www.youtube.com/watch?v=NqcUgVZ9jig','5:48',0,0,NULL,0,'2015-07-14 09:16:11','Y',0,17,2,NULL),(73,'Chapter 33.1(paid)',6,'siblinks@siblinks.com','Mathematics','Algebra 1','Chapter 3',NULL,'https://i.ytimg.com/vi/nc-pXGBOgPE/default.jpg','https://www.youtube.com/watch?v=nc-pXGBOgPE','5:39',0,0,NULL,0,'2015-07-14 09:19:00','Y',0,17,2,NULL),(74,'Chapter 33.1ex',6,'siblinks@siblinks.com','Mathematics','Algebra 1','Chapter 3',NULL,'https://i.ytimg.com/vi/CPLU1AKi57M/default.jpg','https://www.youtube.com/watch?v=CPLU1AKi57M','5:17',0,0,NULL,0,'2015-07-14 09:19:15','Y',0,17,2,NULL),(75,'Chapter 33.2',6,'siblinks@siblinks.com','Mathematics','Algebra 1','Chapter 3',NULL,'https://i.ytimg.com/vi/ncDaoo8NP3Q/default.jpg','https://www.youtube.com/watch?v=ncDaoo8NP3Q','5:',0,0,NULL,0,'2015-07-14 09:19:57','Y',0,17,2,NULL),(76,'Chapter 33.2ex',6,'siblinks@siblinks.com','Mathematics','Algebra 1','Chapter 3',NULL,'https://i.ytimg.com/vi/VHe5CW_lwP0/default.jpg','https://www.youtube.com/watch?v=VHe5CW_lwP0','5:11',0,0,NULL,0,'2015-07-14 09:21:15','Y',0,17,2,NULL),(77,'Chapter 33.3',6,'siblinks@siblinks.com','Mathematics','Algebra 1','Chapter 3',NULL,'https://i.ytimg.com/vi/AiaHNVisVvk/default.jpg','https://www.youtube.com/watch?v=AiaHNVisVvk','4:55',0,0,NULL,0,'2015-07-14 09:21:33','Y',0,17,2,NULL),(78,'Chapter 33.3ex',6,'siblinks@siblinks.com','Mathematics','Algebra 1','Chapter 3',NULL,'https://i.ytimg.com/vi/WcDB6pg_4n8/default.jpg','https://www.youtube.com/watch?v=WcDB6pg_4n8','6:8',0,0,NULL,0,'2015-07-14 09:21:51','Y',0,17,2,NULL),(79,'Chapter 33.4',6,'siblinks@siblinks.com','Mathematics','Algebra 1','Chapter 3',NULL,'https://i.ytimg.com/vi/MIX3zxT2DPU/default.jpg','https://www.youtube.com/watch?v=MIX3zxT2DPU','5:13',0,0,NULL,0,'2015-07-14 09:22:38','Y',0,17,2,NULL),(80,'Chapter 33.4ex1',6,'siblinks@siblinks.com','Mathematics','Algebra 1','Chapter 3',NULL,'https://i.ytimg.com/vi/4FV2xDbWeFM/default.jpg','https://www.youtube.com/watch?v=4FV2xDbWeFM','5:6',0,0,NULL,0,'2015-07-14 09:23:26','Y',0,17,2,NULL),(81,'Chapter 33.4ex2',6,'siblinks@siblinks.com','Mathematics','Algebra 1','Chapter 3',NULL,'https://i.ytimg.com/vi/wExjBYGnX9U/default.jpg','https://www.youtube.com/watch?v=wExjBYGnX9U','5:36',0,0,NULL,0,'2015-07-14 09:24:36','Y',0,17,2,NULL),(82,'Chapter 33.5',6,'siblinks@siblinks.com','Mathematics','Algebra 1','Chapter 3',NULL,'https://i.ytimg.com/vi/4X6jORjbomo/default.jpg','https://www.youtube.com/watch?v=4X6jORjbomo','5:47',0,0,NULL,0,'2015-07-14 09:25:49','Y',0,17,2,NULL),(83,'Chapter 33.5ex1',6,'siblinks@siblinks.com','Mathematics','Algebra 1','Chapter 3',NULL,'https://i.ytimg.com/vi/aC8yPWE_v7o/default.jpg','https://www.youtube.com/watch?v=aC8yPWE_v7o','7:16',0,0,NULL,0,'2015-07-14 09:26:11','Y',0,17,2,NULL),(84,'Chapter 33.5ex2',6,'siblinks@siblinks.com','Mathematics','Algebra 1','Chapter 3',NULL,'https://i.ytimg.com/vi/wOrVzeBNnIY/default.jpg','https://www.youtube.com/watch?v=wOrVzeBNnIY','5:21',0,0,NULL,0,'2015-07-14 09:26:27','Y',0,17,2,NULL),(85,'Chapter 4Example - Arithmetic Seq Sum',6,'siblinks@siblinks.com','Mathematics','Algebra 1','Chapter 4',NULL,'https://i.ytimg.com/vi/EDyFYzjll0s/default.jpg','https://www.youtube.com/watch?v=EDyFYzjll0s','6:18',0,0,NULL,0,'2015-07-14 09:26:46','Y',0,17,2,NULL),(86,'Chapter 4Example - Chapter Review problems',6,'siblinks@siblinks.com','Mathematics','Algebra 1','Chapter 4',NULL,'https://i.ytimg.com/vi/2sdSt_AnR4E/default.jpg','https://www.youtube.com/watch?v=2sdSt_AnR4E','7:33',0,0,NULL,0,'2015-07-14 09:27:11','Y',0,17,2,NULL),(87,'Chapter 4Example - Graphs and Lines',6,'siblinks@siblinks.com','Mathematics','Algebra 1','Chapter 4',NULL,'https://i.ytimg.com/vi/HWYYzjyABEI/default.jpg','https://www.youtube.com/watch?v=HWYYzjyABEI','5:53',0,0,NULL,0,'2015-07-14 09:27:30','Y',0,17,2,NULL),(88,'Chapter 4Example - Parallel and Perp lines',6,'siblinks@siblinks.com','Mathematics','Algebra 1','Chapter 4',NULL,'https://i.ytimg.com/vi/w37zyaowHZ4/default.jpg','https://www.youtube.com/watch?v=w37zyaowHZ4','6:',0,0,NULL,0,'2015-07-14 09:27:49','Y',0,17,2,NULL),(89,'Chapter 4Example - Slope Intercept problems',6,'siblinks@siblinks.com','Mathematics','Algebra 1','Chapter 4',NULL,'https://i.ytimg.com/vi/NXjBXufaGFM/default.jpg','https://www.youtube.com/watch?v=NXjBXufaGFM','6:18',0,0,NULL,0,'2015-07-14 09:28:13','Y',0,17,2,NULL),(90,'Chapter 4Example- Chapter Review II (paid)',6,'siblinks@siblinks.com','Mathematics','Algebra 1','Chapter 4',NULL,'https://i.ytimg.com/vi/bHZpA0dh4lw/default.jpg','https://www.youtube.com/watch?v=bHZpA0dh4lw','9:',0,0,NULL,0,'2015-07-14 09:28:43','Y',0,17,2,NULL),(91,'Chapter 4Example- Equations in word form',6,'siblinks@siblinks.com','Mathematics','Algebra 1','Chapter 4',NULL,'https://i.ytimg.com/vi/--PlG2tpYZc/default.jpg','https://www.youtube.com/watch?v=--PlG2tpYZc','3:31',0,0,NULL,0,'2015-07-14 09:28:56','Y',0,17,2,NULL),(92,'Chapter 4Example- Slope Intercept word problems',6,'siblinks@siblinks.com','Mathematics','Algebra 1','Chapter 4',NULL,'https://i.ytimg.com/vi/M0KXz-HMIUE/default.jpg','https://www.youtube.com/watch?v=M0KXz-HMIUE','5:13',0,0,NULL,0,'2015-07-14 09:29:16','Y',0,17,2,NULL),(93,'Chapter 4Lesson - ACDProperties',6,'siblinks@siblinks.com','Mathematics','Algebra 1','Chapter 4',NULL,'https://i.ytimg.com/vi/FadfpAk6DB8/default.jpg','https://www.youtube.com/watch?v=FadfpAk6DB8','7:1',0,0,NULL,0,'2015-07-14 09:29:37','Y',0,17,2,NULL),(94,'Chapter 4Lesson - Arithmetic Seq Sum',6,'siblinks@siblinks.com','Mathematics','Algebra 1','Chapter 4',NULL,'https://i.ytimg.com/vi/HQlVaiX0myI/default.jpg','https://www.youtube.com/watch?v=HQlVaiX0myI','4:41',0,0,NULL,0,'2015-07-14 09:29:53','Y',0,17,2,NULL),(95,'Chapter 4Lesson - Domain and Range',6,'siblinks@siblinks.com','Mathematics','Algebra 1','Chapter 4',NULL,'https://i.ytimg.com/vi/6FYtXED2YBk/default.jpg','https://www.youtube.com/watch?v=6FYtXED2YBk','4:57',0,0,NULL,0,'2015-07-14 09:30:07','Y',0,17,2,NULL),(96,'Chapter 4Lesson - Domain and Range(redo)',6,'siblinks@siblinks.com','Mathematics','Algebra 1','Chapter 4',NULL,'https://i.ytimg.com/vi/UuKGLdWSDTY/default.jpg','https://www.youtube.com/watch?v=UuKGLdWSDTY','4:38',0,0,NULL,0,'2015-07-14 09:30:24','Y',0,17,2,NULL),(97,'Chapter 4Lesson - Point Slope Equation',6,'siblinks@siblinks.com','Mathematics','Algebra 1','Chapter 4',NULL,'https://i.ytimg.com/vi/1KfB-1EccAQ/default.jpg','https://www.youtube.com/watch?v=1KfB-1EccAQ','4:57',0,0,NULL,0,'2015-07-14 09:30:38','Y',0,17,2,NULL),(98,'Chapter 4Lesson - Point-Slope form (redo)',6,'siblinks@siblinks.com','Mathematics','Algebra 1','Chapter 4',NULL,'https://i.ytimg.com/vi/uhyuLqG-uM4/default.jpg','https://www.youtube.com/watch?v=uhyuLqG-uM4','6:36',0,0,NULL,0,'2015-07-14 09:30:55','Y',0,17,2,NULL),(99,'Chapter 4Lesson - slope',6,'siblinks@siblinks.com','Mathematics','Algebra 1','Chapter 4',NULL,'https://i.ytimg.com/vi/PpsJPvNevIY/default.jpg','https://www.youtube.com/watch?v=PpsJPvNevIY','6:38',0,0,NULL,0,'2015-07-14 09:31:14','Y',0,17,2,NULL),(100,'Chapter 4Lesson- Arithmetic Seq Intro',6,'siblinks@siblinks.com','Mathematics','Algebra 1','Chapter 4',NULL,'https://i.ytimg.com/vi/AfvfitInOFg/default.jpg','https://www.youtube.com/watch?v=AfvfitInOFg','6:19',0,0,NULL,0,'2015-07-14 09:31:31','Y',0,17,2,NULL),(101,'Chapter 4Lesson- Correlation vocabulary',6,'siblinks@siblinks.com','Mathematics','Algebra 1','Chapter 4',NULL,'https://i.ytimg.com/vi/iJlMxhmZVi4/default.jpg','https://www.youtube.com/watch?v=iJlMxhmZVi4','4:51',0,0,NULL,0,'2015-07-14 09:31:50','Y',0,17,2,NULL),(102,'Chapter 66.1',6,'siblinks@siblinks.com','Mathematics','Algebra 1','Chapter 6',NULL,'https://i.ytimg.com/vi/qjXuOcDeZ_s/default.jpg','https://www.youtube.com/watch?v=qjXuOcDeZ_s','5:28',0,0,NULL,0,'2015-07-14 09:33:08','Y',0,17,2,NULL),(103,'Chapter 66.1ex',6,'siblinks@siblinks.com','Mathematics','Algebra 1','Chapter 6',NULL,'https://i.ytimg.com/vi/KlWwQQFgy2k/default.jpg','https://www.youtube.com/watch?v=KlWwQQFgy2k','6:19',0,0,NULL,0,'2015-07-14 09:33:37','Y',0,17,2,NULL),(104,'Chapter 66.2',6,'siblinks@siblinks.com','Mathematics','Algebra 1','Chapter 6',NULL,'https://i.ytimg.com/vi/plMXgxITeQU/default.jpg','https://www.youtube.com/watch?v=plMXgxITeQU','5:33',0,0,NULL,0,'2015-07-14 09:33:59','Y',0,17,2,NULL),(105,'Chapter 66.2ex',6,'siblinks@siblinks.com','Mathematics','Algebra 1','Chapter 6',NULL,'https://i.ytimg.com/vi/oXCD2huXFgM/default.jpg','https://www.youtube.com/watch?v=oXCD2huXFgM','6:14',0,0,NULL,0,'2015-07-14 09:34:21','Y',0,17,2,NULL),(106,'Chapter 66.3 (paid)',6,'siblinks@siblinks.com','Mathematics','Algebra 1','Chapter 6',NULL,'https://i.ytimg.com/vi/cbhNbEpzEJU/default.jpg','https://www.youtube.com/watch?v=cbhNbEpzEJU','4:31',0,0,NULL,0,'2015-07-14 09:34:39','Y',0,17,2,NULL),(107,'Chapter 66.3ex',6,'siblinks@siblinks.com','Mathematics','Algebra 1','Chapter 6',NULL,'https://i.ytimg.com/vi/y68JLKkp0ps/default.jpg','https://www.youtube.com/watch?v=y68JLKkp0ps','6:44',0,0,NULL,0,'2015-07-14 09:36:03','Y',0,17,2,NULL),(108,'Chapter 66.4',6,'siblinks@siblinks.com','Mathematics','Algebra 1','Chapter 6',NULL,'https://i.ytimg.com/vi/wJqYbkV7nEE/default.jpg','https://www.youtube.com/watch?v=wJqYbkV7nEE','6:57',0,0,NULL,0,'2015-07-14 09:36:43','Y',0,17,2,NULL),(109,'Chapter 66.4ex',6,'siblinks@siblinks.com','Mathematics','Algebra 1','Chapter 6',NULL,'https://i.ytimg.com/vi/Tic7hdYfdbQ/default.jpg','https://www.youtube.com/watch?v=Tic7hdYfdbQ','6:47',0,0,NULL,0,'2015-07-14 09:37:25','Y',0,17,2,NULL),(110,'Chapter 66.5',6,'siblinks@siblinks.com','Mathematics','Algebra 1','Chapter 6',NULL,'https://i.ytimg.com/vi/tfKf_e0Xukc/default.jpg','https://www.youtube.com/watch?v=tfKf_e0Xukc','5:13',0,0,NULL,0,'2015-07-14 09:38:35','Y',0,17,2,NULL),(111,'Chapter 66.5ex',6,'siblinks@siblinks.com','Mathematics','Algebra 1','Chapter 6',NULL,'https://i.ytimg.com/vi/07VnvlpLAIY/default.jpg','https://www.youtube.com/watch?v=07VnvlpLAIY','5:25',0,0,NULL,0,'2015-07-14 09:38:57','Y',0,17,2,NULL),(112,'Chapter 66.7',6,'siblinks@siblinks.com','Mathematics','Algebra 1','Chapter 6',NULL,'https://i.ytimg.com/vi/ayKNCM7JBmI/default.jpg','https://www.youtube.com/watch?v=ayKNCM7JBmI','6:40',0,0,NULL,0,'2015-07-14 09:39:16','Y',0,17,2,NULL),(113,'Chapter 66.7ex',6,'siblinks@siblinks.com','Mathematics','Algebra 1','Chapter 6',NULL,'https://i.ytimg.com/vi/xO9xXUsOfBA/default.jpg','https://www.youtube.com/watch?v=xO9xXUsOfBA','4:40',0,0,NULL,0,'2015-07-14 09:39:27','Y',0,17,2,NULL),(114,'Chapter 66.8',6,'siblinks@siblinks.com','Mathematics','Algebra 1','Chapter 6',NULL,'https://i.ytimg.com/vi/YVjMGBeqtUE/default.jpg','https://www.youtube.com/watch?v=YVjMGBeqtUE','5:53',0,0,NULL,0,'2015-07-14 09:39:51','Y',0,17,2,NULL),(115,'Chapter 66.8ex',6,'siblinks@siblinks.com','Mathematics','Algebra 1','Chapter 6',NULL,'https://i.ytimg.com/vi/hpOA57FIh6g/default.jpg','https://www.youtube.com/watch?v=hpOA57FIh6g','7:1',0,0,NULL,0,'2015-07-14 09:41:57','Y',0,17,2,NULL),(116,'Chapter 88.1 Part 1',6,'siblinks@siblinks.com','Mathematics','Algebra 1','Chapter 8',NULL,'https://i.ytimg.com/vi/x8ojPQEzoc4/default.jpg','https://www.youtube.com/watch?v=x8ojPQEzoc4','4:58',0,0,NULL,0,'2015-07-14 15:06:45','Y',0,17,2,NULL),(117,'Chapter 88.1 Part 2',6,'siblinks@siblinks.com','Mathematics','Algebra 1','Chapter 8',NULL,'https://i.ytimg.com/vi/Nt6oBnSzlKc/default.jpg','https://www.youtube.com/watch?v=Nt6oBnSzlKc','6:6',0,0,NULL,0,'2015-07-14 15:07:37','Y',0,17,2,NULL),(118,'1. General ThemesEvolution as a Core Concept Worked Problems',6,'siblinks@siblinks.com','Biology','ap biology','1. General Themes',NULL,'https://i.ytimg.com/vi/YLOz_zyS-hA/default.jpg','https://www.youtube.com/watch?v=YLOz_zyS-hA','2:45',0,0,NULL,0,'2015-07-15 00:03:16','Y',0,16,5,NULL),(119,'1. General ThemesEvolution as a Core Concept',6,'siblinks@siblinks.com','Biology','ap biology','1. General Themes',NULL,'https://i.ytimg.com/vi/WwdE9rRvuqA/default.jpg','https://www.youtube.com/watch?v=WwdE9rRvuqA','5:13',0,0,NULL,0,'2015-07-15 00:05:32','Y',0,16,5,NULL),(120,'1. General ThemesMajor Themes Worked Problems',6,'siblinks@siblinks.com','Biology','ap biology','1. General Themes',NULL,'https://i.ytimg.com/vi/sdi6v941Cyo/default.jpg','https://www.youtube.com/watch?v=sdi6v941Cyo','3:59',0,0,NULL,0,'2015-07-15 00:06:35','Y',0,16,5,NULL),(121,'1. General ThemesMajor Themes',6,'siblinks@siblinks.com','Biology','ap biology','1. General Themes',NULL,'https://i.ytimg.com/vi/XuafVMSoEyk/default.jpg','https://www.youtube.com/watch?v=XuafVMSoEyk','11:58',0,0,NULL,0,'2015-07-15 00:11:05','Y',0,16,5,NULL),(122,'2. Chemistry of LifeAcidity and Basicity I',6,'siblinks@siblinks.com','Biology','ap biology','2. Chemistry of Life',NULL,'https://i.ytimg.com/vi/_rx6g77KMP8/default.jpg','https://www.youtube.com/watch?v=_rx6g77KMP8','5:26',0,0,NULL,0,'2015-07-15 00:12:31','Y',0,16,5,NULL),(123,'2. Chemistry of LifeAcidity and Basicity II',6,'siblinks@siblinks.com','Biology','ap biology','2. Chemistry of Life',NULL,'https://i.ytimg.com/vi/gFALCuxYhT8/default.jpg','https://www.youtube.com/watch?v=gFALCuxYhT8','5:15',0,0,NULL,0,'2015-07-15 00:14:06','Y',0,16,5,NULL),(124,'2. Chemistry of LifeCarbon-based Chemistry',6,'siblinks@siblinks.com','Biology','ap biology','2. Chemistry of Life',NULL,'https://i.ytimg.com/vi/BK4LwL2LmDY/default.jpg','https://www.youtube.com/watch?v=BK4LwL2LmDY','7:18',0,0,NULL,0,'2015-07-15 00:15:50','Y',0,16,5,NULL),(125,'2. Chemistry of LifeChemical Bonding (worked problems)',6,'siblinks@siblinks.com','Biology','ap biology','2. Chemistry of Life',NULL,'https://i.ytimg.com/vi/TDlI9DL1wMk/default.jpg','https://www.youtube.com/watch?v=TDlI9DL1wMk','6:54',0,0,NULL,0,'2015-07-15 00:17:24','Y',0,16,5,NULL),(126,'2. Chemistry of LifeChemical Bonding I',6,'siblinks@siblinks.com','Biology','ap biology','2. Chemistry of Life',NULL,'https://i.ytimg.com/vi/UNSaYPCWD4Y/default.jpg','https://www.youtube.com/watch?v=UNSaYPCWD4Y','4:3',0,0,NULL,0,'2015-07-15 00:18:34','Y',0,16,5,NULL),(127,'2. Chemistry of LifeChemical Bonding II',6,'siblinks@siblinks.com','Biology','ap biology','2. Chemistry of Life',NULL,'https://i.ytimg.com/vi/8EtBzzCFrQM/default.jpg','https://www.youtube.com/watch?v=8EtBzzCFrQM','3:22',0,0,NULL,0,'2015-07-15 00:19:44','Y',0,16,5,NULL),(128,'2. Chemistry of LifeChemical Reactions (worked problems)',6,'siblinks@siblinks.com','Biology','ap biology','2. Chemistry of Life',NULL,'https://i.ytimg.com/vi/pxe5zTXfOJ0/default.jpg','https://www.youtube.com/watch?v=pxe5zTXfOJ0','10:17',0,0,NULL,0,'2015-07-15 00:22:35','Y',0,16,5,NULL),(129,'2. Chemistry of LifeChemical Reactions',6,'siblinks@siblinks.com','Biology','ap biology','2. Chemistry of Life',NULL,'https://i.ytimg.com/vi/xtVDW7Oq4LI/default.jpg','https://www.youtube.com/watch?v=xtVDW7Oq4LI','5:15',0,0,NULL,0,'2015-07-15 00:24:17','Y',0,16,5,NULL),(130,'2. Chemistry of LifeElements and Compounds Worked Problems',6,'siblinks@siblinks.com','Biology','ap biology','2. Chemistry of Life',NULL,'https://i.ytimg.com/vi/JlhT24ovq_A/default.jpg','https://www.youtube.com/watch?v=JlhT24ovq_A','2:18',0,0,NULL,0,'2015-07-15 00:24:50','Y',0,16,5,NULL),(131,'2. Chemistry of LifeElements and Compounds',6,'siblinks@siblinks.com','Biology','ap biology','2. Chemistry of Life',NULL,'https://i.ytimg.com/vi/8ZG9sZ7iSTM/default.jpg','https://www.youtube.com/watch?v=8ZG9sZ7iSTM','2:58',0,0,NULL,0,'2015-07-15 00:25:59','Y',0,16,5,NULL),(132,'2. Chemistry of LifeFour emergent properties of water (pt 2)',6,'siblinks@siblinks.com','Biology','ap biology','2. Chemistry of Life',NULL,'https://i.ytimg.com/vi/3IMJmwCo_X0/default.jpg','https://www.youtube.com/watch?v=3IMJmwCo_X0','5:15',0,0,NULL,0,'2015-07-15 00:28:13','Y',0,16,5,NULL),(133,'2. Chemistry of LifeFour emergent properties of water (pt. 1)',6,'siblinks@siblinks.com','Biology','ap biology','2. Chemistry of Life',NULL,'https://i.ytimg.com/vi/b-bv5TKAZ9g/default.jpg','https://www.youtube.com/watch?v=b-bv5TKAZ9g','8:4',0,0,NULL,0,'2015-07-15 00:30:59','Y',0,16,5,NULL),(134,'2. Chemistry of LifeFour emergent properties of water (worked solution pt 1)',6,'siblinks@siblinks.com','Biology','ap biology','2. Chemistry of Life',NULL,'https://i.ytimg.com/vi/LIekPr76N0k/default.jpg','https://www.youtube.com/watch?v=LIekPr76N0k','4:55',0,0,NULL,0,'2015-07-15 00:33:16','Y',0,16,5,NULL),(135,'2. Chemistry of LifeFour emergent properties of water (worked solution pt 2)',6,'siblinks@siblinks.com','Biology','ap biology','2. Chemistry of Life',NULL,'https://i.ytimg.com/vi/g6_W5prd0iE/default.jpg','https://www.youtube.com/watch?v=g6_W5prd0iE','4:11',0,0,NULL,0,'2015-07-15 00:35:38','Y',0,16,5,NULL),(136,'2. Chemistry of LifeFunctional Groups',6,'siblinks@siblinks.com','Biology','ap biology','2. Chemistry of Life',NULL,'https://i.ytimg.com/vi/wIEuVGkrI6I/default.jpg','https://www.youtube.com/watch?v=wIEuVGkrI6I','5:47',0,0,NULL,0,'2015-07-15 00:37:22','Y',0,16,5,NULL),(137,'2. Chemistry of LifeLipids',6,'siblinks@siblinks.com','Biology','ap biology','2. Chemistry of Life',NULL,'https://i.ytimg.com/vi/HLdUgf-Dfyc/default.jpg','https://www.youtube.com/watch?v=HLdUgf-Dfyc','6:3',0,0,NULL,0,'2015-07-15 00:39:18','Y',0,16,5,NULL),(138,'2. Chemistry of LifePolymers Worked Problems',6,'siblinks@siblinks.com','Biology','ap biology','2. Chemistry of Life',NULL,'https://i.ytimg.com/vi/2C16wc4p5QU/default.jpg','https://www.youtube.com/watch?v=2C16wc4p5QU','1:49',0,0,NULL,0,'2015-07-15 00:40:57','Y',0,16,5,NULL),(139,'2. Chemistry of LifePolymers',6,'siblinks@siblinks.com','Biology','ap biology','2. Chemistry of Life',NULL,'https://i.ytimg.com/vi/98hCOapX0Yo/default.jpg','https://www.youtube.com/watch?v=98hCOapX0Yo','1:50',0,0,NULL,0,'2015-07-15 00:41:35','Y',0,16,5,NULL),(140,'2. Chemistry of LifeProteins',6,'siblinks@siblinks.com','Biology','ap biology','2. Chemistry of Life',NULL,'https://i.ytimg.com/vi/NnqnthMWc3Q/default.jpg','https://www.youtube.com/watch?v=NnqnthMWc3Q','9:36',0,0,NULL,0,'2015-07-15 00:45:06','Y',0,16,5,NULL),(141,'2. Chemistry of LifeWater and polar covalent bonds (worked solution)',6,'siblinks@siblinks.com','Biology','ap biology','2. Chemistry of Life',NULL,'https://i.ytimg.com/vi/txqgcz-NQ_I/default.jpg','https://www.youtube.com/watch?v=txqgcz-NQ_I','3:43',0,0,NULL,0,'2015-07-15 00:46:58','Y',0,16,5,NULL),(142,'2. Chemistry of LifeWater and polar covalent bonds',6,'siblinks@siblinks.com','Biology','ap biology','2. Chemistry of Life',NULL,'https://i.ytimg.com/vi/Np5FxHZE5-4/default.jpg','https://www.youtube.com/watch?v=Np5FxHZE5-4','2:29',0,0,NULL,0,'2015-07-15 00:47:42','Y',0,16,5,NULL),(143,'3. Cell BiologyATP endergonic and exergonic worked problems',6,'siblinks@siblinks.com','Biology','ap biology','3. Cell Biology',NULL,'https://i.ytimg.com/vi/0uY4rvW_Z_A/default.jpg','https://www.youtube.com/watch?v=0uY4rvW_Z_A','2:3',0,0,NULL,0,'2015-07-15 00:48:12','Y',0,16,5,NULL),(144,'3. Cell BiologyATP endergonic and exergonic',6,'siblinks@siblinks.com','Biology','ap biology','3. Cell Biology',NULL,'https://i.ytimg.com/vi/DYN6GO41ooE/default.jpg','https://www.youtube.com/watch?v=DYN6GO41ooE','3:26',0,0,NULL,0,'2015-07-15 00:49:56','Y',0,16,5,NULL),(145,'3. Cell BiologyC4 and CAM Worked Problems',6,'siblinks@siblinks.com','Biology','ap biology','3. Cell Biology',NULL,'https://i.ytimg.com/vi/8bEIuK9tqxY/default.jpg','https://www.youtube.com/watch?v=8bEIuK9tqxY','2:42',0,0,NULL,0,'2015-07-15 00:50:40','Y',0,16,5,NULL),(146,'3. Cell BiologyC4 and CAM',6,'siblinks@siblinks.com','Biology','ap biology','3. Cell Biology',NULL,'https://i.ytimg.com/vi/UjPdNleF6a0/default.jpg','https://www.youtube.com/watch?v=UjPdNleF6a0','3:55',0,0,NULL,0,'2015-07-15 00:52:03','Y',0,16,5,NULL),(147,'3. Cell BiologyCalvin Cycle Worked Problems',6,'siblinks@siblinks.com','Biology','ap biology','3. Cell Biology',NULL,'https://i.ytimg.com/vi/VtdsN9wPDJk/default.jpg','https://www.youtube.com/watch?v=VtdsN9wPDJk','3:17',0,0,NULL,0,'2015-07-15 00:52:44','Y',0,16,5,NULL),(148,'3. Cell BiologyCalvin Cycle',6,'siblinks@siblinks.com','Biology','ap biology','3. Cell Biology',NULL,'https://i.ytimg.com/vi/Kb4EreT3v1s/default.jpg','https://www.youtube.com/watch?v=Kb4EreT3v1s','3:16',0,0,NULL,0,'2015-07-15 00:53:55','Y',0,16,5,NULL),(149,'3. Cell BiologyCell signalling overview (pt 1)',6,'siblinks@siblinks.com','Biology','ap biology','3. Cell Biology',NULL,'https://i.ytimg.com/vi/GgMpC4w_VsU/default.jpg','https://www.youtube.com/watch?v=GgMpC4w_VsU','4:27',0,0,NULL,0,'2015-07-15 00:55:43','Y',0,16,5,NULL),(150,'3. Cell BiologyCell signalling overview (pt 2)',6,'siblinks@siblinks.com','Biology','ap biology','3. Cell Biology',NULL,'https://i.ytimg.com/vi/N_lfcKEeYg4/default.jpg','https://www.youtube.com/watch?v=N_lfcKEeYg4','2:38',0,0,NULL,0,'2015-07-15 00:57:02','Y',0,16,5,NULL),(151,'3. Cell BiologyCell signalling overview (worked solution pt 1)',6,'siblinks@siblinks.com','Biology','ap biology','3. Cell Biology',NULL,'https://i.ytimg.com/vi/mGwUdaq91NU/default.jpg','https://www.youtube.com/watch?v=mGwUdaq91NU','5:1',0,0,NULL,0,'2015-07-15 00:59:51','Y',0,16,5,NULL),(152,'3. Cell BiologyCitric Acid Cycle (NTB)',6,'siblinks@siblinks.com','Biology','ap biology','3. Cell Biology',NULL,'https://i.ytimg.com/vi/S4_I9xYBtTQ/default.jpg','https://www.youtube.com/watch?v=S4_I9xYBtTQ','2:49',0,0,NULL,0,'2015-07-15 01:01:02','Y',0,16,5,NULL),(153,'3. Cell BiologyCitric Acid Cycle Worked Problems (NTB)',6,'siblinks@siblinks.com','Biology','ap biology','3. Cell Biology',NULL,'https://i.ytimg.com/vi/NLavd_VLNEI/default.jpg','https://www.youtube.com/watch?v=NLavd_VLNEI','3:12',0,0,NULL,0,'2015-07-15 01:17:20','Y',0,16,5,NULL),(154,'1. MechanicsAP Units, Lecture 1',6,'siblinks@siblinks.com','Physics','General Physics','1. Mechanics',NULL,'https://i.ytimg.com/vi/QvdulB2TUqc/default.jpg','https://www.youtube.com/watch?v=QvdulB2TUqc','5:53',0,0,NULL,0,'2015-07-15 01:26:20','Y',0,21,4,NULL),(155,'1. MechanicsAP Units, Lecture 2',6,'siblinks@siblinks.com','Physics','General Physics','1. Mechanics',NULL,'https://i.ytimg.com/vi/16Zuc1-BRYI/default.jpg','https://www.youtube.com/watch?v=16Zuc1-BRYI','4:53',0,0,NULL,0,'2015-07-15 01:26:52','Y',0,21,4,NULL),(156,'1. MechanicsAP Units, Lecture 3',6,'siblinks@siblinks.com','Physics','General Physics','1. Mechanics',NULL,'https://i.ytimg.com/vi/0D6Ml97JS8I/default.jpg','https://www.youtube.com/watch?v=0D6Ml97JS8I','5:1',0,0,NULL,0,'2015-07-15 01:27:12','Y',0,21,4,NULL),(157,'1. MechanicsAP Units, Problem 1',6,'siblinks@siblinks.com','Physics','General Physics','1. Mechanics',NULL,'https://i.ytimg.com/vi/NixumC9fK5o/default.jpg','https://www.youtube.com/watch?v=NixumC9fK5o','4:1',0,0,NULL,0,'2015-07-15 01:27:31','Y',0,21,4,NULL),(158,'1. MechanicsAP Units, Problem 2',6,'siblinks@siblinks.com','Physics','General Physics','1. Mechanics',NULL,'https://i.ytimg.com/vi/Xd8AYR1JjPo/default.jpg','https://www.youtube.com/watch?v=Xd8AYR1JjPo','5:47',0,0,NULL,0,'2015-07-15 01:27:55','Y',0,21,4,NULL),(159,'1. MechanicsAP Forces, Lecture 1',6,'siblinks@siblinks.com','Physics','General Physics','1. Mechanics',NULL,'https://i.ytimg.com/vi/qa0-_0_Ktvs/default.jpg','https://www.youtube.com/watch?v=qa0-_0_Ktvs','4:27',0,0,NULL,0,'2015-07-15 01:28:12','Y',0,21,4,NULL),(160,'1. MechanicsAP Forces, Lecture 2',6,'siblinks@siblinks.com','Physics','General Physics','1. Mechanics',NULL,'https://i.ytimg.com/vi/FXNdDWpNX_g/default.jpg','https://www.youtube.com/watch?v=FXNdDWpNX_g','6:52',0,0,NULL,0,'2015-07-15 01:28:49','Y',0,21,4,NULL),(161,'1. MechanicsAP Forces, Problem 1',6,'siblinks@siblinks.com','Physics','General Physics','1. Mechanics',NULL,'https://i.ytimg.com/vi/Nr0aY_jQUC4/default.jpg','https://www.youtube.com/watch?v=Nr0aY_jQUC4','3:49',0,0,NULL,0,'2015-07-15 01:29:35','Y',0,21,4,NULL),(162,'1. MechanicsAP Forces, Problem 2',6,'siblinks@siblinks.com','Physics','General Physics','1. Mechanics',NULL,'https://i.ytimg.com/vi/KYqPzqUb1FM/default.jpg','https://www.youtube.com/watch?v=KYqPzqUb1FM','6:5',0,0,NULL,0,'2015-07-15 01:30:17','Y',0,21,4,NULL),(163,'1. MechanicsAP Newtons Laws, Lecture 1',6,'siblinks@siblinks.com','Physics','General Physics','1. Mechanics',NULL,'https://i.ytimg.com/vi/dYPt1pvUsyM/default.jpg','https://www.youtube.com/watch?v=dYPt1pvUsyM','6:48',0,0,NULL,0,'2015-07-15 01:31:01','Y',0,21,4,NULL),(164,'1. MechanicsAP Newtons Laws, Lecture 2',6,'siblinks@siblinks.com','Physics','General Physics','1. Mechanics',NULL,'https://i.ytimg.com/vi/Cn5aZHYBRhA/default.jpg','https://www.youtube.com/watch?v=Cn5aZHYBRhA','4:42',0,0,NULL,0,'2015-07-15 01:31:14','Y',0,21,4,NULL),(165,'1. MechanicsAP Newtons Laws, Lecture 3',6,'siblinks@siblinks.com','Physics','General Physics','1. Mechanics',NULL,'https://i.ytimg.com/vi/MFv4PX78KBY/default.jpg','https://www.youtube.com/watch?v=MFv4PX78KBY','5:16',0,0,NULL,0,'2015-07-15 01:31:38','Y',0,21,4,NULL),(166,'1. MechanicsAP Newtons Laws, Problem 1',6,'siblinks@siblinks.com','Physics','General Physics','1. Mechanics',NULL,'https://i.ytimg.com/vi/JaI1G3wC87E/default.jpg','https://www.youtube.com/watch?v=JaI1G3wC87E','3:59',0,0,NULL,0,'2015-07-15 01:32:09','Y',0,21,4,NULL),(167,'1. MechanicsAP Newtons Laws, Problem 2',6,'siblinks@siblinks.com','Physics','General Physics','1. Mechanics',NULL,'https://i.ytimg.com/vi/hhLStWAROuA/default.jpg','https://www.youtube.com/watch?v=hhLStWAROuA','3:3',0,0,NULL,0,'2015-07-15 01:32:49','Y',0,21,4,NULL),(168,'1. MechanicsAP Newtons Laws, Problem 3',6,'siblinks@siblinks.com','Physics','General Physics','1. Mechanics',NULL,'https://i.ytimg.com/vi/LMS6hmlH5hs/default.jpg','https://www.youtube.com/watch?v=LMS6hmlH5hs','4:52',0,0,NULL,0,'2015-07-15 01:33:14','Y',0,21,4,NULL),(169,'1. Standard_Model (10)StandardModel1_v0',6,'siblinks@siblinks.com','Physics','General Physics','1. Standard_Model (10)',NULL,'https://i.ytimg.com/vi/Kfe8X-Izgrc/default.jpg','https://www.youtube.com/watch?v=Kfe8X-Izgrc','2:24',0,0,NULL,0,'2015-07-15 01:33:53','Y',0,21,4,NULL),(170,'1. Standard_Model (10)StandardModel2_v0',6,'siblinks@siblinks.com','Physics','General Physics','1. Standard_Model (10)',NULL,'https://i.ytimg.com/vi/kU0D7AshnGU/default.jpg','https://www.youtube.com/watch?v=kU0D7AshnGU','3:7',0,0,NULL,0,'2015-07-15 01:34:30','Y',0,21,4,NULL),(171,'1. Standard_Model (10)StandardModel3_v0',6,'siblinks@siblinks.com','Physics','General Physics','1. Standard_Model (10)',NULL,'https://i.ytimg.com/vi/g654fyq1TYo/default.jpg','https://www.youtube.com/watch?v=g654fyq1TYo','5:9',0,0,NULL,0,'2015-07-15 01:35:20','Y',0,21,4,NULL),(172,'1. Standard_Model (10)StandardModel4_v0',6,'siblinks@siblinks.com','Physics','General Physics','1. Standard_Model (10)',NULL,'https://i.ytimg.com/vi/mYNlgCtB6wA/default.jpg','https://www.youtube.com/watch?v=mYNlgCtB6wA','3:39',0,0,NULL,0,'2015-07-15 01:35:47','Y',0,21,4,NULL),(173,'1. Standard_Model (10)StandardModel5_v0',6,'siblinks@siblinks.com','Physics','General Physics','1. Standard_Model (10)',NULL,'https://i.ytimg.com/vi/0ka6wZg-acs/default.jpg','https://www.youtube.com/watch?v=0ka6wZg-acs','3:17',0,0,NULL,0,'2015-07-15 01:36:04','Y',0,21,4,NULL),(174,'1. Standard_Model (10)StandardModel6_v0',6,'siblinks@siblinks.com','Physics','General Physics','1. Standard_Model (10)',NULL,'https://i.ytimg.com/vi/8jsGpDgST6E/default.jpg','https://www.youtube.com/watch?v=8jsGpDgST6E','3:41',0,0,NULL,0,'2015-07-15 01:36:19','Y',0,21,4,NULL),(175,'1. Standard_Model (10)StandardModel7_v0',6,'siblinks@siblinks.com','Physics','General Physics','1. Standard_Model (10)',NULL,'https://i.ytimg.com/vi/C2yzyA4I4aw/default.jpg','https://www.youtube.com/watch?v=C2yzyA4I4aw','3:48',0,0,NULL,0,'2015-07-15 01:36:33','Y',0,21,4,NULL),(176,'1. Standard_Model (10)StandardModel8_v0',6,'siblinks@siblinks.com','Physics','General Physics','1. Standard_Model (10)',NULL,'https://i.ytimg.com/vi/0XTckQHUBss/default.jpg','https://www.youtube.com/watch?v=0XTckQHUBss','3:49',0,0,NULL,0,'2015-07-15 01:37:07','Y',0,21,4,NULL),(177,'1. Standard_Model (10)StandardModel9_v0',6,'siblinks@siblinks.com','Physics','General Physics','1. Standard_Model (10)',NULL,'https://i.ytimg.com/vi/EBavs0WSgqc/default.jpg','https://www.youtube.com/watch?v=EBavs0WSgqc','4:6',0,0,NULL,0,'2015-07-15 01:37:19','Y',0,21,4,NULL),(178,'1. Standard_Model (10)StandardModel10_v0',6,'siblinks@siblinks.com','Physics','General Physics','1. Standard_Model (10)',NULL,'https://i.ytimg.com/vi/-NilQWhF9gU/default.jpg','https://www.youtube.com/watch?v=-NilQWhF9gU','5:1',0,0,NULL,0,'2015-07-15 01:37:42','Y',0,21,4,NULL),(179,'1. MechanicsCalculations in Physics with Units, Lecture 1',6,'siblinks@siblinks.com','Physics','General Physics','1. Mechanics',NULL,'https://i.ytimg.com/vi/MsJtMV2j3GY/default.jpg','https://www.youtube.com/watch?v=MsJtMV2j3GY','4:32',0,0,NULL,0,'2015-07-15 01:38:16','Y',0,21,4,NULL),(180,'1. MechanicsCalculations in Physics with Units, Lecture 2',6,'siblinks@siblinks.com','Physics','General Physics','1. Mechanics',NULL,'https://i.ytimg.com/vi/Fs-CVSnsfiY/default.jpg','https://www.youtube.com/watch?v=Fs-CVSnsfiY','4:10',0,0,NULL,0,'2015-07-15 01:38:41','Y',0,21,4,NULL),(181,'1. MechanicsCalculations in Physics with Units, Lecture 3',6,'siblinks@siblinks.com','Physics','General Physics','1. Mechanics',NULL,'https://i.ytimg.com/vi/8D4e6A14rRY/default.jpg','https://www.youtube.com/watch?v=8D4e6A14rRY','6:7',0,0,NULL,0,'2015-07-15 01:39:20','Y',0,21,4,NULL),(182,'1. MechanicsCalculations in Physics with Units, Problems for Lectures 1 and 2',6,'siblinks@siblinks.com','Physics','General Physics','1. Mechanics',NULL,'https://i.ytimg.com/vi/4i18aT1G-0g/default.jpg','https://www.youtube.com/watch?v=4i18aT1G-0g','3:28',0,0,NULL,0,'2015-07-15 01:39:50','Y',0,21,4,NULL),(183,'1. MechanicsCalculations in Physics with Units, Problems part 1 for Lecture 3',6,'siblinks@siblinks.com','Physics','General Physics','1. Mechanics',NULL,'https://i.ytimg.com/vi/jCzezwmbnxg/default.jpg','https://www.youtube.com/watch?v=jCzezwmbnxg','3:45',0,0,NULL,0,'2015-07-15 01:40:20','Y',0,21,4,NULL),(184,'1. MechanicsCalculations in Physics with Units, Problems part 2 for Lecture 3',6,'siblinks@siblinks.com','Physics','General Physics','1. Mechanics',NULL,'https://i.ytimg.com/vi/QUx2rOmdmAE/default.jpg','https://www.youtube.com/watch?v=QUx2rOmdmAE','3:',0,0,NULL,0,'2015-07-15 01:40:44','Y',0,21,4,NULL),(185,'1. MechanicsMotion_Review_Exercises',6,'siblinks@siblinks.com','Physics','General Physics','1. Mechanics',NULL,'https://i.ytimg.com/vi/pzX9aN50Ow0/default.jpg','https://www.youtube.com/watch?v=pzX9aN50Ow0','5:10',0,0,NULL,0,'2015-07-15 01:41:36','Y',0,21,4,NULL),(186,'1. MechanicsMotion',6,'siblinks@siblinks.com','Physics','General Physics','1. Mechanics',NULL,'https://i.ytimg.com/vi/6aiKpCgMV6g/default.jpg','https://www.youtube.com/watch?v=6aiKpCgMV6g','2:33',0,0,NULL,0,'2015-07-15 01:41:52','Y',0,21,4,NULL),(187,'1. MechanicsCoordinate_Systems',6,'siblinks@siblinks.com','Physics','General Physics','1. Mechanics',NULL,'https://i.ytimg.com/vi/U2UpWqc4zUE/default.jpg','https://www.youtube.com/watch?v=U2UpWqc4zUE','5:1',0,0,NULL,0,'2015-07-15 01:42:25','Y',0,21,4,NULL),(188,'1. MechanicsPosition',6,'siblinks@siblinks.com','Physics','General Physics','1. Mechanics',NULL,'https://i.ytimg.com/vi/VEIpQtEv_4s/default.jpg','https://www.youtube.com/watch?v=VEIpQtEv_4s','3:11',0,0,NULL,0,'2015-07-15 01:42:37','Y',0,21,4,NULL),(189,'1. MechanicsPositions_and_Coordinates_Exercises',6,'siblinks@siblinks.com','Physics','General Physics','1. Mechanics',NULL,'https://i.ytimg.com/vi/vKcbI7zTC7s/default.jpg','https://www.youtube.com/watch?v=vKcbI7zTC7s','4:16',0,0,NULL,0,'2015-07-15 01:42:53','Y',0,21,4,NULL),(190,'1. MechanicsTime',6,'siblinks@siblinks.com','Physics','General Physics','1. Mechanics',NULL,'https://i.ytimg.com/vi/XobMZnTHock/default.jpg','https://www.youtube.com/watch?v=XobMZnTHock','3:18',0,0,NULL,0,'2015-07-15 01:43:10','Y',0,21,4,NULL),(191,'1. MechanicsDisplacement',6,'siblinks@siblinks.com','Physics','General Physics','1. Mechanics',NULL,'https://i.ytimg.com/vi/iX_Dxi1UuRc/default.jpg','https://www.youtube.com/watch?v=iX_Dxi1UuRc','5:44',0,0,NULL,0,'2015-07-15 01:43:43','Y',0,21,4,NULL),(192,'1. MechanicsDistance_and_Displacement_Exercises',6,'siblinks@siblinks.com','Physics','General Physics','1. Mechanics',NULL,'https://i.ytimg.com/vi/03iCydaWNlw/default.jpg','https://www.youtube.com/watch?v=03iCydaWNlw','5:14',0,0,NULL,0,'2015-07-15 01:44:09','Y',0,21,4,NULL),(193,'1. MechanicsDistance',6,'siblinks@siblinks.com','Physics','General Physics','1. Mechanics',NULL,'https://i.ytimg.com/vi/eiTN9CzQquc/default.jpg','https://www.youtube.com/watch?v=eiTN9CzQquc','5:46',0,0,NULL,0,'2015-07-15 01:44:31','Y',0,21,4,NULL),(194,'1. MechanicsAcceleration_Exercises',6,'siblinks@siblinks.com','Physics','General Physics','1. Mechanics',NULL,'https://i.ytimg.com/vi/a3kkYI24yGQ/default.jpg','https://www.youtube.com/watch?v=a3kkYI24yGQ','4:38',0,0,NULL,0,'2015-07-15 01:44:55','Y',0,21,4,NULL),(195,'1. MechanicsAcceleration',6,'siblinks@siblinks.com','Physics','General Physics','1. Mechanics',NULL,'https://i.ytimg.com/vi/eLHIIJUqL4M/default.jpg','https://www.youtube.com/watch?v=eLHIIJUqL4M','4:29',0,0,NULL,0,'2015-07-15 01:45:14','Y',0,21,4,NULL),(196,'1. MechanicsElementary_Kinematics',6,'siblinks@siblinks.com','Physics','General Physics','1. Mechanics',NULL,'https://i.ytimg.com/vi/lww4XIKqX9I/default.jpg','https://www.youtube.com/watch?v=lww4XIKqX9I','4:2',0,0,NULL,0,'2015-07-15 01:45:29','Y',0,21,4,NULL),(197,'1. MechanicsKinematics_Exercises',6,'siblinks@siblinks.com','Physics','General Physics','1. Mechanics',NULL,'https://i.ytimg.com/vi/7jKN1zyS3k4/default.jpg','https://www.youtube.com/watch?v=7jKN1zyS3k4','5:53',0,0,NULL,0,'2015-07-15 01:45:57','Y',0,21,4,NULL),(198,'1. MechanicsSpeed_and_Velocity_Exercises',6,'siblinks@siblinks.com','Physics','General Physics','1. Mechanics',NULL,'https://i.ytimg.com/vi/EKQKVVb48oQ/default.jpg','https://www.youtube.com/watch?v=EKQKVVb48oQ','4:36',0,0,NULL,0,'2015-07-15 01:46:22','Y',0,21,4,NULL),(199,'1. MechanicsSpeed_and_Velocity',6,'siblinks@siblinks.com','Physics','General Physics','1. Mechanics',NULL,'https://i.ytimg.com/vi/vO32tXpmr3Q/default.jpg','https://www.youtube.com/watch?v=vO32tXpmr3Q','4:33',0,0,NULL,0,'2015-07-15 01:46:40','Y',0,21,4,NULL),(200,'1. MechanicsInertial_Reference_Frames',6,'siblinks@siblinks.com','Physics','General Physics','1. Mechanics',NULL,'https://i.ytimg.com/vi/QgTnjuCxGI0/default.jpg','https://www.youtube.com/watch?v=QgTnjuCxGI0','4:58',0,0,NULL,0,'2015-07-15 01:47:04','Y',0,21,4,NULL),(201,'1. MechanicsReference_Frames',6,'siblinks@siblinks.com','Physics','General Physics','1. Mechanics',NULL,'https://i.ytimg.com/vi/hpCO3fwQwGo/default.jpg','https://www.youtube.com/watch?v=hpCO3fwQwGo','4:44',0,0,NULL,0,'2015-07-15 01:47:37','Y',0,21,4,NULL),(202,'1. MechanicsForces and Net Forces, Lecture 1',6,'siblinks@siblinks.com','Physics','General Physics','1. Mechanics',NULL,'https://i.ytimg.com/vi/gCj8ScAUBMM/default.jpg','https://www.youtube.com/watch?v=gCj8ScAUBMM','4:59',0,0,NULL,0,'2015-07-15 01:47:50','Y',0,21,4,NULL),(203,'1. MechanicsForces and Net Forces, Lecture 2',6,'siblinks@siblinks.com','Physics','General Physics','1. Mechanics',NULL,'https://i.ytimg.com/vi/Yn4D7dkx3Ks/default.jpg','https://www.youtube.com/watch?v=Yn4D7dkx3Ks','4:49',0,0,NULL,0,'2015-07-15 01:48:08','Y',0,21,4,NULL),(204,'1. MechanicsForces and Net Forces, Lecture 3',6,'siblinks@siblinks.com','Physics','General Physics','1. Mechanics',NULL,'https://i.ytimg.com/vi/4aS_GuVMO8Q/default.jpg','https://www.youtube.com/watch?v=4aS_GuVMO8Q','4:23',0,0,NULL,0,'2015-07-15 01:48:20','Y',0,21,4,NULL),(205,'1. MechanicsForces and Net Forces, Problem 1',6,'siblinks@siblinks.com','Physics','General Physics','1. Mechanics',NULL,'https://i.ytimg.com/vi/QhZWdmh6L9Y/default.jpg','https://www.youtube.com/watch?v=QhZWdmh6L9Y','3:20',0,0,NULL,0,'2015-07-15 01:48:50','Y',0,21,4,NULL),(206,'1. MechanicsForces and Net Forces, Problem 2',6,'siblinks@siblinks.com','Physics','General Physics','1. Mechanics',NULL,'https://i.ytimg.com/vi/_7ij84tzatw/default.jpg','https://www.youtube.com/watch?v=_7ij84tzatw','3:29',0,0,NULL,0,'2015-07-15 01:49:09','Y',0,21,4,NULL),(207,'1. MechanicsMass and Newtons Laws, Lecture 1',6,'siblinks@siblinks.com','Physics','General Physics','1. Mechanics',NULL,'https://i.ytimg.com/vi/O8JNDtN7FQU/default.jpg','https://www.youtube.com/watch?v=O8JNDtN7FQU','5:27',0,0,NULL,0,'2015-07-15 01:49:34','Y',0,21,4,NULL),(208,'1. MechanicsMass and Newtons Laws, Lecture 2',6,'siblinks@siblinks.com','Physics','General Physics','1. Mechanics',NULL,'https://i.ytimg.com/vi/LmWTknsjils/default.jpg','https://www.youtube.com/watch?v=LmWTknsjils','4:28',0,0,NULL,0,'2015-07-15 01:50:00','Y',0,21,4,NULL),(209,'1. MechanicsMass and Newtons Laws, Lecture 3',6,'siblinks@siblinks.com','Physics','General Physics','1. Mechanics',NULL,'https://i.ytimg.com/vi/wuGo_BuxVTQ/default.jpg','https://www.youtube.com/watch?v=wuGo_BuxVTQ','5:21',0,0,NULL,0,'2015-07-15 01:50:29','Y',0,21,4,NULL),(210,'1. MechanicsMass and Newtons Laws, Lecture 4',6,'siblinks@siblinks.com','Physics','General Physics','1. Mechanics',NULL,'https://i.ytimg.com/vi/4Bwz516lCXE/default.jpg','https://www.youtube.com/watch?v=4Bwz516lCXE','4:18',0,0,NULL,0,'2015-07-15 01:50:53','Y',0,21,4,NULL),(211,'1. MechanicsMass and Newtons Laws, Lecture 5',6,'siblinks@siblinks.com','Physics','General Physics','1. Mechanics',NULL,'https://i.ytimg.com/vi/lxI4NN-neL0/default.jpg','https://www.youtube.com/watch?v=lxI4NN-neL0','0',0,0,NULL,0,'2015-07-15 01:50:54','Y',0,21,4,NULL),(212,'1. MechanicsMass and Newtons Laws, Problem 1',6,'siblinks@siblinks.com','Physics','General Physics','1. Mechanics',NULL,'https://i.ytimg.com/vi/q_xiVCuWa04/default.jpg','https://www.youtube.com/watch?v=q_xiVCuWa04','3:53',0,0,NULL,0,'2015-07-15 01:51:08','Y',0,21,4,NULL),(213,'1. MechanicsMass and Newtons Laws, Problem 2',6,'siblinks@siblinks.com','Physics','General Physics','1. Mechanics',NULL,'https://i.ytimg.com/vi/xIEh2qz4RhU/default.jpg','https://www.youtube.com/watch?v=xIEh2qz4RhU','3:42',0,0,NULL,0,'2015-07-15 01:51:26','Y',0,21,4,NULL),(214,'1. MechanicsMass and Newtons Laws, Problem 3',6,'siblinks@siblinks.com','Physics','General Physics','1. Mechanics',NULL,'https://i.ytimg.com/vi/9cZBlM-xLpg/default.jpg','https://www.youtube.com/watch?v=9cZBlM-xLpg','0',0,0,NULL,0,'2015-07-15 01:51:27','Y',0,21,4,NULL),(215,'1. MechanicsMass and Newtons Laws, Problem 4',6,'siblinks@siblinks.com','Physics','General Physics','1. Mechanics',NULL,'https://i.ytimg.com/vi/OTXciMm72k8/default.jpg','https://www.youtube.com/watch?v=OTXciMm72k8','4:18',0,0,NULL,0,'2015-07-15 01:51:44','Y',0,21,4,NULL),(216,'1. MechanicsMass and Newtons Laws, Problem 5',6,'siblinks@siblinks.com','Physics','General Physics','1. Mechanics',NULL,'https://i.ytimg.com/vi/9_iCIK1y-6k/default.jpg','https://www.youtube.com/watch?v=9_iCIK1y-6k','6:9',0,0,NULL,0,'2015-07-15 01:52:56','Y',0,21,4,NULL),(217,'1. MechanicsMomentum, Lecture 1',6,'siblinks@siblinks.com','Physics','General Physics','1. Mechanics',NULL,'https://i.ytimg.com/vi/UHWwY7xbi4I/default.jpg','https://www.youtube.com/watch?v=UHWwY7xbi4I','5:20',0,0,NULL,0,'2015-07-15 01:53:21','Y',0,21,4,NULL),(218,'1. MechanicsMomentum, Lecture 2',6,'siblinks@siblinks.com','Physics','General Physics','1. Mechanics',NULL,'https://i.ytimg.com/vi/Dur7VcmOpxA/default.jpg','https://www.youtube.com/watch?v=Dur7VcmOpxA','5:23',0,0,NULL,0,'2015-07-15 01:53:39','Y',0,21,4,NULL),(219,'1. MechanicsMomentum, Lecture 3',6,'siblinks@siblinks.com','Physics','General Physics','1. Mechanics',NULL,'https://i.ytimg.com/vi/1QSUpg6FRTQ/default.jpg','https://www.youtube.com/watch?v=1QSUpg6FRTQ','5:5',0,0,NULL,0,'2015-07-15 01:53:53','Y',0,21,4,NULL),(220,'1. MechanicsMomentum, Lecture 4',6,'siblinks@siblinks.com','Physics','General Physics','1. Mechanics',NULL,'https://i.ytimg.com/vi/-2KQqznPrpA/default.jpg','https://www.youtube.com/watch?v=-2KQqznPrpA','3:52',0,0,NULL,0,'2015-07-15 01:54:10','Y',0,21,4,NULL),(221,'1. MechanicsMomentum, Lecture 5',6,'siblinks@siblinks.com','Physics','General Physics','1. Mechanics',NULL,'https://i.ytimg.com/vi/Ke4P64fCChc/default.jpg','https://www.youtube.com/watch?v=Ke4P64fCChc','5:34',0,0,NULL,0,'2015-07-15 01:54:28','Y',0,21,4,NULL),(222,'1. MechanicsMomentum, Problem 2',6,'siblinks@siblinks.com','Physics','General Physics','1. Mechanics',NULL,'https://i.ytimg.com/vi/XtLKHRAil-Q/default.jpg','https://www.youtube.com/watch?v=XtLKHRAil-Q','4:31',0,0,NULL,0,'2015-07-15 01:54:49','Y',0,21,4,NULL),(223,'1. MechanicsMomentum, Problem 3',6,'siblinks@siblinks.com','Physics','General Physics','1. Mechanics',NULL,'https://i.ytimg.com/vi/vP5l0026ggY/default.jpg','https://www.youtube.com/watch?v=vP5l0026ggY','8:45',0,0,NULL,0,'2015-07-15 01:55:23','Y',0,21,4,NULL),(224,'1. MechanicsMomentum, Problem 4',6,'siblinks@siblinks.com','Physics','General Physics','1. Mechanics',NULL,'https://i.ytimg.com/vi/p8QABnQ6E5Y/default.jpg','https://www.youtube.com/watch?v=p8QABnQ6E5Y','4:1',0,0,NULL,0,'2015-07-15 01:55:37','Y',0,21,4,NULL),(225,'1. MechanicsEnergy Work and Power, Lecture 1',6,'siblinks@siblinks.com','Physics','General Physics','1. Mechanics',NULL,'https://i.ytimg.com/vi/eFxlHCBoA5M/default.jpg','https://www.youtube.com/watch?v=eFxlHCBoA5M','6:26',0,0,NULL,0,'2015-07-15 01:55:58','Y',0,21,4,NULL),(226,'1. MechanicsEnergy Work and Power, Lecture 2',6,'siblinks@siblinks.com','Physics','General Physics','1. Mechanics',NULL,'https://i.ytimg.com/vi/TbEp0vP6i60/default.jpg','https://www.youtube.com/watch?v=TbEp0vP6i60','6:44',0,0,NULL,0,'2015-07-15 01:56:16','Y',0,21,4,NULL),(227,'1. MechanicsEnergy Work and Power, Lecture 3',6,'siblinks@siblinks.com','Physics','General Physics','1. Mechanics',NULL,'https://i.ytimg.com/vi/u21tj4uLbQQ/default.jpg','https://www.youtube.com/watch?v=u21tj4uLbQQ','4:24',0,0,NULL,0,'2015-07-15 01:56:34','Y',0,21,4,NULL),(228,'1. MechanicsEnergy Work and Power, Problem 1',6,'siblinks@siblinks.com','Physics','General Physics','1. Mechanics',NULL,'https://i.ytimg.com/vi/7Ve480kjZl8/default.jpg','https://www.youtube.com/watch?v=7Ve480kjZl8','3:35',0,0,NULL,0,'2015-07-15 01:56:47','Y',0,21,4,NULL),(229,'1. MechanicsEnergy Work and Power, Problem 2',6,'siblinks@siblinks.com','Physics','General Physics','1. Mechanics',NULL,'https://i.ytimg.com/vi/u00SdU_GzTQ/default.jpg','https://www.youtube.com/watch?v=u00SdU_GzTQ','4:19',0,0,NULL,0,'2015-07-15 01:57:03','Y',0,21,4,NULL),(230,'1. MechanicsEnergy Work and Power, Problem 3 part 1',6,'siblinks@siblinks.com','Physics','General Physics','1. Mechanics',NULL,'https://i.ytimg.com/vi/ERiszkq0GDI/default.jpg','https://www.youtube.com/watch?v=ERiszkq0GDI','3:28',0,0,NULL,0,'2015-07-15 01:57:13','Y',0,21,4,NULL),(231,'1. MechanicsEnergy Work and Power, Problem 3 part 2',6,'siblinks@siblinks.com','Physics','General Physics','1. Mechanics',NULL,'https://i.ytimg.com/vi/Y-qzEyuutNE/default.jpg','https://www.youtube.com/watch?v=Y-qzEyuutNE','3:28',0,0,NULL,0,'2015-07-15 01:57:26','Y',0,21,4,NULL),(232,'1. MechanicsConservation of Energy, Lecture 1',6,'siblinks@siblinks.com','Physics','General Physics','1. Mechanics',NULL,'https://i.ytimg.com/vi/9VrDULfzAxM/default.jpg','https://www.youtube.com/watch?v=9VrDULfzAxM','4:15',0,0,NULL,0,'2015-07-15 01:57:41','Y',0,21,4,NULL),(233,'Chap 11 Properties of Matter',6,'siblinks@siblinks.com','Chemistry','General Chemistry','Chap 1',NULL,'https://i.ytimg.com/vi/8ZZDw3pTaRc/default.jpg','https://www.youtube.com/watch?v=8ZZDw3pTaRc','7:17',0,0,NULL,0,'2015-07-15 02:08:11','Y',0,20,3,NULL),(234,'Chap 12 Classification of Matter',6,'siblinks@siblinks.com','Chemistry','General Chemistry','Chap 1',NULL,'https://i.ytimg.com/vi/NS658UkLczU/default.jpg','https://www.youtube.com/watch?v=NS658UkLczU','5:22',0,0,NULL,0,'2015-07-15 02:08:50','Y',0,20,3,NULL),(235,'Chap 31 Chemical Formula',6,'siblinks@siblinks.com','Chemistry','General Chemistry','Chap 3',NULL,'https://i.ytimg.com/vi/oPa_lpPRtQQ/default.jpg','https://www.youtube.com/watch?v=oPa_lpPRtQQ','9:22',0,0,NULL,0,'2015-07-15 02:09:24','Y',0,20,3,NULL),(236,'Chap 32 Chemical Formula (Exercise Video)',6,'siblinks@siblinks.com','Chemistry','General Chemistry','Chap 3',NULL,'https://i.ytimg.com/vi/LmF_isXlZt0/default.jpg','https://www.youtube.com/watch?v=LmF_isXlZt0','4:27',0,0,NULL,0,'2015-07-15 02:09:46','Y',0,20,3,NULL),(237,'Chap 33 Naming atoms molecules compounds concept',6,'siblinks@siblinks.com','Chemistry','General Chemistry','Chap 3',NULL,'https://i.ytimg.com/vi/CjL04qp75Lo/default.jpg','https://www.youtube.com/watch?v=CjL04qp75Lo','4:58',0,0,NULL,0,'2015-07-15 02:10:03','Y',0,20,3,NULL),(238,'Chap 34 Naming ionic compounds and exercise',6,'siblinks@siblinks.com','Chemistry','General Chemistry','Chap 3',NULL,'https://i.ytimg.com/vi/pXWjFgUAYTo/default.jpg','https://www.youtube.com/watch?v=pXWjFgUAYTo','7:48',0,0,NULL,0,'2015-07-15 02:10:40','Y',0,20,3,NULL),(239,'Chap 3Nomeclature Exercises',6,'siblinks@siblinks.com','Chemistry','General Chemistry','Chap 3',NULL,'https://i.ytimg.com/vi/qswmTzt7wWc/default.jpg','https://www.youtube.com/watch?v=qswmTzt7wWc','4:23',0,0,NULL,0,'2015-07-15 02:11:13','Y',0,20,3,NULL),(240,'Chap 3Periodic Trends Exercises',6,'siblinks@siblinks.com','Chemistry','General Chemistry','Chap 3',NULL,'https://i.ytimg.com/vi/RDs4vpb-H4g/default.jpg','https://www.youtube.com/watch?v=RDs4vpb-H4g','4:21',0,0,NULL,0,'2015-07-15 02:11:54','Y',0,20,3,NULL),(241,'Chap 41 Atomic Composition and Atomic Number',6,'siblinks@siblinks.com','Chemistry','General Chemistry','Chap 4',NULL,'https://i.ytimg.com/vi/pJk9SeMQ5W0/default.jpg','https://www.youtube.com/watch?v=pJk9SeMQ5W0','6:47',0,0,NULL,0,'2015-07-15 02:12:20','Y',0,20,3,NULL),(242,'Chap 42 Atomic Composition (Exercise Video)',6,'siblinks@siblinks.com','Chemistry','General Chemistry','Chap 4',NULL,'https://i.ytimg.com/vi/xIboYZoKdw4/default.jpg','https://www.youtube.com/watch?v=xIboYZoKdw4','2:33',0,0,NULL,0,'2015-07-15 02:12:40','Y',0,20,3,NULL),(243,'Chap 43 Atomic Structure and Atomic Model Development',6,'siblinks@siblinks.com','Chemistry','General Chemistry','Chap 4',NULL,'https://i.ytimg.com/vi/rG5X7WAjuaA/default.jpg','https://www.youtube.com/watch?v=rG5X7WAjuaA','5:55',0,0,NULL,0,'2015-07-15 02:13:11','Y',0,20,3,NULL),(244,'Chap 44 Atomic Number and Mass Number (Exercise Video)',6,'siblinks@siblinks.com','Chemistry','General Chemistry','Chap 4',NULL,'https://i.ytimg.com/vi/XDmU0XiKr24/default.jpg','https://www.youtube.com/watch?v=XDmU0XiKr24','5:15',0,0,NULL,0,'2015-07-15 02:13:32','Y',0,20,3,NULL),(245,'Chap 45 Isotopes and Amu',6,'siblinks@siblinks.com','Chemistry','General Chemistry','Chap 4',NULL,'https://i.ytimg.com/vi/jnEX4X9mrwA/default.jpg','https://www.youtube.com/watch?v=jnEX4X9mrwA','6:55',0,0,NULL,0,'2015-07-15 02:14:00','Y',0,20,3,NULL),(246,'Chap 46 quantum model of atom',6,'siblinks@siblinks.com','Chemistry','General Chemistry','Chap 4',NULL,'https://i.ytimg.com/vi/KWmweIHldw4/default.jpg','https://www.youtube.com/watch?v=KWmweIHldw4','5:50',0,0,NULL,0,'2015-07-15 02:14:34','Y',0,20,3,NULL),(247,'Chap 47 Bohr Model',6,'siblinks@siblinks.com','Chemistry','General Chemistry','Chap 4',NULL,'https://i.ytimg.com/vi/DCfVIKe0C08/default.jpg','https://www.youtube.com/watch?v=DCfVIKe0C08','6:16',0,0,NULL,0,'2015-07-15 02:15:11','Y',0,20,3,NULL),(248,'Chapter 1examples1',6,'siblinks@siblinks.com','Mathematics','Algebra 2','Chapter 1',NULL,'https://i.ytimg.com/vi/pSBRWIThrb4/default.jpg','https://www.youtube.com/watch?v=pSBRWIThrb4','4:26',0,0,NULL,0,'2015-07-18 06:34:16','Y',0,18,2,NULL),(249,'Chapter 1examples2',6,'siblinks@siblinks.com','Mathematics','Algebra 2','Chapter 1',NULL,'https://i.ytimg.com/vi/y6pc1G0y6I0/default.jpg','https://www.youtube.com/watch?v=y6pc1G0y6I0','4:13',0,0,NULL,0,'2015-07-18 06:34:26','Y',0,18,2,NULL),(250,'Chapter 1examples3',6,'siblinks@siblinks.com','Mathematics','Algebra 2','Chapter 1',NULL,'https://i.ytimg.com/vi/GvSteP6yRms/default.jpg','https://www.youtube.com/watch?v=GvSteP6yRms','4:40',0,0,NULL,0,'2015-07-18 06:34:51','Y',0,18,2,NULL),(251,'Chapter 1examples4',6,'siblinks@siblinks.com','Mathematics','Algebra 2','Chapter 1',NULL,'https://i.ytimg.com/vi/fPbXiph4VQg/default.jpg','https://www.youtube.com/watch?v=fPbXiph4VQg','5:5',0,0,NULL,0,'2015-07-18 06:35:06','Y',0,18,2,NULL),(252,'Chapter 1examples5',6,'siblinks@siblinks.com','Mathematics','Algebra 2','Chapter 1',NULL,'https://i.ytimg.com/vi/R1tk04wbLGY/default.jpg','https://www.youtube.com/watch?v=R1tk04wbLGY','4:25',0,0,NULL,0,'2015-07-18 06:35:20','Y',0,18,2,NULL),(253,'Chapter 1examples6',6,'siblinks@siblinks.com','Mathematics','Algebra 2','Chapter 1',NULL,'https://i.ytimg.com/vi/z6JMp2-Bzv0/default.jpg','https://www.youtube.com/watch?v=z6JMp2-Bzv0','4:43',0,0,NULL,0,'2015-07-18 06:35:35','Y',0,18,2,NULL),(254,'Chapter 1part1',6,'siblinks@siblinks.com','Mathematics','Algebra 2','Chapter 1',NULL,'https://i.ytimg.com/vi/1NW38bMagII/default.jpg','https://www.youtube.com/watch?v=1NW38bMagII','4:31',0,0,NULL,0,'2015-07-18 06:35:55','Y',0,18,2,NULL),(255,'Chapter 1part2',6,'siblinks@siblinks.com','Mathematics','Algebra 2','Chapter 1',NULL,'https://i.ytimg.com/vi/MubWBSGuJxE/default.jpg','https://www.youtube.com/watch?v=MubWBSGuJxE','5:27',0,0,NULL,0,'2015-07-18 06:36:15','Y',0,18,2,NULL),(256,'Chapter 1part3',6,'siblinks@siblinks.com','Mathematics','Algebra 2','Chapter 1',NULL,'https://i.ytimg.com/vi/OAXxvmbCNTI/default.jpg','https://www.youtube.com/watch?v=OAXxvmbCNTI','5:51',0,0,NULL,0,'2015-07-18 06:36:29','Y',0,18,2,NULL),(257,'Chapter 1part4',6,'siblinks@siblinks.com','Mathematics','Algebra 2','Chapter 1',NULL,'https://i.ytimg.com/vi/Z6ozm3rav04/default.jpg','https://www.youtube.com/watch?v=Z6ozm3rav04','5:2',0,0,NULL,0,'2015-07-18 06:36:45','Y',0,18,2,NULL),(258,'Chapter 1part5',6,'siblinks@siblinks.com','Mathematics','Algebra 2','Chapter 1',NULL,'https://i.ytimg.com/vi/wCdtOuQu9OI/default.jpg','https://www.youtube.com/watch?v=wCdtOuQu9OI','4:10',0,0,NULL,0,'2015-07-18 06:36:57','Y',0,18,2,NULL),(259,'Chapter 2part1',6,'siblinks@siblinks.com','Mathematics','Algebra 2','Chapter 2',NULL,'https://i.ytimg.com/vi/YRJAq9KxoLU/default.jpg','https://www.youtube.com/watch?v=YRJAq9KxoLU','5:22',0,0,NULL,0,'2015-07-18 06:37:14','Y',0,18,2,NULL),(260,'Chapter 2part2',6,'siblinks@siblinks.com','Mathematics','Algebra 2','Chapter 2',NULL,'https://i.ytimg.com/vi/IjV4tDfXh4I/default.jpg','https://www.youtube.com/watch?v=IjV4tDfXh4I','5:45',0,0,NULL,0,'2015-07-18 06:37:39','Y',0,18,2,NULL),(261,'Chapter 2part3',6,'siblinks@siblinks.com','Mathematics','Algebra 2','Chapter 2',NULL,'https://i.ytimg.com/vi/4FbOu3sEE3Q/default.jpg','https://www.youtube.com/watch?v=4FbOu3sEE3Q','4:34',0,0,NULL,0,'2015-07-18 06:37:58','Y',0,18,2,NULL),(262,'Chapter 2part4',6,'siblinks@siblinks.com','Mathematics','Algebra 2','Chapter 2',NULL,'https://i.ytimg.com/vi/uHm8jMVlOvk/default.jpg','https://www.youtube.com/watch?v=uHm8jMVlOvk','4:30',0,0,NULL,0,'2015-07-18 06:38:11','Y',0,18,2,NULL),(263,'Chapter 2part5',6,'siblinks@siblinks.com','Mathematics','Algebra 2','Chapter 2',NULL,'https://i.ytimg.com/vi/Dx_ffnddnz8/default.jpg','https://www.youtube.com/watch?v=Dx_ffnddnz8','5:1',0,0,NULL,0,'2015-07-18 06:38:41','Y',0,18,2,NULL),(264,'Chapter 2part6',6,'siblinks@siblinks.com','Mathematics','Algebra 2','Chapter 2',NULL,'https://i.ytimg.com/vi/lEE_ilHfP-Q/default.jpg','https://www.youtube.com/watch?v=lEE_ilHfP-Q','4:42',0,0,NULL,0,'2015-07-18 06:39:06','Y',0,18,2,NULL),(265,'Chapter 3Ex - Inequalities II',6,'siblinks@siblinks.com','Mathematics','Algebra 2','Chapter 3',NULL,'https://i.ytimg.com/vi/7p5xDO9cL1A/default.jpg','https://www.youtube.com/watch?v=7p5xDO9cL1A','6:23',0,0,NULL,0,'2015-07-18 06:39:29','Y',0,18,2,NULL),(266,'Chapter 3Ex - Inequalities',6,'siblinks@siblinks.com','Mathematics','Algebra 2','Chapter 3',NULL,'https://i.ytimg.com/vi/drBP8-F8IM0/default.jpg','https://www.youtube.com/watch?v=drBP8-F8IM0','7:29',0,0,NULL,0,'2015-07-18 06:39:52','Y',0,18,2,NULL),(267,'Chapter 3Ex - Solving by elimination II',6,'siblinks@siblinks.com','Mathematics','Algebra 2','Chapter 3',NULL,'https://i.ytimg.com/vi/dWceEuIHG4c/default.jpg','https://www.youtube.com/watch?v=dWceEuIHG4c','5:58',0,0,NULL,0,'2015-07-18 06:40:15','Y',0,18,2,NULL),(268,'Chapter 3Ex - Solving by elimination',6,'siblinks@siblinks.com','Mathematics','Algebra 2','Chapter 3',NULL,'https://i.ytimg.com/vi/uN-6_Jka_sw/default.jpg','https://www.youtube.com/watch?v=uN-6_Jka_sw','8:4',0,0,NULL,0,'2015-07-18 06:40:38','Y',0,18,2,NULL),(269,'Chapter 3Ex - Solving by graphing',6,'siblinks@siblinks.com','Mathematics','Algebra 2','Chapter 3',NULL,'https://i.ytimg.com/vi/RDbZ9nfgIqg/default.jpg','https://www.youtube.com/watch?v=RDbZ9nfgIqg','7:16',0,0,NULL,0,'2015-07-18 06:40:58','Y',0,18,2,NULL),(270,'Chapter 3Example - Solving by Substitution',6,'siblinks@siblinks.com','Mathematics','Algebra 2','Chapter 3',NULL,'https://i.ytimg.com/vi/-p9-VRZKevI/default.jpg','https://www.youtube.com/watch?v=-p9-VRZKevI','6:6',0,0,NULL,0,'2015-07-18 06:41:17','Y',0,18,2,NULL),(271,'Chapter 3Example - Systems of Inequalities',6,'siblinks@siblinks.com','Mathematics','Algebra 2','Chapter 3',NULL,'https://i.ytimg.com/vi/h9g5Rrn-MTg/default.jpg','https://www.youtube.com/watch?v=h9g5Rrn-MTg','3:49',0,0,NULL,0,'2015-07-18 06:41:33','Y',0,18,2,NULL),(272,'Chapter 3Example - Word Problems',6,'siblinks@siblinks.com','Mathematics','Algebra 2','Chapter 3',NULL,'https://i.ytimg.com/vi/CHfbMQi1DTg/default.jpg','https://www.youtube.com/watch?v=CHfbMQi1DTg','4:45',0,0,NULL,0,'2015-07-18 06:41:52','Y',0,18,2,NULL),(273,'Chapter 3Lesson - Chapter Vocab',6,'siblinks@siblinks.com','Mathematics','Algebra 2','Chapter 3',NULL,'https://i.ytimg.com/vi/K2eoSRxcRr8/default.jpg','https://www.youtube.com/watch?v=K2eoSRxcRr8','5:11',0,0,NULL,0,'2015-07-18 06:42:13','Y',0,18,2,NULL),(274,'Chapter 3Lesson - Inequalities',6,'siblinks@siblinks.com','Mathematics','Algebra 2','Chapter 3',NULL,'https://i.ytimg.com/vi/BsFxhUyPpVo/default.jpg','https://www.youtube.com/watch?v=BsFxhUyPpVo','7:42',0,0,NULL,0,'2015-07-18 06:42:37','Y',0,18,2,NULL),(275,'Chapter 3Lesson - Solving for infinite or no solutions',6,'siblinks@siblinks.com','Mathematics','Algebra 2','Chapter 3',NULL,'https://i.ytimg.com/vi/ud83RqYIuxM/default.jpg','https://www.youtube.com/watch?v=ud83RqYIuxM','7:2',0,0,NULL,0,'2015-07-18 06:43:03','Y',0,18,2,NULL),(276,'Chapter 3Lesson - Solving Systems of Eqs - Elimination',6,'siblinks@siblinks.com','Mathematics','Algebra 2','Chapter 3',NULL,'https://i.ytimg.com/vi/XmZ2NgZULTY/default.jpg','https://www.youtube.com/watch?v=XmZ2NgZULTY','5:24',0,0,NULL,0,'2015-07-18 06:43:25','Y',0,18,2,NULL),(277,'Chapter 3Lesson - Solving Systems of Eqs - Graphing',6,'siblinks@siblinks.com','Mathematics','Algebra 2','Chapter 3',NULL,'https://i.ytimg.com/vi/1KJoHBwxYfg/default.jpg','https://www.youtube.com/watch?v=1KJoHBwxYfg','5:32',0,0,NULL,0,'2015-07-18 06:43:42','Y',0,18,2,NULL),(278,'Chapter 3Lesson - Solving Systems of Eqs - Subsitution',6,'siblinks@siblinks.com','Mathematics','Algebra 2','Chapter 3',NULL,'https://i.ytimg.com/vi/1oBnJ9iCpHM/default.jpg','https://www.youtube.com/watch?v=1oBnJ9iCpHM','6:8',0,0,NULL,0,'2015-07-18 06:44:01','Y',0,18,2,NULL),(279,'Chapter 3Lesson - Systems of inequalities',6,'siblinks@siblinks.com','Mathematics','Algebra 2','Chapter 3',NULL,'https://i.ytimg.com/vi/AxKRsgCps9E/default.jpg','https://www.youtube.com/watch?v=AxKRsgCps9E','6:28',0,0,NULL,0,'2015-07-18 06:44:16','Y',0,18,2,NULL),(280,'Chapter 4Adding and subtracting matrices',6,'siblinks@siblinks.com','Mathematics','Algebra 2','Chapter 4',NULL,'https://i.ytimg.com/vi/RSxrQk7H-sg/default.jpg','https://www.youtube.com/watch?v=RSxrQk7H-sg','4:59',0,0,NULL,0,'2015-07-18 06:44:33','Y',0,18,2,NULL),(281,'Chapter 4area of polygons',6,'siblinks@siblinks.com','Mathematics','Algebra 2','Chapter 4',NULL,'https://i.ytimg.com/vi/Otq9QU7_-So/default.jpg','https://www.youtube.com/watch?v=Otq9QU7_-So','7:15',0,0,NULL,0,'2015-07-18 06:44:55','Y',0,18,2,NULL),(282,'Chapter 4cramers rule',6,'siblinks@siblinks.com','Mathematics','Algebra 2','Chapter 4',NULL,'https://i.ytimg.com/vi/3F33wy4vmaA/default.jpg','https://www.youtube.com/watch?v=3F33wy4vmaA','5:1',0,0,NULL,0,'2015-07-18 06:45:13','Y',0,18,2,NULL),(283,'Chapter 4determinant of matrices 3 by 3 example',6,'siblinks@siblinks.com','Mathematics','Algebra 2','Chapter 4',NULL,'https://i.ytimg.com/vi/rp9owiG1Gic/default.jpg','https://www.youtube.com/watch?v=rp9owiG1Gic','4:56',0,0,NULL,0,'2015-07-18 06:45:30','Y',0,18,2,NULL),(284,'Chapter 4determinant of matrices 3 by 3',6,'siblinks@siblinks.com','Mathematics','Algebra 2','Chapter 4',NULL,'https://i.ytimg.com/vi/LOKEyIWXXaA/default.jpg','https://www.youtube.com/watch?v=LOKEyIWXXaA','4:28',0,0,NULL,0,'2015-07-18 06:45:56','Y',0,18,2,NULL),(285,'Chapter 4finding area of triangles',6,'siblinks@siblinks.com','Mathematics','Algebra 2','Chapter 4',NULL,'https://i.ytimg.com/vi/HYtYph4aRSQ/default.jpg','https://www.youtube.com/watch?v=HYtYph4aRSQ','6:41',0,0,NULL,0,'2015-07-18 06:46:23','Y',0,18,2,NULL),(286,'Chapter 4Finding determinant of 2 by2',6,'siblinks@siblinks.com','Mathematics','Algebra 2','Chapter 4',NULL,'https://i.ytimg.com/vi/YxNDrHfhXLQ/default.jpg','https://www.youtube.com/watch?v=YxNDrHfhXLQ','4:25',0,0,NULL,0,'2015-07-18 06:46:41','Y',0,18,2,NULL),(287,'Chapter 4inverse and identity matrix',6,'siblinks@siblinks.com','Mathematics','Algebra 2','Chapter 4',NULL,'https://i.ytimg.com/vi/7rCk1w7UDPw/default.jpg','https://www.youtube.com/watch?v=7rCk1w7UDPw','7:52',0,0,NULL,0,'2015-07-18 06:47:05','Y',0,18,2,NULL),(288,'Chapter 4Matrices intro',6,'siblinks@siblinks.com','Mathematics','Algebra 2','Chapter 4',NULL,'https://i.ytimg.com/vi/CpUTsIUPmy0/default.jpg','https://www.youtube.com/watch?v=CpUTsIUPmy0','7:31',0,0,NULL,0,'2015-07-18 06:47:38','Y',0,18,2,NULL),(289,'Chapter 4multiplying by scalar',6,'siblinks@siblinks.com','Mathematics','Algebra 2','Chapter 4',NULL,'https://i.ytimg.com/vi/ROTptX7-qhU/default.jpg','https://www.youtube.com/watch?v=ROTptX7-qhU','5:18',0,0,NULL,0,'2015-07-18 06:48:02','Y',0,18,2,NULL),(290,'Chapter 4multiplying matrices 2',6,'siblinks@siblinks.com','Mathematics','Algebra 2','Chapter 4',NULL,'https://i.ytimg.com/vi/EJ5gMoUY2vY/default.jpg','https://www.youtube.com/watch?v=EJ5gMoUY2vY','5:20',0,0,NULL,0,'2015-07-18 06:48:28','Y',0,18,2,NULL),(291,'Chapter 4multiplying two matrices2',6,'siblinks@siblinks.com','Mathematics','Algebra 2','Chapter 4',NULL,'https://i.ytimg.com/vi/bWz2FLwPLUY/default.jpg','https://www.youtube.com/watch?v=bWz2FLwPLUY','5:33',0,0,NULL,0,'2015-07-18 06:48:49','Y',0,18,2,NULL),(292,'Chapter 4multiplying two matrices examples',6,'siblinks@siblinks.com','Mathematics','Algebra 2','Chapter 4',NULL,'https://i.ytimg.com/vi/OkMyFfDj9lM/default.jpg','https://www.youtube.com/watch?v=OkMyFfDj9lM','4:27',0,0,NULL,0,'2015-07-18 06:49:03','Y',0,18,2,NULL),(293,'Chapter 4multiplying two matrices',6,'siblinks@siblinks.com','Mathematics','Algebra 2','Chapter 4',NULL,'https://i.ytimg.com/vi/0bZMZ-y_-xk/default.jpg','https://www.youtube.com/watch?v=0bZMZ-y_-xk','4:52',0,0,NULL,0,'2015-07-18 06:49:26','Y',0,18,2,NULL),(294,'Chapter 4Properties of matrices',6,'siblinks@siblinks.com','Mathematics','Algebra 2','Chapter 4',NULL,'https://i.ytimg.com/vi/Lfs2-7g0ZWw/default.jpg','https://www.youtube.com/watch?v=Lfs2-7g0ZWw','9:',0,0,NULL,0,'2015-07-18 06:49:54','Y',0,18,2,NULL),(295,'Chapter 4solving a matrix equation',6,'siblinks@siblinks.com','Mathematics','Algebra 2','Chapter 4',NULL,'https://i.ytimg.com/vi/1QzA2ymgc1s/default.jpg','https://www.youtube.com/watch?v=1QzA2ymgc1s','5:23',0,0,NULL,0,'2015-07-18 06:50:10','Y',0,18,2,NULL),(296,'Chapter 4solving linear systems',6,'siblinks@siblinks.com','Mathematics','Algebra 2','Chapter 4',NULL,'https://i.ytimg.com/vi/i0IqS3BlOfI/default.jpg','https://www.youtube.com/watch?v=i0IqS3BlOfI','5:14',0,0,NULL,0,'2015-07-18 06:50:27','Y',0,18,2,NULL),(297,'Chapter 4solving systems example',6,'siblinks@siblinks.com','Mathematics','Algebra 2','Chapter 4',NULL,'https://i.ytimg.com/vi/LBD5bAQnPoE/default.jpg','https://www.youtube.com/watch?v=LBD5bAQnPoE','7:2',0,0,NULL,0,'2015-07-18 06:50:48','Y',0,18,2,NULL),(298,'Chapter 4transpose properties',6,'siblinks@siblinks.com','Mathematics','Algebra 2','Chapter 4',NULL,'https://i.ytimg.com/vi/mBF-On6ld1I/default.jpg','https://www.youtube.com/watch?v=mBF-On6ld1I','7:3',0,0,NULL,0,'2015-07-18 06:51:08','Y',0,18,2,NULL),(299,'Chapter 4Transposing matrices',6,'siblinks@siblinks.com','Mathematics','Algebra 2','Chapter 4',NULL,'https://i.ytimg.com/vi/l2sUM5nQJzY/default.jpg','https://www.youtube.com/watch?v=l2sUM5nQJzY','5:25',0,0,NULL,0,'2015-07-18 06:51:48','Y',0,18,2,NULL),(300,'Chapter 55.1 ex',6,'siblinks@siblinks.com','Mathematics','Algebra 2','Chapter 5',NULL,'https://i.ytimg.com/vi/e151wdhmubo/default.jpg','https://www.youtube.com/watch?v=e151wdhmubo','5:29',0,0,NULL,0,'2015-07-18 06:52:51','Y',0,18,2,NULL),(301,'Chapter 55.1',6,'siblinks@siblinks.com','Mathematics','Algebra 2','Chapter 5',NULL,'https://i.ytimg.com/vi/59gtcEssoDw/default.jpg','https://www.youtube.com/watch?v=59gtcEssoDw','10:37',0,0,NULL,0,'2015-07-18 06:55:30','Y',0,18,2,NULL),(302,'Chapter 55.2 ex',6,'siblinks@siblinks.com','Mathematics','Algebra 2','Chapter 5',NULL,'https://i.ytimg.com/vi/hsf-yf7WXw4/default.jpg','https://www.youtube.com/watch?v=hsf-yf7WXw4','3:53',0,0,NULL,0,'2015-07-18 06:56:18','Y',0,18,2,NULL),(303,'Chapter 55.2',6,'siblinks@siblinks.com','Mathematics','Algebra 2','Chapter 5',NULL,'https://i.ytimg.com/vi/6kGyhZpKy-I/default.jpg','https://www.youtube.com/watch?v=6kGyhZpKy-I','10:7',0,0,NULL,0,'2015-07-18 06:57:41','Y',0,18,2,NULL),(304,'Chapter 55.3 ex',6,'siblinks@siblinks.com','Mathematics','Algebra 2','Chapter 5',NULL,'https://i.ytimg.com/vi/8qGlovKYWMs/default.jpg','https://www.youtube.com/watch?v=8qGlovKYWMs','7:1',0,0,NULL,0,'2015-07-18 06:58:47','Y',0,18,2,NULL),(305,'Chapter 55.3',6,'siblinks@siblinks.com','Mathematics','Algebra 2','Chapter 5',NULL,'https://i.ytimg.com/vi/YkR-OJQ6acI/default.jpg','https://www.youtube.com/watch?v=YkR-OJQ6acI','10:57',0,0,NULL,0,'2015-07-18 07:00:57','Y',0,18,2,NULL),(306,'Chapter 55.4 Factoring',6,'siblinks@siblinks.com','Mathematics','Algebra 2','Chapter 5',NULL,'https://i.ytimg.com/vi/aTfHTAqG9Z4/default.jpg','https://www.youtube.com/watch?v=aTfHTAqG9Z4','9:49',0,0,NULL,0,'2015-07-18 07:04:12','Y',0,18,2,NULL),(307,'Chapter 55.4 factoring ex',6,'siblinks@siblinks.com','Mathematics','Algebra 2','Chapter 5',NULL,'https://i.ytimg.com/vi/e0bbFHKz3W8/default.jpg','https://www.youtube.com/watch?v=e0bbFHKz3W8','8:9',0,0,NULL,0,'2015-07-18 07:05:58','Y',0,18,2,NULL),(308,'Chapter 55.5 ex',6,'siblinks@siblinks.com','Mathematics','Algebra 2','Chapter 5',NULL,'https://i.ytimg.com/vi/p-TwmnEYcS8/default.jpg','https://www.youtube.com/watch?v=p-TwmnEYcS8','4:25',0,0,NULL,0,'2015-07-18 07:07:22','Y',0,18,2,NULL),(309,'Chapter 55.5 roots',6,'siblinks@siblinks.com','Mathematics','Algebra 2','Chapter 5',NULL,'https://i.ytimg.com/vi/WenxnoMQWxc/default.jpg','https://www.youtube.com/watch?v=WenxnoMQWxc','4:12',0,0,NULL,0,'2015-07-18 07:08:25','Y',0,18,2,NULL),(310,'Chapter 55.6 ex',6,'siblinks@siblinks.com','Mathematics','Algebra 2','Chapter 5',NULL,'https://i.ytimg.com/vi/lCjizxl7xXs/default.jpg','https://www.youtube.com/watch?v=lCjizxl7xXs','7:42',0,0,NULL,0,'2015-07-18 07:10:42','Y',0,18,2,NULL),(311,'Chapter 55.6',6,'siblinks@siblinks.com','Mathematics','Algebra 2','Chapter 5',NULL,'https://i.ytimg.com/vi/gi5VO0hW8F4/default.jpg','https://www.youtube.com/watch?v=gi5VO0hW8F4','5:6',0,0,NULL,0,'2015-07-18 07:12:10','Y',0,18,2,NULL),(312,'Chapter 55.7 lessonandexamples',6,'siblinks@siblinks.com','Mathematics','Algebra 2','Chapter 5',NULL,'https://i.ytimg.com/vi/88R76Jqdo_8/default.jpg','https://www.youtube.com/watch?v=88R76Jqdo_8','5:20',0,0,NULL,0,'2015-07-18 07:14:00','Y',0,18,2,NULL),(313,'Chapter 55.8 ex',6,'siblinks@siblinks.com','Mathematics','Algebra 2','Chapter 5',NULL,'https://i.ytimg.com/vi/REcO4fjl5NE/default.jpg','https://www.youtube.com/watch?v=REcO4fjl5NE','8:13',0,0,NULL,0,'2015-07-18 07:15:59','Y',0,18,2,NULL),(314,'Chapter 55.8',6,'siblinks@siblinks.com','Mathematics','Algebra 2','Chapter 5',NULL,'https://i.ytimg.com/vi/OVbNOlBucco/default.jpg','https://www.youtube.com/watch?v=OVbNOlBucco','5:19',0,0,NULL,0,'2015-07-18 07:17:44','Y',0,18,2,NULL),(315,'Chapter 55.9 ex',6,'siblinks@siblinks.com','Mathematics','Algebra 2','Chapter 5',NULL,'https://i.ytimg.com/vi/qCmFGkJifdM/default.jpg','https://www.youtube.com/watch?v=qCmFGkJifdM','4:12',0,0,NULL,0,'2015-07-18 07:19:20','Y',0,18,2,NULL),(316,'Chapter 55.9',6,'siblinks@siblinks.com','Mathematics','Algebra 2','Chapter 5',NULL,'https://i.ytimg.com/vi/qKbjnRGxGTE/default.jpg','https://www.youtube.com/watch?v=qKbjnRGxGTE','5:10',0,0,NULL,0,'2015-07-18 07:21:02','Y',0,18,2,NULL),(317,'Chapter 66.1',6,'siblinks@siblinks.com','Mathematics','Algebra 2','Chapter 6',NULL,'https://i.ytimg.com/vi/P9V1ztQkRFU/default.jpg','https://www.youtube.com/watch?v=P9V1ztQkRFU','10:43',0,0,NULL,0,'2015-07-18 07:23:07','Y',0,18,2,NULL),(318,'Chapter 66.1ex',6,'siblinks@siblinks.com','Mathematics','Algebra 2','Chapter 6',NULL,'https://i.ytimg.com/vi/mUpACkhDoMg/default.jpg','https://www.youtube.com/watch?v=mUpACkhDoMg','5:27',0,0,NULL,0,'2015-07-18 07:23:28','Y',0,18,2,NULL),(319,'Chapter 66.2(+ex)',6,'siblinks@siblinks.com','Mathematics','Algebra 2','Chapter 6',NULL,'https://i.ytimg.com/vi/GZk9tWgO1kA/default.jpg','https://www.youtube.com/watch?v=GZk9tWgO1kA','7:56',0,0,NULL,0,'2015-07-18 07:24:09','Y',0,18,2,NULL),(320,'Chapter 66.3',6,'siblinks@siblinks.com','Mathematics','Algebra 2','Chapter 6',NULL,'https://i.ytimg.com/vi/vjqDPFG9Zsc/default.jpg','https://www.youtube.com/watch?v=vjqDPFG9Zsc','5:43',0,0,NULL,0,'2015-07-18 07:24:24','Y',0,18,2,NULL),(321,'Chapter 66.3ex',6,'siblinks@siblinks.com','Mathematics','Algebra 2','Chapter 6',NULL,'https://i.ytimg.com/vi/XhtgacvFECE/default.jpg','https://www.youtube.com/watch?v=XhtgacvFECE','6:22',0,0,NULL,0,'2015-07-18 07:24:53','Y',0,18,2,NULL),(322,'Chapter 66.4',6,'siblinks@siblinks.com','Mathematics','Algebra 2','Chapter 6',NULL,'https://i.ytimg.com/vi/-qFC7H-5-CU/default.jpg','https://www.youtube.com/watch?v=-qFC7H-5-CU','4:55',0,0,NULL,0,'2015-07-18 07:25:22','Y',0,18,2,NULL),(323,'Chapter 66.4ex',6,'siblinks@siblinks.com','Mathematics','Algebra 2','Chapter 6',NULL,'https://i.ytimg.com/vi/hvduiLN68ZQ/default.jpg','https://www.youtube.com/watch?v=hvduiLN68ZQ','6:42',0,0,NULL,0,'2015-07-18 07:25:46','Y',0,18,2,NULL),(324,'Chapter 66.5',6,'siblinks@siblinks.com','Mathematics','Algebra 2','Chapter 6',NULL,'https://i.ytimg.com/vi/Vtt8BFYmZbI/default.jpg','https://www.youtube.com/watch?v=Vtt8BFYmZbI','6:4',0,0,NULL,0,'2015-07-18 07:26:01','Y',0,18,2,NULL),(325,'Chapter 66.5ex',6,'siblinks@siblinks.com','Mathematics','Algebra 2','Chapter 6',NULL,'https://i.ytimg.com/vi/WQfbVuJCDAw/default.jpg','https://www.youtube.com/watch?v=WQfbVuJCDAw','7:25',0,0,NULL,0,'2015-07-18 07:26:19','Y',0,18,2,NULL),(326,'Chapter 66.6 Part 1',6,'siblinks@siblinks.com','Mathematics','Algebra 2','Chapter 6',NULL,'https://i.ytimg.com/vi/gYjmrwvGX_w/default.jpg','https://www.youtube.com/watch?v=gYjmrwvGX_w','5:9',0,0,NULL,0,'2015-07-18 07:27:12','Y',0,18,2,NULL),(327,'Chapter 66.6 Part 2',6,'siblinks@siblinks.com','Mathematics','Algebra 2','Chapter 6',NULL,'https://i.ytimg.com/vi/A751EAv55Ww/default.jpg','https://www.youtube.com/watch?v=A751EAv55Ww','5:41',0,0,NULL,0,'2015-07-18 07:27:48','Y',0,18,2,NULL),(328,'Chapter 66.6 Part 3',6,'siblinks@siblinks.com','Mathematics','Algebra 2','Chapter 6',NULL,'https://i.ytimg.com/vi/PI1qpxxBhw4/default.jpg','https://www.youtube.com/watch?v=PI1qpxxBhw4','7:53',0,0,NULL,0,'2015-07-18 07:28:41','Y',0,18,2,NULL),(329,'Chapter 66.6ex Part 1',6,'siblinks@siblinks.com','Mathematics','Algebra 2','Chapter 6',NULL,'https://i.ytimg.com/vi/tOo6_YNsu7M/default.jpg','https://www.youtube.com/watch?v=tOo6_YNsu7M','5:50',0,0,NULL,0,'2015-07-18 07:29:28','Y',0,18,2,NULL),(330,'Chapter 66.6ex Part 2',6,'siblinks@siblinks.com','Mathematics','Algebra 2','Chapter 6',NULL,'https://i.ytimg.com/vi/tbu4wGjSqLA/default.jpg','https://www.youtube.com/watch?v=tbu4wGjSqLA','7:50',0,0,NULL,0,'2015-07-18 07:30:29','Y',0,18,2,NULL),(331,'Chapter 66.7 Part 1',6,'siblinks@siblinks.com','Mathematics','Algebra 2','Chapter 6',NULL,'https://i.ytimg.com/vi/WCeiJNvCmrE/default.jpg','https://www.youtube.com/watch?v=WCeiJNvCmrE','5:7',0,0,NULL,0,'2015-07-18 07:30:54','Y',0,18,2,NULL),(332,'Chapter 66.7 Part 2',6,'siblinks@siblinks.com','Mathematics','Algebra 2','Chapter 6',NULL,'https://i.ytimg.com/vi/wYc-siuoMXU/default.jpg','https://www.youtube.com/watch?v=wYc-siuoMXU','4:12',0,0,NULL,0,'2015-07-18 07:31:12','Y',0,18,2,NULL),(333,'Chapter 66.7 Part 3',6,'siblinks@siblinks.com','Mathematics','Algebra 2','Chapter 6',NULL,'https://i.ytimg.com/vi/0oMNKZQFaFE/default.jpg','https://www.youtube.com/watch?v=0oMNKZQFaFE','5:28',0,0,NULL,0,'2015-07-18 07:31:35','Y',0,18,2,NULL),(334,'Chapter 66.7ex',6,'siblinks@siblinks.com','Mathematics','Algebra 2','Chapter 6',NULL,'https://i.ytimg.com/vi/qr3cMaCPKoU/default.jpg','https://www.youtube.com/watch?v=qr3cMaCPKoU','7:31',0,0,NULL,0,'2015-07-18 07:31:52','Y',0,18,2,NULL),(335,'Chapter 7Combining and solving polynomials',6,'siblinks@siblinks.com','Mathematics','Algebra 2','Chapter 7',NULL,'https://i.ytimg.com/vi/w0WcojJr5xc/default.jpg','https://www.youtube.com/watch?v=w0WcojJr5xc','6:3',0,0,NULL,0,'2015-07-18 07:32:13','Y',0,18,2,NULL),(336,'Chapter 7Combining functions',6,'siblinks@siblinks.com','Mathematics','Algebra 2','Chapter 7',NULL,'https://i.ytimg.com/vi/AMgpzULZ_lU/default.jpg','https://www.youtube.com/watch?v=AMgpzULZ_lU','5:59',0,0,NULL,0,'2015-07-18 07:32:49','Y',0,18,2,NULL),(337,'Chapter 7Finding inverse functions',6,'siblinks@siblinks.com','Mathematics','Algebra 2','Chapter 7',NULL,'https://i.ytimg.com/vi/IFH9ezSls5k/default.jpg','https://www.youtube.com/watch?v=IFH9ezSls5k','6:17',0,0,NULL,0,'2015-07-18 07:33:15','Y',0,18,2,NULL),(338,'Chapter 7Grouping',6,'siblinks@siblinks.com','Mathematics','Algebra 2','Chapter 7',NULL,'https://i.ytimg.com/vi/03QYIr5cf7I/default.jpg','https://www.youtube.com/watch?v=03QYIr5cf7I','5:59',0,0,NULL,0,'2015-07-18 08:22:06','Y',0,18,2,NULL),(339,'Chapter 7Long division',6,'siblinks@siblinks.com','Mathematics','Algebra 2','Chapter 7',NULL,'https://i.ytimg.com/vi/Q6aaaPZDUd0/default.jpg','https://www.youtube.com/watch?v=Q6aaaPZDUd0','6:57',0,0,NULL,0,'2015-07-18 08:22:40','Y',0,18,2,NULL),(340,'Chapter 7Practice properties',6,'siblinks@siblinks.com','Mathematics','Algebra 2','Chapter 7',NULL,'https://i.ytimg.com/vi/omoYR0RAkWM/default.jpg','https://www.youtube.com/watch?v=omoYR0RAkWM','7:12',0,0,NULL,0,'2015-07-18 08:23:14','Y',0,18,2,NULL),(341,'Chapter 7Practice solving polynomials',6,'siblinks@siblinks.com','Mathematics','Algebra 2','Chapter 7',NULL,'https://i.ytimg.com/vi/NDMBm8JBpjU/default.jpg','https://www.youtube.com/watch?v=NDMBm8JBpjU','8:9',0,0,NULL,0,'2015-07-18 08:23:45','Y',0,18,2,NULL),(342,'Chapter 7Properties of polynomials',6,'siblinks@siblinks.com','Mathematics','Algebra 2','Chapter 7',NULL,'https://i.ytimg.com/vi/hbX5MhsVSwA/default.jpg','https://www.youtube.com/watch?v=hbX5MhsVSwA','6:2',0,0,NULL,0,'2015-07-18 08:24:11','Y',0,18,2,NULL),(343,'Chapter 7Quadratic formula',6,'siblinks@siblinks.com','Mathematics','Algebra 2','Chapter 7',NULL,'https://i.ytimg.com/vi/bhHZIJ8P3_s/default.jpg','https://www.youtube.com/watch?v=bhHZIJ8P3_s','4:29',0,0,NULL,0,'2015-07-18 08:24:29','Y',0,18,2,NULL),(344,'Chapter 7Root Theorems',6,'siblinks@siblinks.com','Mathematics','Algebra 2','Chapter 7',NULL,'https://i.ytimg.com/vi/iSVqEcn0YMM/default.jpg','https://www.youtube.com/watch?v=iSVqEcn0YMM','5:56',0,0,NULL,0,'2015-07-18 08:24:49','Y',0,18,2,NULL),(345,'Chapter 7Solving with graphs',6,'siblinks@siblinks.com','Mathematics','Algebra 2','Chapter 7',NULL,'https://i.ytimg.com/vi/sh7moi1-j6s/default.jpg','https://www.youtube.com/watch?v=sh7moi1-j6s','5:2',0,0,NULL,0,'2015-07-18 08:25:04','Y',0,18,2,NULL),(346,'Chapter 7Synthetic division',6,'siblinks@siblinks.com','Mathematics','Algebra 2','Chapter 7',NULL,'https://i.ytimg.com/vi/eDyCHLXyF3U/default.jpg','https://www.youtube.com/watch?v=eDyCHLXyF3U','7:20',0,0,NULL,0,'2015-07-18 08:25:26','Y',0,18,2,NULL),(347,'Chapter 7Terminology',6,'siblinks@siblinks.com','Mathematics','Algebra 2','Chapter 7',NULL,'https://i.ytimg.com/vi/jtIqLBdEMLw/default.jpg','https://www.youtube.com/watch?v=jtIqLBdEMLw','5:7',0,0,NULL,0,'2015-07-18 08:25:42','Y',0,18,2,NULL),(348,'Chapter 88.1',6,'siblinks@siblinks.com','Mathematics','Algebra 2','Chapter 8',NULL,'https://i.ytimg.com/vi/CJLZ0Maiq2I/default.jpg','https://www.youtube.com/watch?v=CJLZ0Maiq2I','5:14',0,0,NULL,0,'2015-07-18 08:25:55','Y',0,18,2,NULL),(349,'Chapter 88.1ex',6,'siblinks@siblinks.com','Mathematics','Algebra 2','Chapter 8',NULL,'https://i.ytimg.com/vi/Gl9fmpCSGC4/default.jpg','https://www.youtube.com/watch?v=Gl9fmpCSGC4','6:',0,0,NULL,0,'2015-07-18 08:26:08','Y',0,18,2,NULL),(350,'Chapter 88.2 Part 1',6,'siblinks@siblinks.com','Mathematics','Algebra 2','Chapter 8',NULL,'https://i.ytimg.com/vi/II0ETz9lYKc/default.jpg','https://www.youtube.com/watch?v=II0ETz9lYKc','4:57',0,0,NULL,0,'2015-07-18 08:26:29','Y',0,18,2,NULL),(351,'Chapter 88.2 Part 2',6,'siblinks@siblinks.com','Mathematics','Algebra 2','Chapter 8',NULL,'https://i.ytimg.com/vi/PAI7_jfBYfo/default.jpg','https://www.youtube.com/watch?v=PAI7_jfBYfo','4:50',0,0,NULL,0,'2015-07-18 08:26:50','Y',0,18,2,NULL),(352,'Chapter 88.2ex',6,'siblinks@siblinks.com','Mathematics','Algebra 2','Chapter 8',NULL,'https://i.ytimg.com/vi/WuYZNIATpAQ/default.jpg','https://www.youtube.com/watch?v=WuYZNIATpAQ','7:51',0,0,NULL,0,'2015-07-18 08:27:08','Y',0,18,2,NULL),(353,'Chapter 88.3',6,'siblinks@siblinks.com','Mathematics','Algebra 2','Chapter 8',NULL,'https://i.ytimg.com/vi/0ekpd_KL-fc/default.jpg','https://www.youtube.com/watch?v=0ekpd_KL-fc','5:56',0,0,NULL,0,'2015-07-18 08:27:23','Y',0,18,2,NULL),(354,'Chapter 88.3ex Part 1',6,'siblinks@siblinks.com','Mathematics','Algebra 2','Chapter 8',NULL,'https://i.ytimg.com/vi/QIOtjMFMvCw/default.jpg','https://www.youtube.com/watch?v=QIOtjMFMvCw','7:15',0,0,NULL,0,'2015-07-18 08:27:51','Y',0,18,2,NULL),(355,'Chapter 88.3ex Part 2',6,'siblinks@siblinks.com','Mathematics','Algebra 2','Chapter 8',NULL,'https://i.ytimg.com/vi/cLEb0WkUkFk/default.jpg','https://www.youtube.com/watch?v=cLEb0WkUkFk','5:11',0,0,NULL,0,'2015-07-18 08:28:10','Y',0,18,2,NULL),(356,'Chapter 88.4',6,'siblinks@siblinks.com','Mathematics','Algebra 2','Chapter 8',NULL,'https://i.ytimg.com/vi/SoOFJMFk-w8/default.jpg','https://www.youtube.com/watch?v=SoOFJMFk-w8','7:52',0,0,NULL,0,'2015-07-18 08:28:27','Y',0,18,2,NULL),(357,'Chapter 88.4ex Part 1',6,'siblinks@siblinks.com','Mathematics','Algebra 2','Chapter 8',NULL,'https://i.ytimg.com/vi/qVCzo_sNxh8/default.jpg','https://www.youtube.com/watch?v=qVCzo_sNxh8','5:2',0,0,NULL,0,'2015-07-18 08:28:40','Y',0,18,2,NULL),(358,'Chapter 88.4ex Part 2',6,'siblinks@siblinks.com','Mathematics','Algebra 2','Chapter 8',NULL,'https://i.ytimg.com/vi/1fO1NAjC8dU/default.jpg','https://www.youtube.com/watch?v=1fO1NAjC8dU','5:20',0,0,NULL,0,'2015-07-18 08:29:06','Y',0,18,2,NULL),(359,'Chapter 88.4ex Part 3',6,'siblinks@siblinks.com','Mathematics','Algebra 2','Chapter 8',NULL,'https://i.ytimg.com/vi/5CjgFFuMask/default.jpg','https://www.youtube.com/watch?v=5CjgFFuMask','5:4',0,0,NULL,0,'2015-07-18 08:29:24','Y',0,18,2,NULL),(360,'Chapter 9Adding rational expressions2',6,'siblinks@siblinks.com','Mathematics','Algebra 2','Chapter 9',NULL,'https://i.ytimg.com/vi/YMSRYFJG7aU/default.jpg','https://www.youtube.com/watch?v=YMSRYFJG7aU','6:35',0,0,NULL,0,'2015-07-18 08:29:54','Y',0,18,2,NULL),(361,'Chapter 9Adding rational expressions intro',6,'siblinks@siblinks.com','Mathematics','Algebra 2','Chapter 9',NULL,'https://i.ytimg.com/vi/FZ87kdupWrQ/default.jpg','https://www.youtube.com/watch?v=FZ87kdupWrQ','7:16',0,0,NULL,0,'2015-07-18 08:30:15','Y',0,18,2,NULL),(362,'Chapter 9Adding rational expressions',6,'siblinks@siblinks.com','Mathematics','Algebra 2','Chapter 9',NULL,'https://i.ytimg.com/vi/mtBzVG73ibQ/default.jpg','https://www.youtube.com/watch?v=mtBzVG73ibQ','4:39',0,0,NULL,0,'2015-07-18 08:30:30','Y',0,18,2,NULL),(363,'Chapter 9Dividing rationals concept',6,'siblinks@siblinks.com','Mathematics','Algebra 2','Chapter 9',NULL,'https://i.ytimg.com/vi/gZV887ZR_JQ/default.jpg','https://www.youtube.com/watch?v=gZV887ZR_JQ','4:31',0,0,NULL,0,'2015-07-18 08:30:42','Y',0,18,2,NULL),(364,'Chapter 9Dividing rationals, example',6,'siblinks@siblinks.com','Mathematics','Algebra 2','Chapter 9',NULL,'https://i.ytimg.com/vi/En3VVH_I8zs/default.jpg','https://www.youtube.com/watch?v=En3VVH_I8zs','7:35',0,0,NULL,0,'2015-07-18 08:31:11','Y',0,18,2,NULL),(365,'Chapter 9factoring polynomial of degree 3',6,'siblinks@siblinks.com','Mathematics','Algebra 2','Chapter 9',NULL,'https://i.ytimg.com/vi/_IJ1PmpLqc8/default.jpg','https://www.youtube.com/watch?v=_IJ1PmpLqc8','8:17',0,0,NULL,0,'2015-07-18 08:31:35','Y',0,18,2,NULL),(366,'Chapter 9graphing rationals asymptotes',6,'siblinks@siblinks.com','Mathematics','Algebra 2','Chapter 9',NULL,'https://i.ytimg.com/vi/RGpQbZVDzJA/default.jpg','https://www.youtube.com/watch?v=RGpQbZVDzJA','7:7',0,0,NULL,0,'2015-07-18 08:31:54','Y',0,18,2,NULL),(367,'Chapter 9graphing rationals example',6,'siblinks@siblinks.com','Mathematics','Algebra 2','Chapter 9',NULL,'https://i.ytimg.com/vi/VrEXJEXTDcI/default.jpg','https://www.youtube.com/watch?v=VrEXJEXTDcI','8:29',0,0,NULL,0,'2015-07-18 08:32:16','Y',0,18,2,NULL),(368,'Chapter 9multiplying rationals',6,'siblinks@siblinks.com','Mathematics','Algebra 2','Chapter 9',NULL,'https://i.ytimg.com/vi/k4oBBmvfxyw/default.jpg','https://www.youtube.com/watch?v=k4oBBmvfxyw','6:41',0,0,NULL,0,'2015-07-18 08:32:35','Y',0,18,2,NULL),(369,'Chapter 9Partial Fraction Expansion Esample 2',6,'siblinks@siblinks.com','Mathematics','Algebra 2','Chapter 9',NULL,'https://i.ytimg.com/vi/zHoIW2fCu14/default.jpg','https://www.youtube.com/watch?v=zHoIW2fCu14','9:41',0,0,NULL,0,'2015-07-18 08:33:12','Y',0,18,2,NULL),(370,'Chapter 9Partial Fraction Expansion Example 1',6,'siblinks@siblinks.com','Mathematics','Algebra 2','Chapter 9',NULL,'https://i.ytimg.com/vi/mm1YvzoSwXM/default.jpg','https://www.youtube.com/watch?v=mm1YvzoSwXM','11:24',0,0,NULL,0,'2015-07-18 08:33:45','Y',0,18,2,NULL),(371,'Chapter 9Partial Fraction Expansion',6,'siblinks@siblinks.com','Mathematics','Algebra 2','Chapter 9',NULL,'https://i.ytimg.com/vi/GiSxAH3MCWQ/default.jpg','https://www.youtube.com/watch?v=GiSxAH3MCWQ','5:2',0,0,NULL,0,'2015-07-18 08:33:58','Y',0,18,2,NULL),(372,'Chapter 9Rational expressions intro',6,'siblinks@siblinks.com','Mathematics','Algebra 2','Chapter 9',NULL,'https://i.ytimg.com/vi/xDW8ihiEmVg/default.jpg','https://www.youtube.com/watch?v=xDW8ihiEmVg','6:32',0,0,NULL,0,'2015-07-18 08:34:17','Y',0,18,2,NULL),(373,'Chapter 9rationalizing denominator',6,'siblinks@siblinks.com','Mathematics','Algebra 2','Chapter 9',NULL,'https://i.ytimg.com/vi/7IEJ9mVrsdU/default.jpg','https://www.youtube.com/watch?v=7IEJ9mVrsdU','9:',0,0,NULL,0,'2015-07-18 08:34:43','Y',0,18,2,NULL),(374,'Chapter 9Simplifying rational expressions practice',6,'siblinks@siblinks.com','Mathematics','Algebra 2','Chapter 9',NULL,'https://i.ytimg.com/vi/9WGVUf8AFrI/default.jpg','https://www.youtube.com/watch?v=9WGVUf8AFrI','10:39',0,0,NULL,0,'2015-07-18 08:35:14','Y',0,18,2,NULL),(375,'Chapter 9Simplifying rational expressions',6,'siblinks@siblinks.com','Mathematics','Algebra 2','Chapter 9',NULL,'https://i.ytimg.com/vi/fb6sbDQlxo0/default.jpg','https://www.youtube.com/watch?v=fb6sbDQlxo0','5:53',0,0,NULL,0,'2015-07-18 08:35:33','Y',0,18,2,NULL),(376,'Chapter 9solving rational equations (1)',6,'siblinks@siblinks.com','Mathematics','Algebra 2','Chapter 9',NULL,'https://i.ytimg.com/vi/lNMalVLAjhs/default.jpg','https://www.youtube.com/watch?v=lNMalVLAjhs','4:41',0,0,NULL,0,'2015-07-18 08:35:47','Y',0,18,2,NULL),(377,'Chapter 9solving rational equations',6,'siblinks@siblinks.com','Mathematics','Algebra 2','Chapter 9',NULL,'https://i.ytimg.com/vi/KUeoYpyHMcY/default.jpg','https://www.youtube.com/watch?v=KUeoYpyHMcY','5:25',0,0,NULL,0,'2015-07-18 08:36:04','Y',0,18,2,NULL),(378,'Chapter 9Subtracting rational expressions',6,'siblinks@siblinks.com','Mathematics','Algebra 2','Chapter 9',NULL,'https://i.ytimg.com/vi/bGso_IfiqDc/default.jpg','https://www.youtube.com/watch?v=bGso_IfiqDc','7:47',0,0,NULL,0,'2015-07-18 08:36:32','Y',0,18,2,NULL),(379,'Chapter 1010.1 ex',6,'siblinks@siblinks.com','Mathematics','Algebra 2','Chapter 10',NULL,'https://i.ytimg.com/vi/NNaaBi1VoRo/default.jpg','https://www.youtube.com/watch?v=NNaaBi1VoRo','7:33',0,0,NULL,0,'2015-07-18 08:38:03','Y',0,18,2,NULL),(380,'Chapter 1010.1',6,'siblinks@siblinks.com','Mathematics','Algebra 2','Chapter 10',NULL,'https://i.ytimg.com/vi/xBubKvxkIDk/default.jpg','https://www.youtube.com/watch?v=xBubKvxkIDk','5:53',0,0,NULL,0,'2015-07-18 08:38:56','Y',0,18,2,NULL),(381,'Chapter 1010.2 (1)',6,'siblinks@siblinks.com','Mathematics','Algebra 2','Chapter 10',NULL,'https://i.ytimg.com/vi/eYg-wHMZg_0/default.jpg','https://www.youtube.com/watch?v=eYg-wHMZg_0','5:17',0,0,NULL,0,'2015-07-18 08:39:57','Y',0,18,2,NULL),(382,'Chapter 1010.2 ex',6,'siblinks@siblinks.com','Mathematics','Algebra 2','Chapter 10',NULL,'https://i.ytimg.com/vi/uzb6PVckGHs/default.jpg','https://www.youtube.com/watch?v=uzb6PVckGHs','6:29',0,0,NULL,0,'2015-07-18 08:41:07','Y',0,18,2,NULL),(383,'Chapter 1010.2',6,'siblinks@siblinks.com','Mathematics','Algebra 2','Chapter 10',NULL,'https://i.ytimg.com/vi/TTPInn-_fKE/default.jpg','https://www.youtube.com/watch?v=TTPInn-_fKE','5:17',0,0,NULL,0,'2015-07-18 08:41:56','Y',0,18,2,NULL),(384,'Chapter 1010.3 ex',6,'siblinks@siblinks.com','Mathematics','Algebra 2','Chapter 10',NULL,'https://i.ytimg.com/vi/SGIp7CegNc4/default.jpg','https://www.youtube.com/watch?v=SGIp7CegNc4','6:45',0,0,NULL,0,'2015-07-18 08:43:24','Y',0,18,2,NULL),(385,'Chapter 1010.3',6,'siblinks@siblinks.com','Mathematics','Algebra 2','Chapter 10',NULL,'https://i.ytimg.com/vi/rW_Ex6_fq7o/default.jpg','https://www.youtube.com/watch?v=rW_Ex6_fq7o','5:59',0,0,NULL,0,'2015-07-18 08:44:27','Y',0,18,2,NULL),(386,'Chapter 1010.4 ex',6,'siblinks@siblinks.com','Mathematics','Algebra 2','Chapter 10',NULL,'https://i.ytimg.com/vi/dD8-oMpPpxc/default.jpg','https://www.youtube.com/watch?v=dD8-oMpPpxc','7:17',0,0,NULL,0,'2015-07-18 08:46:06','Y',0,18,2,NULL),(387,'Chapter 1010.4and10.5',6,'siblinks@siblinks.com','Mathematics','Algebra 2','Chapter 10',NULL,'https://i.ytimg.com/vi/MdfBZiPJ_zc/default.jpg','https://www.youtube.com/watch?v=MdfBZiPJ_zc','4:33',0,0,NULL,0,'2015-07-18 08:46:50','Y',0,18,2,NULL),(388,'Chapter 1010.5 ex',6,'siblinks@siblinks.com','Mathematics','Algebra 2','Chapter 10',NULL,'https://i.ytimg.com/vi/JCzdeS1wh1U/default.jpg','https://www.youtube.com/watch?v=JCzdeS1wh1U','6:41',0,0,NULL,0,'2015-07-18 08:47:56','Y',0,18,2,NULL),(389,'Chapter 1010.6 ex',6,'siblinks@siblinks.com','Mathematics','Algebra 2','Chapter 10',NULL,'https://i.ytimg.com/vi/J8pMZkMaHcI/default.jpg','https://www.youtube.com/watch?v=J8pMZkMaHcI','7:11',0,0,NULL,0,'2015-07-18 08:49:40','Y',0,18,2,NULL),(390,'Chapter 1010.6',6,'siblinks@siblinks.com','Mathematics','Algebra 2','Chapter 10',NULL,'https://i.ytimg.com/vi/w5k48nkuuPs/default.jpg','https://www.youtube.com/watch?v=w5k48nkuuPs','6:30',0,0,NULL,0,'2015-07-18 08:50:36','Y',0,18,2,NULL),(391,'Chapter 1111.1 ex',6,'siblinks@siblinks.com','Mathematics','Algebra 2','Chapter 11',NULL,'https://i.ytimg.com/vi/1QBGB68UEHo/default.jpg','https://www.youtube.com/watch?v=1QBGB68UEHo','4:30',0,0,NULL,0,'2015-07-18 08:51:34','Y',0,18,2,NULL),(392,'Chapter 1111.1',6,'siblinks@siblinks.com','Mathematics','Algebra 2','Chapter 11',NULL,'https://i.ytimg.com/vi/m79jjv5HJrI/default.jpg','https://www.youtube.com/watch?v=m79jjv5HJrI','3:7',0,0,NULL,0,'2015-07-18 08:52:04','Y',0,18,2,NULL),(393,'Chapter 1111.2 ex',6,'siblinks@siblinks.com','Mathematics','Algebra 2','Chapter 11',NULL,'https://i.ytimg.com/vi/PqcnErupNLo/default.jpg','https://www.youtube.com/watch?v=PqcnErupNLo','6:16',0,0,NULL,0,'2015-07-18 08:53:22','Y',0,18,2,NULL),(394,'Chapter 1111.2',6,'siblinks@siblinks.com','Mathematics','Algebra 2','Chapter 11',NULL,'https://i.ytimg.com/vi/0PtEzSA00Ak/default.jpg','https://www.youtube.com/watch?v=0PtEzSA00Ak','5:5',0,0,NULL,0,'2015-07-18 08:54:12','Y',0,18,2,NULL),(395,'Chapter 1111.3',6,'siblinks@siblinks.com','Mathematics','Algebra 2','Chapter 11',NULL,'https://i.ytimg.com/vi/wCgc6NvrOI0/default.jpg','https://www.youtube.com/watch?v=wCgc6NvrOI0','3:4',0,0,NULL,0,'2015-07-18 08:54:49','Y',0,18,2,NULL),(396,'Chapter 1111.4 ex',6,'siblinks@siblinks.com','Mathematics','Algebra 2','Chapter 11',NULL,'https://i.ytimg.com/vi/W_rqGJc4ngM/default.jpg','https://www.youtube.com/watch?v=W_rqGJc4ngM','5:21',0,0,NULL,0,'2015-07-18 08:56:19','Y',0,18,2,NULL),(397,'Chapter 1111.4',6,'siblinks@siblinks.com','Mathematics','Algebra 2','Chapter 11',NULL,'https://i.ytimg.com/vi/p8XKapXL7TQ/default.jpg','https://www.youtube.com/watch?v=p8XKapXL7TQ','4:23',0,0,NULL,0,'2015-07-18 08:56:55','Y',0,18,2,NULL),(398,'Chapter 1111.5 ex',6,'siblinks@siblinks.com','Mathematics','Algebra 2','Chapter 11',NULL,'https://i.ytimg.com/vi/21ZuWDzEke4/default.jpg','https://www.youtube.com/watch?v=21ZuWDzEke4','4:15',0,0,NULL,0,'2015-07-18 08:57:41','Y',0,18,2,NULL),(399,'Chapter 1111.5',6,'siblinks@siblinks.com','Mathematics','Algebra 2','Chapter 11',NULL,'https://i.ytimg.com/vi/K0_YcbtFqhA/default.jpg','https://www.youtube.com/watch?v=K0_YcbtFqhA','4:43',0,0,NULL,0,'2015-07-18 08:58:33','Y',0,18,2,NULL),(400,'Chapter 1111.6 ex',6,'siblinks@siblinks.com','Mathematics','Algebra 2','Chapter 11',NULL,'https://i.ytimg.com/vi/ZMDWY96X0D8/default.jpg','https://www.youtube.com/watch?v=ZMDWY96X0D8','5:45',0,0,NULL,0,'2015-07-18 09:00:38','Y',0,18,2,NULL),(401,'Chapter 1111.6',6,'siblinks@siblinks.com','Mathematics','Algebra 2','Chapter 11',NULL,'https://i.ytimg.com/vi/yWzL2wGQ5W4/default.jpg','https://www.youtube.com/watch?v=yWzL2wGQ5W4','6:37',0,0,NULL,0,'2015-07-18 09:02:04','Y',0,18,2,NULL),(402,'Chapter 1111.7 ex',6,'siblinks@siblinks.com','Mathematics','Algebra 2','Chapter 11',NULL,'https://i.ytimg.com/vi/aL7pJd-e0V4/default.jpg','https://www.youtube.com/watch?v=aL7pJd-e0V4','4:57',0,0,NULL,0,'2015-07-18 09:03:06','Y',0,18,2,NULL),(403,'Chapter 1111.7',6,'siblinks@siblinks.com','Mathematics','Algebra 2','Chapter 11',NULL,'https://i.ytimg.com/vi/n3cze9HwVnA/default.jpg','https://www.youtube.com/watch?v=n3cze9HwVnA','4:50',0,0,NULL,0,'2015-07-18 09:04:26','Y',0,18,2,NULL),(404,'Chapter 1111.8 ex',6,'siblinks@siblinks.com','Mathematics','Algebra 2','Chapter 11',NULL,'https://i.ytimg.com/vi/zduGLW7-aOc/default.jpg','https://www.youtube.com/watch?v=zduGLW7-aOc','5:31',0,0,NULL,0,'2015-07-18 09:06:53','Y',0,18,2,NULL),(405,'Chapter 1212.1 ex',6,'siblinks@siblinks.com','Mathematics','Algebra 2','Chapter 12',NULL,'https://i.ytimg.com/vi/H-ff9p7QMkc/default.jpg','https://www.youtube.com/watch?v=H-ff9p7QMkc','4:52',0,0,NULL,0,'2015-07-18 09:09:03','Y',0,18,2,NULL),(406,'Chapter 1212.1',6,'siblinks@siblinks.com','Mathematics','Algebra 2','Chapter 12',NULL,'https://i.ytimg.com/vi/zm5xxsUFU0g/default.jpg','https://www.youtube.com/watch?v=zm5xxsUFU0g','3:52',0,0,NULL,0,'2015-07-18 09:09:56','Y',0,18,2,NULL),(407,'Chapter 1212.2 ex',6,'siblinks@siblinks.com','Mathematics','Algebra 2','Chapter 12',NULL,'https://i.ytimg.com/vi/zDnZ0h1nJE8/default.jpg','https://www.youtube.com/watch?v=zDnZ0h1nJE8','5:9',0,0,NULL,0,'2015-07-18 09:11:43','Y',0,18,2,NULL),(408,'Chapter 1212.2',6,'siblinks@siblinks.com','Mathematics','Algebra 2','Chapter 12',NULL,'https://i.ytimg.com/vi/_LIablbrQsU/default.jpg','https://www.youtube.com/watch?v=_LIablbrQsU','8:8',0,0,NULL,0,'2015-07-18 09:13:04','Y',0,18,2,NULL),(409,'Chapter 1212.3 ex',6,'siblinks@siblinks.com','Mathematics','Algebra 2','Chapter 12',NULL,'https://i.ytimg.com/vi/pZ56Kqy1ORE/default.jpg','https://www.youtube.com/watch?v=pZ56Kqy1ORE','5:21',0,0,NULL,0,'2015-07-18 09:14:48','Y',0,18,2,NULL),(410,'Chapter 1212.3',6,'siblinks@siblinks.com','Mathematics','Algebra 2','Chapter 12',NULL,'https://i.ytimg.com/vi/DHFfJjRPPFM/default.jpg','https://www.youtube.com/watch?v=DHFfJjRPPFM','5:8',0,0,NULL,0,'2015-07-18 09:15:50','Y',0,18,2,NULL),(411,'Chapter 1212.4 ex',6,'siblinks@siblinks.com','Mathematics','Algebra 2','Chapter 12',NULL,'https://i.ytimg.com/vi/VXuzQOTSaRo/default.jpg','https://www.youtube.com/watch?v=VXuzQOTSaRo','3:24',0,0,NULL,0,'2015-07-18 09:16:50','Y',0,18,2,NULL),(412,'Chapter 1212.5 ex',6,'siblinks@siblinks.com','Mathematics','Algebra 2','Chapter 12',NULL,'https://i.ytimg.com/vi/NOvtw__I8zk/default.jpg','https://www.youtube.com/watch?v=NOvtw__I8zk','4:50',0,0,NULL,0,'2015-07-18 09:18:11','Y',0,18,2,NULL),(413,'Chapter 1212.5',6,'siblinks@siblinks.com','Mathematics','Algebra 2','Chapter 12',NULL,'https://i.ytimg.com/vi/acy27epqJNk/default.jpg','https://www.youtube.com/watch?v=acy27epqJNk','4:16',0,0,NULL,0,'2015-07-18 09:19:26','Y',0,18,2,NULL),(414,'Chapter 1212.6 ex',6,'siblinks@siblinks.com','Mathematics','Algebra 2','Chapter 12',NULL,'https://i.ytimg.com/vi/7ODViQ35FlU/default.jpg','https://www.youtube.com/watch?v=7ODViQ35FlU','5:34',0,0,NULL,0,'2015-07-18 09:20:46','Y',0,18,2,NULL),(415,'Chapter 1212.6',6,'siblinks@siblinks.com','Mathematics','Algebra 2','Chapter 12',NULL,'https://i.ytimg.com/vi/6PTIuW84kOY/default.jpg','https://www.youtube.com/watch?v=6PTIuW84kOY','8:9',0,0,NULL,0,'2015-07-18 09:25:23','Y',0,18,2,NULL),(416,'Chapter 1212.7 ex',6,'siblinks@siblinks.com','Mathematics','Algebra 2','Chapter 12',NULL,'https://i.ytimg.com/vi/3MUoBbOC_04/default.jpg','https://www.youtube.com/watch?v=3MUoBbOC_04','6:7',0,0,NULL,0,'2015-07-18 09:27:17','Y',0,18,2,NULL),(417,'Chapter 1212.7',6,'siblinks@siblinks.com','Mathematics','Algebra 2','Chapter 12',NULL,'https://i.ytimg.com/vi/_OsaVMDzMRg/default.jpg','https://www.youtube.com/watch?v=_OsaVMDzMRg','7:43',0,0,NULL,0,'2015-07-18 09:28:41','Y',0,18,2,NULL),(418,'Chapter 1212.8',6,'siblinks@siblinks.com','Mathematics','Algebra 2','Chapter 12',NULL,'https://i.ytimg.com/vi/q9Ov1o83Gkw/default.jpg','https://www.youtube.com/watch?v=q9Ov1o83Gkw','9:18',0,0,NULL,0,'2015-07-18 09:30:35','Y',0,18,2,NULL),(419,'Chapter 1212.8 ex',6,'siblinks@siblinks.com','Mathematics','Algebra 2','Chapter 12',NULL,'https://i.ytimg.com/vi/6jcGBmvx3ZY/default.jpg','https://www.youtube.com/watch?v=6jcGBmvx3ZY','5:42',0,0,NULL,0,'2015-07-18 09:32:16','Y',0,18,2,NULL),(420,'Chapter 1212.9 ex',6,'siblinks@siblinks.com','Mathematics','Algebra 2','Chapter 12',NULL,'https://i.ytimg.com/vi/a9PyDxrTU1Y/default.jpg','https://www.youtube.com/watch?v=a9PyDxrTU1Y','5:26',0,0,NULL,0,'2015-07-18 09:33:41','Y',0,18,2,NULL),(421,'Chapter 1212.9',6,'siblinks@siblinks.com','Mathematics','Algebra 2','Chapter 12',NULL,'https://i.ytimg.com/vi/FWCio1EP5MY/default.jpg','https://www.youtube.com/watch?v=FWCio1EP5MY','7:9',0,0,NULL,0,'2015-07-18 09:34:58','Y',0,18,2,NULL),(422,'Chapter 12mult probs',6,'siblinks@siblinks.com','Mathematics','Algebra 2','Chapter 12',NULL,'https://i.ytimg.com/vi/AupWUWnAlMM/default.jpg','https://www.youtube.com/watch?v=AupWUWnAlMM','4:12',0,0,NULL,0,'2015-07-18 09:35:44','Y',0,18,2,NULL),(423,'Chapter 13Example - Radians',6,'siblinks@siblinks.com','Mathematics','Algebra 2','Chapter 13',NULL,'https://i.ytimg.com/vi/s_UQEaZPnbQ/default.jpg','https://www.youtube.com/watch?v=s_UQEaZPnbQ','6:25',0,0,NULL,0,'2015-07-18 09:36:00','Y',0,18,2,NULL),(424,'Chapter 13Example - Reading Graphs',6,'siblinks@siblinks.com','Mathematics','Algebra 2','Chapter 13',NULL,'https://i.ytimg.com/vi/hh2x48rOrGk/default.jpg','https://www.youtube.com/watch?v=hh2x48rOrGk','9:3',0,0,NULL,0,'2015-07-18 09:36:21','Y',0,18,2,NULL),(425,'Chapter 13Example - Sine Rule',6,'siblinks@siblinks.com','Mathematics','Algebra 2','Chapter 13',NULL,'https://i.ytimg.com/vi/iP-xwAlP0MQ/default.jpg','https://www.youtube.com/watch?v=iP-xwAlP0MQ','8:22',0,0,NULL,0,'2015-07-18 09:36:40','Y',0,18,2,NULL),(426,'Chapter 13Example- Cosines',6,'siblinks@siblinks.com','Mathematics','Algebra 2','Chapter 13',NULL,'https://i.ytimg.com/vi/NwJRMYpbmQY/default.jpg','https://www.youtube.com/watch?v=NwJRMYpbmQY','5:52',0,0,NULL,0,'2015-07-18 09:36:55','Y',0,18,2,NULL),(427,'Chapter 13Lesson - Chapter Vocab',6,'siblinks@siblinks.com','Mathematics','Algebra 2','Chapter 13',NULL,'https://i.ytimg.com/vi/vs9qKZY8oEQ/default.jpg','https://www.youtube.com/watch?v=vs9qKZY8oEQ','4:57',0,0,NULL,0,'2015-07-18 09:37:08','Y',0,18,2,NULL),(428,'Chapter 13Lesson - Describing functions from graphs',6,'siblinks@siblinks.com','Mathematics','Algebra 2','Chapter 13',NULL,'https://i.ytimg.com/vi/G-oTE2sZ-BY/default.jpg','https://www.youtube.com/watch?v=G-oTE2sZ-BY','7:42',0,0,NULL,0,'2015-07-18 09:37:25','Y',0,18,2,NULL),(429,'Chapter 13Lesson - Law of Sines',6,'siblinks@siblinks.com','Mathematics','Algebra 2','Chapter 13',NULL,'https://i.ytimg.com/vi/of6Ev7IwyRg/default.jpg','https://www.youtube.com/watch?v=of6Ev7IwyRg','5:15',0,0,NULL,0,'2015-07-18 09:37:41','Y',0,18,2,NULL),(430,'Chapter 13Lesson - Trig Identities',6,'siblinks@siblinks.com','Mathematics','Algebra 2','Chapter 13',NULL,'https://i.ytimg.com/vi/6iSuQuWQcaA/default.jpg','https://www.youtube.com/watch?v=6iSuQuWQcaA','6:6',0,0,NULL,0,'2015-07-18 09:37:56','Y',0,18,2,NULL),(431,'Chapter 13Lesson- Law of Cosines',6,'siblinks@siblinks.com','Mathematics','Algebra 2','Chapter 13',NULL,'https://i.ytimg.com/vi/ji-HDIlRrmk/default.jpg','https://www.youtube.com/watch?v=ji-HDIlRrmk','6:3',0,0,NULL,0,'2015-07-18 09:38:12','Y',0,18,2,NULL),(432,'Chapter 13Lesson- Radians',6,'siblinks@siblinks.com','Mathematics','Algebra 2','Chapter 13',NULL,'https://i.ytimg.com/vi/ZabtrIzKe68/default.jpg','https://www.youtube.com/watch?v=ZabtrIzKe68','4:58',0,0,NULL,0,'2015-07-18 09:38:24','Y',0,18,2,NULL),(433,'Chapter 14examples1',6,'siblinks@siblinks.com','Mathematics','Algebra 2','Chapter 14',NULL,'https://i.ytimg.com/vi/_3GP4UP-2Ck/default.jpg','https://www.youtube.com/watch?v=_3GP4UP-2Ck','4:58',0,0,NULL,0,'2015-07-18 09:38:38','Y',0,18,2,NULL),(434,'Chapter 14examples2',6,'siblinks@siblinks.com','Mathematics','Algebra 2','Chapter 14',NULL,'https://i.ytimg.com/vi/YHPXGiRcw5M/default.jpg','https://www.youtube.com/watch?v=YHPXGiRcw5M','4:54',0,0,NULL,0,'2015-07-18 09:38:54','Y',0,18,2,NULL),(435,'Chapter 14examples3',6,'siblinks@siblinks.com','Mathematics','Algebra 2','Chapter 14',NULL,'https://i.ytimg.com/vi/uX9cGUOxOnQ/default.jpg','https://www.youtube.com/watch?v=uX9cGUOxOnQ','4:59',0,0,NULL,0,'2015-07-18 09:39:14','Y',0,18,2,NULL),(436,'Chapter 14examples4',6,'siblinks@siblinks.com','Mathematics','Algebra 2','Chapter 14',NULL,'https://i.ytimg.com/vi/hj6HvvFJMlE/default.jpg','https://www.youtube.com/watch?v=hj6HvvFJMlE','4:59',0,0,NULL,0,'2015-07-18 09:39:28','Y',0,18,2,NULL),(437,'Chapter 14examples5',6,'siblinks@siblinks.com','Mathematics','Algebra 2','Chapter 14',NULL,'https://i.ytimg.com/vi/Bao9W_N_Lfo/default.jpg','https://www.youtube.com/watch?v=Bao9W_N_Lfo','4:4',0,0,NULL,0,'2015-07-18 09:39:39','Y',0,18,2,NULL),(438,'Chapter 14examples6',6,'siblinks@siblinks.com','Mathematics','Algebra 2','Chapter 14',NULL,'https://i.ytimg.com/vi/MS4TdouyK74/default.jpg','https://www.youtube.com/watch?v=MS4TdouyK74','4:36',0,0,NULL,0,'2015-07-18 09:39:54','Y',0,18,2,NULL),(439,'Chapter 14examples7',6,'siblinks@siblinks.com','Mathematics','Algebra 2','Chapter 14',NULL,'https://i.ytimg.com/vi/ynjwVTAwyA0/default.jpg','https://www.youtube.com/watch?v=ynjwVTAwyA0','4:35',0,0,NULL,0,'2015-07-18 09:40:09','Y',0,18,2,NULL),(440,'Chapter 14part1',6,'siblinks@siblinks.com','Mathematics','Algebra 2','Chapter 14',NULL,'https://i.ytimg.com/vi/5NYGOK7FvkY/default.jpg','https://www.youtube.com/watch?v=5NYGOK7FvkY','4:11',0,0,NULL,0,'2015-07-18 09:40:21','Y',0,18,2,NULL),(441,'Chapter 14part2',6,'siblinks@siblinks.com','Mathematics','Algebra 2','Chapter 14',NULL,'https://i.ytimg.com/vi/DaVYYcb1Tis/default.jpg','https://www.youtube.com/watch?v=DaVYYcb1Tis','4:22',0,0,NULL,0,'2015-07-18 09:40:31','Y',0,18,2,NULL),(442,'Chapter 14part3',6,'siblinks@siblinks.com','Mathematics','Algebra 2','Chapter 14',NULL,'https://i.ytimg.com/vi/u9F-rph6ZaY/default.jpg','https://www.youtube.com/watch?v=u9F-rph6ZaY','4:22',0,0,NULL,0,'2015-07-18 09:40:44','Y',0,18,2,NULL),(443,'Chapter 14part4',6,'siblinks@siblinks.com','Mathematics','Algebra 2','Chapter 14',NULL,'https://i.ytimg.com/vi/JNgvGcISqZE/default.jpg','https://www.youtube.com/watch?v=JNgvGcISqZE','4:57',0,0,NULL,0,'2015-07-18 09:40:56','Y',0,18,2,NULL),(444,'Chapter 14part5',6,'siblinks@siblinks.com','Mathematics','Algebra 2','Chapter 14',NULL,'https://i.ytimg.com/vi/lJU7hVPsmJo/default.jpg','https://www.youtube.com/watch?v=lJU7hVPsmJo','4:22',0,0,NULL,0,'2015-07-18 09:41:07','Y',0,18,2,NULL),(445,'Chapter 11.1 ex',6,'siblinks@siblinks.com','Mathematics','Calculus','Chapter 1',NULL,'https://i.ytimg.com/vi/uVcOSgTag1E/default.jpg','https://www.youtube.com/watch?v=uVcOSgTag1E','6:11',0,0,NULL,0,'2015-07-18 12:40:01','Y',0,19,2,NULL),(446,'Chapter 11.1',6,'siblinks@siblinks.com','Mathematics','Calculus','Chapter 1',NULL,'https://i.ytimg.com/vi/lg1lA-xwbM0/default.jpg','https://www.youtube.com/watch?v=lg1lA-xwbM0','7:14',0,0,NULL,0,'2015-07-18 12:41:10','Y',0,19,2,NULL),(447,'Chapter 11.2 ex',6,'siblinks@siblinks.com','Mathematics','Calculus','Chapter 1',NULL,'https://i.ytimg.com/vi/4_mqElNX_X8/default.jpg','https://www.youtube.com/watch?v=4_mqElNX_X8','5:21',0,0,NULL,0,'2015-07-18 12:42:03','Y',0,19,2,NULL),(448,'Chapter 11.2',6,'siblinks@siblinks.com','Mathematics','Calculus','Chapter 1',NULL,'https://i.ytimg.com/vi/E3Po6Tz-ttE/default.jpg','https://www.youtube.com/watch?v=E3Po6Tz-ttE','4:28',0,0,NULL,0,'2015-07-18 12:42:43','Y',0,19,2,NULL),(449,'Chapter 11.3 ex',6,'siblinks@siblinks.com','Mathematics','Calculus','Chapter 1',NULL,'https://i.ytimg.com/vi/q3Yy7zotZ_k/default.jpg','https://www.youtube.com/watch?v=q3Yy7zotZ_k','5:27',0,0,NULL,0,'2015-07-18 12:43:30','Y',0,19,2,NULL),(450,'Chapter 11.3',6,'siblinks@siblinks.com','Mathematics','Calculus','Chapter 1',NULL,'https://i.ytimg.com/vi/N2SKNuoDRvg/default.jpg','https://www.youtube.com/watch?v=N2SKNuoDRvg','8:10',0,0,NULL,0,'2015-07-18 12:44:42','Y',0,19,2,NULL),(451,'Chapter 11.4 ex',6,'siblinks@siblinks.com','Mathematics','Calculus','Chapter 1',NULL,'https://i.ytimg.com/vi/9FvQVbyW-T4/default.jpg','https://www.youtube.com/watch?v=9FvQVbyW-T4','9:46',0,0,NULL,0,'2015-07-18 12:46:35','Y',0,19,2,NULL),(452,'Chapter 11.4',6,'siblinks@siblinks.com','Mathematics','Calculus','Chapter 1',NULL,'https://i.ytimg.com/vi/bF6ub39Crog/default.jpg','https://www.youtube.com/watch?v=bF6ub39Crog','9:28',0,0,NULL,0,'2015-07-18 12:47:57','Y',0,19,2,NULL),(453,'Chapter 11.5 ex',6,'siblinks@siblinks.com','Mathematics','Calculus','Chapter 1',NULL,'https://i.ytimg.com/vi/xKW2AVCaIBA/default.jpg','https://www.youtube.com/watch?v=xKW2AVCaIBA','6:32',0,0,NULL,0,'2015-07-18 12:49:03','Y',0,19,2,NULL),(454,'Chapter 11.5 part 2',6,'siblinks@siblinks.com','Mathematics','Calculus','Chapter 1',NULL,'https://i.ytimg.com/vi/66PodqWckJg/default.jpg','https://www.youtube.com/watch?v=66PodqWckJg','7:48',0,0,NULL,0,'2015-07-18 12:50:27','Y',0,19,2,NULL),(455,'Chapter 11.5',6,'siblinks@siblinks.com','Mathematics','Calculus','Chapter 1',NULL,'https://i.ytimg.com/vi/EbiWeRAfqyc/default.jpg','https://www.youtube.com/watch?v=EbiWeRAfqyc','4:27',0,0,NULL,0,'2015-07-18 12:51:11','Y',0,19,2,NULL),(456,'Chapter 11.6 ex',6,'siblinks@siblinks.com','Mathematics','Calculus','Chapter 1',NULL,'https://i.ytimg.com/vi/f7ia4_EY4oo/default.jpg','https://www.youtube.com/watch?v=f7ia4_EY4oo','5:53',0,0,NULL,0,'2015-07-18 12:52:12','Y',0,19,2,NULL),(457,'Chapter 11.6',6,'siblinks@siblinks.com','Mathematics','Calculus','Chapter 1',NULL,'https://i.ytimg.com/vi/C9LE-3UA0lQ/default.jpg','https://www.youtube.com/watch?v=C9LE-3UA0lQ','8:44',0,0,NULL,0,'2015-07-18 12:53:21','Y',0,19,2,NULL),(458,'Chapter 11.7',6,'siblinks@siblinks.com','Mathematics','Calculus','Chapter 1',NULL,'https://i.ytimg.com/vi/Mhhrrisx-ec/default.jpg','https://www.youtube.com/watch?v=Mhhrrisx-ec','6:2',0,0,NULL,0,'2015-07-18 12:54:20','Y',0,19,2,NULL),(459,'Chapter 2Approx by increments example',6,'siblinks@siblinks.com','Mathematics','Calculus','Chapter 2',NULL,'https://i.ytimg.com/vi/p2SgO_XiSco/default.jpg','https://www.youtube.com/watch?v=p2SgO_XiSco','6:20',0,0,NULL,0,'2015-07-18 12:54:35','Y',0,19,2,NULL),(460,'Chapter 2Approximation by increments',6,'siblinks@siblinks.com','Mathematics','Calculus','Chapter 2',NULL,'https://i.ytimg.com/vi/PhfqsF_9_pQ/default.jpg','https://www.youtube.com/watch?v=PhfqsF_9_pQ','5:13',0,0,NULL,0,'2015-07-18 12:54:51','Y',0,19,2,NULL),(461,'Chapter 2Constant multiple and sum rule',6,'siblinks@siblinks.com','Mathematics','Calculus','Chapter 2',NULL,'https://i.ytimg.com/vi/8Mga__h5-DQ/default.jpg','https://www.youtube.com/watch?v=8Mga__h5-DQ','9:6',0,0,NULL,0,'2015-07-18 12:55:23','Y',0,19,2,NULL),(462,'Chapter 2Derivation rule 3',6,'siblinks@siblinks.com','Mathematics','Calculus','Chapter 2',NULL,'https://i.ytimg.com/vi/_T2CFGlK0N8/default.jpg','https://www.youtube.com/watch?v=_T2CFGlK0N8','4:55',0,0,NULL,0,'2015-07-18 12:55:40','Y',0,19,2,NULL),(463,'Chapter 2Derivation rule',6,'siblinks@siblinks.com','Mathematics','Calculus','Chapter 2',NULL,'https://i.ytimg.com/vi/l_ygewf2F7o/default.jpg','https://www.youtube.com/watch?v=l_ygewf2F7o','8:56',0,0,NULL,0,'2015-07-18 12:56:03','Y',0,19,2,NULL),(464,'Chapter 2Derivation rules 2',6,'siblinks@siblinks.com','Mathematics','Calculus','Chapter 2',NULL,'https://i.ytimg.com/vi/Ip1HVDhXcpE/default.jpg','https://www.youtube.com/watch?v=Ip1HVDhXcpE','8:33',0,0,NULL,0,'2015-07-18 12:56:28','Y',0,19,2,NULL),(465,'Chapter 2Derivation Rules 1',6,'siblinks@siblinks.com','Mathematics','Calculus','Chapter 2',NULL,'https://i.ytimg.com/vi/Jv2YXdtBz24/default.jpg','https://www.youtube.com/watch?v=Jv2YXdtBz24','6:12',0,0,NULL,0,'2015-07-18 12:56:47','Y',0,19,2,NULL),(466,'Chapter 2Derivative Intro 2',6,'siblinks@siblinks.com','Mathematics','Calculus','Chapter 2',NULL,'https://i.ytimg.com/vi/fiE6R5dZ13o/default.jpg','https://www.youtube.com/watch?v=fiE6R5dZ13o','4:30',0,0,NULL,0,'2015-07-18 12:57:02','Y',0,19,2,NULL),(467,'Chapter 2Derivative Intro 3',6,'siblinks@siblinks.com','Mathematics','Calculus','Chapter 2',NULL,'https://i.ytimg.com/vi/NJz3a_PHxjw/default.jpg','https://www.youtube.com/watch?v=NJz3a_PHxjw','12:45',0,0,NULL,0,'2015-07-18 12:57:43','Y',0,19,2,NULL),(468,'Chapter 2Derivative Intro 4',6,'siblinks@siblinks.com','Mathematics','Calculus','Chapter 2',NULL,'https://i.ytimg.com/vi/LdrxXPvGN-A/default.jpg','https://www.youtube.com/watch?v=LdrxXPvGN-A','11:21',0,0,NULL,0,'2015-07-18 12:58:20','Y',0,19,2,NULL),(469,'Chapter 2Derivative Introduction 1',6,'siblinks@siblinks.com','Mathematics','Calculus','Chapter 2',NULL,'https://i.ytimg.com/vi/n0irvnYMpYQ/default.jpg','https://www.youtube.com/watch?v=n0irvnYMpYQ','8:36',0,0,NULL,0,'2015-07-18 12:59:17','Y',0,19,2,NULL),(470,'Chapter 2Derivative Technique1',6,'siblinks@siblinks.com','Mathematics','Calculus','Chapter 2',NULL,'https://i.ytimg.com/vi/4AdQT2fKjdI/default.jpg','https://www.youtube.com/watch?v=4AdQT2fKjdI','6:50',0,0,NULL,0,'2015-07-18 12:59:37','Y',0,19,2,NULL),(471,'Chapter 2Higher order derivatives',6,'siblinks@siblinks.com','Mathematics','Calculus','Chapter 2',NULL,'https://i.ytimg.com/vi/KQTaUfLNASo/default.jpg','https://www.youtube.com/watch?v=KQTaUfLNASo','4:42',0,0,NULL,0,'2015-07-18 12:59:51','Y',0,19,2,NULL),(472,'Chapter 2Rectilinear motion example',6,'siblinks@siblinks.com','Mathematics','Calculus','Chapter 2',NULL,'https://i.ytimg.com/vi/tvHQ6075m8s/default.jpg','https://www.youtube.com/watch?v=tvHQ6075m8s','6:32',0,0,NULL,0,'2015-07-18 13:00:09','Y',0,19,2,NULL),(473,'Chapter 2Rectilinear Motion',6,'siblinks@siblinks.com','Mathematics','Calculus','Chapter 2',NULL,'https://i.ytimg.com/vi/5gk-i-KpsaM/default.jpg','https://www.youtube.com/watch?v=5gk-i-KpsaM','9:8',0,0,NULL,0,'2015-07-18 13:00:33','Y',0,19,2,NULL),(474,'Chapter 2Relative and percentage rate of change',6,'siblinks@siblinks.com','Mathematics','Calculus','Chapter 2',NULL,'https://i.ytimg.com/vi/SHCIufTUzkE/default.jpg','https://www.youtube.com/watch?v=SHCIufTUzkE','6:24',0,0,NULL,0,'2015-07-18 13:00:57','Y',0,19,2,NULL),(475,'Chapter 2Second derivative',6,'siblinks@siblinks.com','Mathematics','Calculus','Chapter 2',NULL,'https://i.ytimg.com/vi/KhgQiqlxmn8/default.jpg','https://www.youtube.com/watch?v=KhgQiqlxmn8','8:42',0,0,NULL,0,'2015-07-18 13:01:19','Y',0,19,2,NULL),(476,'Chapter 2Undefined derivative',6,'siblinks@siblinks.com','Mathematics','Calculus','Chapter 2',NULL,'https://i.ytimg.com/vi/xw4HpaGCcNU/default.jpg','https://www.youtube.com/watch?v=xw4HpaGCcNU','10:18',0,0,NULL,0,'2015-07-18 13:01:45','Y',0,19,2,NULL),(477,'Chapter 3examples1',6,'siblinks@siblinks.com','Mathematics','Calculus','Chapter 3',NULL,'https://i.ytimg.com/vi/7TXbJm9oZf4/default.jpg','https://www.youtube.com/watch?v=7TXbJm9oZf4','4:38',0,0,NULL,0,'2015-07-18 13:02:01','Y',0,19,2,NULL),(478,'Chapter 3examples2',6,'siblinks@siblinks.com','Mathematics','Calculus','Chapter 3',NULL,'https://i.ytimg.com/vi/qQoOK84cLuQ/default.jpg','https://www.youtube.com/watch?v=qQoOK84cLuQ','4:41',0,0,NULL,0,'2015-07-18 13:02:15','Y',0,19,2,NULL),(479,'Chapter 3examples3',6,'siblinks@siblinks.com','Mathematics','Calculus','Chapter 3',NULL,'https://i.ytimg.com/vi/obVMJ-HR0Z4/default.jpg','https://www.youtube.com/watch?v=obVMJ-HR0Z4','4:22',0,0,NULL,0,'2015-07-18 13:02:30','Y',0,19,2,NULL),(480,'Chapter 3examples4',6,'siblinks@siblinks.com','Mathematics','Calculus','Chapter 3',NULL,'https://i.ytimg.com/vi/4B3_EGtGTNk/default.jpg','https://www.youtube.com/watch?v=4B3_EGtGTNk','4:46',0,0,NULL,0,'2015-07-18 13:02:46','Y',0,19,2,NULL),(481,'Chapter 3examples5',6,'siblinks@siblinks.com','Mathematics','Calculus','Chapter 3',NULL,'https://i.ytimg.com/vi/9qNKkG8rYsM/default.jpg','https://www.youtube.com/watch?v=9qNKkG8rYsM','4:46',0,0,NULL,0,'2015-07-18 13:03:03','Y',0,19,2,NULL),(482,'Chapter 3examples6',6,'siblinks@siblinks.com','Mathematics','Calculus','Chapter 3',NULL,'https://i.ytimg.com/vi/08v-lWdNZvU/default.jpg','https://www.youtube.com/watch?v=08v-lWdNZvU','4:33',0,0,NULL,0,'2015-07-18 13:03:19','Y',0,19,2,NULL),(483,'Chapter 3examples7',6,'siblinks@siblinks.com','Mathematics','Calculus','Chapter 3',NULL,'https://i.ytimg.com/vi/iYmjKuuXET0/default.jpg','https://www.youtube.com/watch?v=iYmjKuuXET0','5:11',0,0,NULL,0,'2015-07-18 13:03:39','Y',0,19,2,NULL),(484,'Chapter 3part1',6,'siblinks@siblinks.com','Mathematics','Calculus','Chapter 3',NULL,'https://i.ytimg.com/vi/CWyk-KuY4aY/default.jpg','https://www.youtube.com/watch?v=CWyk-KuY4aY','4:48',0,0,NULL,0,'2015-07-18 13:03:51','Y',0,19,2,NULL),(485,'Chapter 3part2',6,'siblinks@siblinks.com','Mathematics','Calculus','Chapter 3',NULL,'https://i.ytimg.com/vi/MCqCDXVaRNk/default.jpg','https://www.youtube.com/watch?v=MCqCDXVaRNk','5:4',0,0,NULL,0,'2015-07-18 13:04:02','Y',0,19,2,NULL),(486,'Chapter 3part3',6,'siblinks@siblinks.com','Mathematics','Calculus','Chapter 3',NULL,'https://i.ytimg.com/vi/tKwaFdLOCf4/default.jpg','https://www.youtube.com/watch?v=tKwaFdLOCf4','4:28',0,0,NULL,0,'2015-07-18 13:04:14','Y',0,19,2,NULL),(487,'Chapter 3part4',6,'siblinks@siblinks.com','Mathematics','Calculus','Chapter 3',NULL,'https://i.ytimg.com/vi/9L2mOIF-4DU/default.jpg','https://www.youtube.com/watch?v=9L2mOIF-4DU','4:45',0,0,NULL,0,'2015-07-18 13:04:25','Y',0,19,2,NULL),(488,'Chapter 3part5',6,'siblinks@siblinks.com','Mathematics','Calculus','Chapter 3',NULL,'https://i.ytimg.com/vi/uMq7D--GQBg/default.jpg','https://www.youtube.com/watch?v=uMq7D--GQBg','5:6',0,0,NULL,0,'2015-07-18 13:04:39','Y',0,19,2,NULL),(489,'Chapter 3part6',6,'siblinks@siblinks.com','Mathematics','Calculus','Chapter 3',NULL,'https://i.ytimg.com/vi/a5spEF5Q6Is/default.jpg','https://www.youtube.com/watch?v=a5spEF5Q6Is','4:28',0,0,NULL,0,'2015-07-18 13:04:51','Y',0,19,2,NULL),(490,'Chapter 4examples1',6,'siblinks@siblinks.com','Mathematics','Calculus','Chapter 4',NULL,'https://i.ytimg.com/vi/qCid0kpU-wU/default.jpg','https://www.youtube.com/watch?v=qCid0kpU-wU','5:7',0,0,NULL,0,'2015-07-18 13:05:07','Y',0,19,2,NULL),(491,'Chapter 4examples2',6,'siblinks@siblinks.com','Mathematics','Calculus','Chapter 4',NULL,'https://i.ytimg.com/vi/UAediOqPSao/default.jpg','https://www.youtube.com/watch?v=UAediOqPSao','5:32',0,0,NULL,0,'2015-07-18 13:05:25','Y',0,19,2,NULL),(492,'Chapter 4part1',6,'siblinks@siblinks.com','Mathematics','Calculus','Chapter 4',NULL,'https://i.ytimg.com/vi/_SXlyWyVKmc/default.jpg','https://www.youtube.com/watch?v=_SXlyWyVKmc','4:40',0,0,NULL,0,'2015-07-18 13:05:36','Y',0,19,2,NULL),(493,'Chapter 4part2',6,'siblinks@siblinks.com','Mathematics','Calculus','Chapter 4',NULL,'https://i.ytimg.com/vi/KHshQ4Tv2_s/default.jpg','https://www.youtube.com/watch?v=KHshQ4Tv2_s','4:24',0,0,NULL,0,'2015-07-18 13:05:46','Y',0,19,2,NULL),(494,'Chapter 66.1',6,'siblinks@siblinks.com','Mathematics','Calculus','Chapter 6',NULL,'https://i.ytimg.com/vi/2JLzPCMR950/default.jpg','https://www.youtube.com/watch?v=2JLzPCMR950','7:',0,0,NULL,0,'2015-07-18 13:06:46','Y',0,19,2,NULL),(495,'Chapter 66.2',6,'siblinks@siblinks.com','Mathematics','Calculus','Chapter 6',NULL,'https://i.ytimg.com/vi/xsAncFai5iE/default.jpg','https://www.youtube.com/watch?v=xsAncFai5iE','7:17',0,0,NULL,0,'2015-07-18 13:07:51','Y',0,19,2,NULL),(496,'Chapter 66.2 ex',6,'siblinks@siblinks.com','Mathematics','Calculus','Chapter 6',NULL,'https://i.ytimg.com/vi/lPEB5CFncIg/default.jpg','https://www.youtube.com/watch?v=lPEB5CFncIg','9:2',0,0,NULL,0,'2015-07-18 13:09:46','Y',0,19,2,NULL),(497,'Chapter 66.3 ex',6,'siblinks@siblinks.com','Mathematics','Calculus','Chapter 6',NULL,'https://i.ytimg.com/vi/lSj69F6yefU/default.jpg','https://www.youtube.com/watch?v=lSj69F6yefU','8:12',0,0,NULL,0,'2015-07-18 13:11:04','Y',0,19,2,NULL),(498,'Chapter 66.3 part 1',6,'siblinks@siblinks.com','Mathematics','Calculus','Chapter 6',NULL,'https://i.ytimg.com/vi/G6NWPdtw1ZE/default.jpg','https://www.youtube.com/watch?v=G6NWPdtw1ZE','6:10',0,0,NULL,0,'2015-07-18 13:12:05','Y',0,19,2,NULL),(499,'Chapter 66.3 part 2',6,'siblinks@siblinks.com','Mathematics','Calculus','Chapter 6',NULL,'https://i.ytimg.com/vi/aXZ-zrdCakQ/default.jpg','https://www.youtube.com/watch?v=aXZ-zrdCakQ','6:29',0,0,NULL,0,'2015-07-18 13:13:06','Y',0,19,2,NULL),(500,'Chapter 66.4 ex',6,'siblinks@siblinks.com','Mathematics','Calculus','Chapter 6',NULL,'https://i.ytimg.com/vi/938pBk9uj5E/default.jpg','https://www.youtube.com/watch?v=938pBk9uj5E','12:25',0,0,NULL,0,'2015-07-18 13:15:18','Y',0,19,2,NULL),(501,'Chapter 66.4',6,'siblinks@siblinks.com','Mathematics','Calculus','Chapter 6',NULL,'https://i.ytimg.com/vi/mLjdclXMbd4/default.jpg','https://www.youtube.com/watch?v=mLjdclXMbd4','7:15',0,0,NULL,0,'2015-07-18 13:16:27','Y',0,19,2,NULL),(502,'Chapter 66.6',6,'siblinks@siblinks.com','Mathematics','Calculus','Chapter 6',NULL,'https://i.ytimg.com/vi/VlXdLzw4FMU/default.jpg','https://www.youtube.com/watch?v=VlXdLzw4FMU','7:52',0,0,NULL,0,'2015-07-18 13:17:43','Y',0,19,2,NULL),(503,'Chapter 77.1',6,'siblinks@siblinks.com','Mathematics','Calculus','Chapter 7',NULL,'https://i.ytimg.com/vi/5Bqb9M4fMwQ/default.jpg','https://www.youtube.com/watch?v=5Bqb9M4fMwQ','5:30',0,0,NULL,0,'2015-07-18 13:18:33','Y',0,19,2,NULL),(504,'Chapter 77.1 ex',6,'siblinks@siblinks.com','Mathematics','Calculus','Chapter 7',NULL,'https://i.ytimg.com/vi/fhBSUtZ2sLs/default.jpg','https://www.youtube.com/watch?v=fhBSUtZ2sLs','7:29',0,0,NULL,0,'2015-07-18 13:20:17','Y',0,19,2,NULL),(505,'Chapter 77.2',6,'siblinks@siblinks.com','Mathematics','Calculus','Chapter 7',NULL,'https://i.ytimg.com/vi/_FwU8M3KrZg/default.jpg','https://www.youtube.com/watch?v=_FwU8M3KrZg','5:24',0,0,NULL,0,'2015-07-18 13:21:09','Y',0,19,2,NULL),(506,'Chapter 77.2 ex part 1',6,'siblinks@siblinks.com','Mathematics','Calculus','Chapter 7',NULL,'https://i.ytimg.com/vi/s0KNei_eZZA/default.jpg','https://www.youtube.com/watch?v=s0KNei_eZZA','6:10',0,0,NULL,0,'2015-07-18 13:22:20','Y',0,19,2,NULL),(507,'Chapter 77.2 ex part 2',6,'siblinks@siblinks.com','Mathematics','Calculus','Chapter 7',NULL,'https://i.ytimg.com/vi/Liax663JOZw/default.jpg','https://www.youtube.com/watch?v=Liax663JOZw','5:18',0,0,NULL,0,'2015-07-18 13:23:09','Y',0,19,2,NULL),(508,'Chapter 77.3 ex part 1',6,'siblinks@siblinks.com','Mathematics','Calculus','Chapter 7',NULL,'https://i.ytimg.com/vi/Ask3TGEKYUI/default.jpg','https://www.youtube.com/watch?v=Ask3TGEKYUI','3:11',0,0,NULL,0,'2015-07-18 13:23:46','Y',0,19,2,NULL),(509,'Chapter 77.3 ex part 2',6,'siblinks@siblinks.com','Mathematics','Calculus','Chapter 7',NULL,'https://i.ytimg.com/vi/PQAZa6mZNO0/default.jpg','https://www.youtube.com/watch?v=PQAZa6mZNO0','9:2',0,0,NULL,0,'2015-07-18 13:25:34','Y',0,19,2,NULL),(510,'0. Calculations in Physics with Units (6)Calculations in Physics with Units, Lecture 1',6,'siblinks@siblinks.com','Physics','General Physics','1. Mechanics',NULL,'https://i.ytimg.com/vi/45pONO-PIKI/default.jpg','https://www.youtube.com/watch?v=45pONO-PIKI','4:32',0,0,NULL,0,'2015-07-18 17:19:14','Y',0,21,4,NULL),(511,'0. Calculations in Physics with Units (6)Calculations in Physics with Units, Lecture 2',6,'siblinks@siblinks.com','Physics','General Physics','1. Mechanics',NULL,'https://i.ytimg.com/vi/O42_ZZFky4k/default.jpg','https://www.youtube.com/watch?v=O42_ZZFky4k','4:10',0,0,NULL,0,'2015-07-18 17:19:35','Y',0,21,4,NULL),(512,'0. Calculations in Physics with Units (6)Calculations in Physics with Units, Lecture 3',6,'siblinks@siblinks.com','Physics','General Physics','1. Mechanics',NULL,'https://i.ytimg.com/vi/QrBJKdizQ5g/default.jpg','https://www.youtube.com/watch?v=QrBJKdizQ5g','6:7',0,0,NULL,0,'2015-07-18 17:19:53','Y',0,21,4,NULL),(513,'0. Calculations in Physics with Units (6)Calculations in Physics with Units, Problems for Lectures 1 and 2',6,'siblinks@siblinks.com','Physics','General Physics','1. Mechanics',NULL,'https://i.ytimg.com/vi/MgG9JHNQHME/default.jpg','https://www.youtube.com/watch?v=MgG9JHNQHME','3:28',0,0,NULL,0,'2015-07-18 17:20:06','Y',0,21,4,NULL),(514,'0. Calculations in Physics with Units (6)Calculations in Physics with Units, Problems part 1 for Lecture 3',6,'siblinks@siblinks.com','Physics','General Physics','1. Mechanics',NULL,'https://i.ytimg.com/vi/Hz5PrKGqKcw/default.jpg','https://www.youtube.com/watch?v=Hz5PrKGqKcw','3:45',0,0,NULL,0,'2015-07-18 17:20:31','Y',0,21,4,NULL),(515,'0. Calculations in Physics with Units (6)Calculations in Physics with Units, Problems part 2 for Lecture 3',6,'siblinks@siblinks.com','Physics','General Physics','1. Mechanics',NULL,'https://i.ytimg.com/vi/tMU8q5BnlEE/default.jpg','https://www.youtube.com/watch?v=tMU8q5BnlEE','3:',0,0,NULL,0,'2015-07-18 17:20:44','Y',0,21,4,NULL),(516,'1. Physics of Motion (17)Motion_Review_Exercises',6,'siblinks@siblinks.com','Physics','General Physics','1. Mechanics',NULL,'https://i.ytimg.com/vi/6GJAjHemFHo/default.jpg','https://www.youtube.com/watch?v=6GJAjHemFHo','5:10',0,0,NULL,0,'2015-07-18 17:21:16','Y',0,21,4,NULL),(517,'1. Physics of Motion (17)Motion',6,'siblinks@siblinks.com','Physics','General Physics','1. Mechanics',NULL,'https://i.ytimg.com/vi/hoGsesljIWk/default.jpg','https://www.youtube.com/watch?v=hoGsesljIWk','2:33',0,0,NULL,0,'2015-07-18 17:21:28','Y',0,21,4,NULL),(518,'1. Physics of Motion (17)Coordinate_Systems',6,'siblinks@siblinks.com','Physics','General Physics','1. Mechanics',NULL,'https://i.ytimg.com/vi/OslOU2QPbxw/default.jpg','https://www.youtube.com/watch?v=OslOU2QPbxw','5:1',0,0,NULL,0,'2015-07-18 17:21:52','Y',0,21,4,NULL),(519,'1. Physics of Motion (17)Position',6,'siblinks@siblinks.com','Physics','General Physics','1. Mechanics',NULL,'https://i.ytimg.com/vi/IukMnBTzoiw/default.jpg','https://www.youtube.com/watch?v=IukMnBTzoiw','3:11',0,0,NULL,0,'2015-07-18 17:22:09','Y',0,21,4,NULL),(520,'1. Physics of Motion (17)Positions_and_Coordinates_Exercises',6,'siblinks@siblinks.com','Physics','General Physics','1. Mechanics',NULL,'https://i.ytimg.com/vi/VxecbsfJp9I/default.jpg','https://www.youtube.com/watch?v=VxecbsfJp9I','4:16',0,0,NULL,0,'2015-07-18 17:22:24','Y',0,21,4,NULL),(521,'1. Physics of Motion (17)Time',6,'siblinks@siblinks.com','Physics','General Physics','1. Mechanics',NULL,'https://i.ytimg.com/vi/DL7uu1kCLLs/default.jpg','https://www.youtube.com/watch?v=DL7uu1kCLLs','3:18',0,0,NULL,0,'2015-07-18 17:22:38','Y',0,21,4,NULL),(522,'1. Physics of Motion (17)Displacement',6,'siblinks@siblinks.com','Physics','General Physics','1. Mechanics',NULL,'https://i.ytimg.com/vi/n8Wb2TeUt8k/default.jpg','https://www.youtube.com/watch?v=n8Wb2TeUt8k','5:44',0,0,NULL,0,'2015-07-18 17:22:59','Y',0,21,4,NULL),(523,'1. Physics of Motion (17)Distance_and_Displacement_Exercises',6,'siblinks@siblinks.com','Physics','General Physics','1. Mechanics',NULL,'https://i.ytimg.com/vi/KpkPL1QprL0/default.jpg','https://www.youtube.com/watch?v=KpkPL1QprL0','5:14',0,0,NULL,0,'2015-07-18 17:23:20','Y',0,21,4,NULL),(524,'1. Physics of Motion (17)Distance',6,'siblinks@siblinks.com','Physics','General Physics','1. Mechanics',NULL,'https://i.ytimg.com/vi/dL39SMKX340/default.jpg','https://www.youtube.com/watch?v=dL39SMKX340','5:46',0,0,NULL,0,'2015-07-18 17:23:51','Y',0,21,4,NULL),(525,'1. Physics of Motion (17)Acceleration_Exercises',6,'siblinks@siblinks.com','Physics','General Physics','1. Mechanics',NULL,'https://i.ytimg.com/vi/MuIrdfXXNKg/default.jpg','https://www.youtube.com/watch?v=MuIrdfXXNKg','4:38',0,0,NULL,0,'2015-07-18 17:24:17','Y',0,21,4,NULL),(526,'1. Physics of Motion (17)Acceleration',6,'siblinks@siblinks.com','Physics','General Physics','1. Mechanics',NULL,'https://i.ytimg.com/vi/3VNrM2guV_E/default.jpg','https://www.youtube.com/watch?v=3VNrM2guV_E','4:29',0,0,NULL,0,'2015-07-18 17:24:32','Y',0,21,4,NULL),(527,'1. Physics of Motion (17)Elementary_Kinematics',6,'siblinks@siblinks.com','Physics','General Physics','1. Mechanics',NULL,'https://i.ytimg.com/vi/PPjk0IPdYYs/default.jpg','https://www.youtube.com/watch?v=PPjk0IPdYYs','4:2',0,0,NULL,0,'2015-07-18 17:24:46','Y',0,21,4,NULL),(528,'1. Physics of Motion (17)Kinematics_Exercises',6,'siblinks@siblinks.com','Physics','General Physics','1. Mechanics',NULL,'https://i.ytimg.com/vi/BVN6SwwDhfs/default.jpg','https://www.youtube.com/watch?v=BVN6SwwDhfs','5:53',0,0,NULL,0,'2015-07-18 17:25:11','Y',0,21,4,NULL),(529,'1. Physics of Motion (17)Speed_and_Velocity_Exercises',6,'siblinks@siblinks.com','Physics','General Physics','1. Mechanics',NULL,'https://i.ytimg.com/vi/4RK1aGGv6cM/default.jpg','https://www.youtube.com/watch?v=4RK1aGGv6cM','4:36',0,0,NULL,0,'2015-07-18 17:25:45','Y',0,21,4,NULL),(530,'1. Physics of Motion (17)Speed_and_Velocity',6,'siblinks@siblinks.com','Physics','General Physics','1. Mechanics',NULL,'https://i.ytimg.com/vi/v_G8tcD6XOs/default.jpg','https://www.youtube.com/watch?v=v_G8tcD6XOs','4:33',0,0,NULL,0,'2015-07-18 17:26:00','Y',0,21,4,NULL),(531,'1. Physics of Motion (17)Inertial_Reference_Frames',6,'siblinks@siblinks.com','Physics','General Physics','1. Mechanics',NULL,'https://i.ytimg.com/vi/7Mz4ll6mTog/default.jpg','https://www.youtube.com/watch?v=7Mz4ll6mTog','4:58',0,0,NULL,0,'2015-07-18 17:26:24','Y',0,21,4,NULL),(532,'1. Physics of Motion (17)Reference_Frames',6,'siblinks@siblinks.com','Physics','General Physics','1. Mechanics',NULL,'https://i.ytimg.com/vi/6cTAb4Gqj6g/default.jpg','https://www.youtube.com/watch?v=6cTAb4Gqj6g','4:44',0,0,NULL,0,'2015-07-18 17:26:56','Y',0,21,4,NULL),(533,'2. Forces and Net Forces (6)Forces and Net Forces, Lecture 1',6,'siblinks@siblinks.com','Physics','General Physics','1. Mechanics',NULL,'https://i.ytimg.com/vi/TbgL9DU-rMk/default.jpg','https://www.youtube.com/watch?v=TbgL9DU-rMk','4:59',0,0,NULL,0,'2015-07-18 17:27:14','Y',0,21,4,NULL),(534,'2. Forces and Net Forces (6)Forces and Net Forces, Lecture 2',6,'siblinks@siblinks.com','Physics','General Physics','1. Mechanics',NULL,'https://i.ytimg.com/vi/BDs6ZU6WZvg/default.jpg','https://www.youtube.com/watch?v=BDs6ZU6WZvg','4:49',0,0,NULL,0,'2015-07-18 17:27:27','Y',0,21,4,NULL),(535,'2. Forces and Net Forces (6)Forces and Net Forces, Lecture 3',6,'siblinks@siblinks.com','Physics','General Physics','1. Mechanics',NULL,'https://i.ytimg.com/vi/9fQ7oBm9wbc/default.jpg','https://www.youtube.com/watch?v=9fQ7oBm9wbc','4:23',0,0,NULL,0,'2015-07-18 17:27:41','Y',0,21,4,NULL),(536,'2. Forces and Net Forces (6)Forces and Net Forces, Problem 1',6,'siblinks@siblinks.com','Physics','General Physics','1. Mechanics',NULL,'https://i.ytimg.com/vi/uIcPZCvsysY/default.jpg','https://www.youtube.com/watch?v=uIcPZCvsysY','3:20',0,0,NULL,0,'2015-07-18 17:27:56','Y',0,21,4,NULL),(537,'2. Forces and Net Forces (6)Forces and Net Forces, Problem 2',6,'siblinks@siblinks.com','Physics','General Physics','1. Mechanics',NULL,'https://i.ytimg.com/vi/Rhvrw_AhjbU/default.jpg','https://www.youtube.com/watch?v=Rhvrw_AhjbU','3:29',0,0,NULL,0,'2015-07-18 17:28:07','Y',0,21,4,NULL),(538,'4. Momentum (9)Momentum, Lecture 1',6,'siblinks@siblinks.com','Physics','General Physics','1. Mechanics',NULL,'https://i.ytimg.com/vi/M3coMmsGBUk/default.jpg','https://www.youtube.com/watch?v=M3coMmsGBUk','5:20',0,0,NULL,0,'2015-07-18 17:31:13','Y',0,21,4,NULL),(539,'4. Momentum (9)Momentum, Lecture 2',6,'siblinks@siblinks.com','Physics','General Physics','1. Mechanics',NULL,'https://i.ytimg.com/vi/gWtqwWMnX-I/default.jpg','https://www.youtube.com/watch?v=gWtqwWMnX-I','5:23',0,0,NULL,0,'2015-07-18 17:31:33','Y',0,21,4,NULL),(540,'4. Momentum (9)Momentum, Lecture 3',6,'siblinks@siblinks.com','Physics','General Physics','1. Mechanics',NULL,'https://i.ytimg.com/vi/rANmR0wEk_Q/default.jpg','https://www.youtube.com/watch?v=rANmR0wEk_Q','5:5',0,0,NULL,0,'2015-07-18 17:31:46','Y',0,21,4,NULL),(541,'4. Momentum (9)Momentum, Lecture 4',6,'siblinks@siblinks.com','Physics','General Physics','1. Mechanics',NULL,'https://i.ytimg.com/vi/6dKYkfKVWaQ/default.jpg','https://www.youtube.com/watch?v=6dKYkfKVWaQ','3:52',0,0,NULL,0,'2015-07-18 17:32:00','Y',0,21,4,NULL),(542,'4. Momentum (9)Momentum, Lecture 5',6,'siblinks@siblinks.com','Physics','General Physics','1. Mechanics',NULL,'https://i.ytimg.com/vi/eygA2UjsPck/default.jpg','https://www.youtube.com/watch?v=eygA2UjsPck','5:34',0,0,NULL,0,'2015-07-18 17:32:25','Y',0,21,4,NULL),(543,'4. Momentum (9)Momentum, Problem 2',6,'siblinks@siblinks.com','Physics','General Physics','1. Mechanics',NULL,'https://i.ytimg.com/vi/k46_9LB61co/default.jpg','https://www.youtube.com/watch?v=k46_9LB61co','4:31',0,0,NULL,0,'2015-07-18 17:32:41','Y',0,21,4,NULL),(544,'4. Momentum (9)Momentum, Problem 3',6,'siblinks@siblinks.com','Physics','General Physics','1. Mechanics',NULL,'https://i.ytimg.com/vi/_0o-CAL_-_I/default.jpg','https://www.youtube.com/watch?v=_0o-CAL_-_I','8:45',0,0,NULL,0,'2015-07-18 17:33:09','Y',0,21,4,NULL),(545,'4. Momentum (9)Momentum, Problem 4',6,'siblinks@siblinks.com','Physics','General Physics','1. Mechanics',NULL,'https://i.ytimg.com/vi/GXuFNNlo2uc/default.jpg','https://www.youtube.com/watch?v=GXuFNNlo2uc','4:1',0,0,NULL,0,'2015-07-18 17:33:22','Y',0,21,4,NULL),(546,'5. Energy Work and Power (7)Energy Work and Power, Lecture 1',6,'siblinks@siblinks.com','Physics','General Physics','1. Mechanics',NULL,'https://i.ytimg.com/vi/ztP9eG6w5-o/default.jpg','https://www.youtube.com/watch?v=ztP9eG6w5-o','6:26',0,0,NULL,0,'2015-07-18 17:33:39','Y',0,21,4,NULL),(547,'5. Energy Work and Power (7)Energy Work and Power, Lecture 2',6,'siblinks@siblinks.com','Physics','General Physics','1. Mechanics',NULL,'https://i.ytimg.com/vi/IblqFpOrVhE/default.jpg','https://www.youtube.com/watch?v=IblqFpOrVhE','6:44',0,0,NULL,0,'2015-07-18 17:33:55','Y',0,21,4,NULL),(548,'5. Energy Work and Power (7)Energy Work and Power, Lecture 3',6,'siblinks@siblinks.com','Physics','General Physics','1. Mechanics',NULL,'https://i.ytimg.com/vi/pSDurq4ZHyg/default.jpg','https://www.youtube.com/watch?v=pSDurq4ZHyg','4:24',0,0,NULL,0,'2015-07-18 17:34:08','Y',0,21,4,NULL),(549,'5. Energy Work and Power (7)Energy Work and Power, Problem 1',6,'siblinks@siblinks.com','Physics','General Physics','1. Mechanics',NULL,'https://i.ytimg.com/vi/ljhIfoKS6Ts/default.jpg','https://www.youtube.com/watch?v=ljhIfoKS6Ts','3:35',0,0,NULL,0,'2015-07-18 17:34:21','Y',0,21,4,NULL),(550,'5. Energy Work and Power (7)Energy Work and Power, Problem 2',6,'siblinks@siblinks.com','Physics','General Physics','1. Mechanics',NULL,'https://i.ytimg.com/vi/ZVovCvhkYIg/default.jpg','https://www.youtube.com/watch?v=ZVovCvhkYIg','4:19',0,0,NULL,0,'2015-07-18 17:34:34','Y',0,21,4,NULL),(551,'5. Energy Work and Power (7)Energy Work and Power, Problem 3 part 1',6,'siblinks@siblinks.com','Physics','General Physics','1. Mechanics',NULL,'https://i.ytimg.com/vi/FUG6t4Yl7WY/default.jpg','https://www.youtube.com/watch?v=FUG6t4Yl7WY','3:28',0,0,NULL,0,'2015-07-18 17:34:45','Y',0,21,4,NULL),(552,'5. Energy Work and Power (7)Energy Work and Power, Problem 3 part 2',6,'siblinks@siblinks.com','Physics','General Physics','1. Mechanics',NULL,'https://i.ytimg.com/vi/gK3AfivfU38/default.jpg','https://www.youtube.com/watch?v=gK3AfivfU38','3:28',0,0,NULL,0,'2015-07-18 17:34:55','Y',0,21,4,NULL),(553,'6. Conservation of Energy (8)Conservation of Energy, Lecture 1',6,'siblinks@siblinks.com','Physics','General Physics','1. Mechanics',NULL,'https://i.ytimg.com/vi/-mrtRgC4bFw/default.jpg','https://www.youtube.com/watch?v=-mrtRgC4bFw','4:15',0,0,NULL,0,'2015-07-18 17:35:09','Y',0,21,4,NULL),(554,'6. Conservation of Energy (8)Conservation of Energy, Lecture 2',6,'siblinks@siblinks.com','Physics','General Physics','1. Mechanics',NULL,'https://i.ytimg.com/vi/LJ8iF7gwhAQ/default.jpg','https://www.youtube.com/watch?v=LJ8iF7gwhAQ','4:30',0,0,NULL,0,'2015-07-18 17:35:24','Y',0,21,4,NULL),(555,'6. Conservation of Energy (8)Conservation of Energy, Lecture 3',6,'siblinks@siblinks.com','Physics','General Physics','1. Mechanics',NULL,'https://i.ytimg.com/vi/E1sTBnP5SaM/default.jpg','https://www.youtube.com/watch?v=E1sTBnP5SaM','6:46',0,0,NULL,0,'2015-07-18 17:35:42','Y',0,21,4,NULL),(556,'6. Conservation of Energy (8)Conservation of Energy, Lecture 4',6,'siblinks@siblinks.com','Physics','General Physics','1. Mechanics',NULL,'https://i.ytimg.com/vi/74qgSZXsPig/default.jpg','https://www.youtube.com/watch?v=74qgSZXsPig','6:17',0,0,NULL,0,'2015-07-18 17:36:09','Y',0,21,4,NULL),(557,'6. Conservation of Energy (8)Conservation of Energy, Problem 1',6,'siblinks@siblinks.com','Physics','General Physics','1. Mechanics',NULL,'https://i.ytimg.com/vi/5q-Pqt_ZRaQ/default.jpg','https://www.youtube.com/watch?v=5q-Pqt_ZRaQ','4:49',0,0,NULL,0,'2015-07-18 17:36:34','Y',0,21,4,NULL),(558,'6. Conservation of Energy (8)Conservation of Energy, Problem 2',6,'siblinks@siblinks.com','Physics','General Physics','1. Mechanics',NULL,'https://i.ytimg.com/vi/-EE60RqtN7E/default.jpg','https://www.youtube.com/watch?v=-EE60RqtN7E','5:14',0,0,NULL,0,'2015-07-18 17:36:49','Y',0,21,4,NULL),(559,'6. Conservation of Energy (8)Conservation of Energy, Problem 3',6,'siblinks@siblinks.com','Physics','General Physics','1. Mechanics',NULL,'https://i.ytimg.com/vi/uv7OhJHTV0A/default.jpg','https://www.youtube.com/watch?v=uv7OhJHTV0A','6:29',0,0,NULL,0,'2015-07-18 17:37:06','Y',0,21,4,NULL),(560,'6. Conservation of Energy (8)Conservation of Energy, Problem 4',6,'siblinks@siblinks.com','Physics','General Physics','1. Mechanics',NULL,'https://i.ytimg.com/vi/_3Hf-HGWoIs/default.jpg','https://www.youtube.com/watch?v=_3Hf-HGWoIs','6:36',0,0,NULL,0,'2015-07-18 17:37:26','Y',0,21,4,NULL),(561,'7. Frames of Reference (3)Frames of Reference, Lecture 1',6,'siblinks@siblinks.com','Physics','General Physics','1. Mechanics',NULL,'https://i.ytimg.com/vi/NEEiOM4xujI/default.jpg','https://www.youtube.com/watch?v=NEEiOM4xujI','5:28',0,0,NULL,0,'2015-07-18 17:37:40','Y',0,21,4,NULL),(562,'7. Frames of Reference (3)Frames of Reference, Lecture 2',6,'siblinks@siblinks.com','Physics','General Physics','1. Mechanics',NULL,'https://i.ytimg.com/vi/kkSpPhZr8uQ/default.jpg','https://www.youtube.com/watch?v=kkSpPhZr8uQ','5:42',0,0,NULL,0,'2015-07-18 17:37:56','Y',0,21,4,NULL),(563,'7. Frames of Reference (3)Frames of Reference, Problem 1',6,'siblinks@siblinks.com','Physics','General Physics','1. Mechanics',NULL,'https://i.ytimg.com/vi/W3b6K83FuNA/default.jpg','https://www.youtube.com/watch?v=W3b6K83FuNA','4:42',0,0,NULL,0,'2015-07-18 17:38:09','Y',0,21,4,NULL),(564,'8. Interactions with Gravity (8)Interactions with Gravity, Lecture 1',6,'siblinks@siblinks.com','Physics','General Physics','1. Mechanics',NULL,'https://i.ytimg.com/vi/JlYytO4UYXw/default.jpg','https://www.youtube.com/watch?v=JlYytO4UYXw','5:16',0,0,NULL,0,'2015-07-18 17:38:25','Y',0,21,4,NULL),(565,'8. Interactions with Gravity (8)Interactions with Gravity, Lecture 2',6,'siblinks@siblinks.com','Physics','General Physics','1. Mechanics',NULL,'https://i.ytimg.com/vi/9jbvRmarsWs/default.jpg','https://www.youtube.com/watch?v=9jbvRmarsWs','5:26',0,0,NULL,0,'2015-07-18 17:38:45','Y',0,21,4,NULL),(566,'8. Interactions with Gravity (8)Interactions with Gravity, Lecture 3',6,'siblinks@siblinks.com','Physics','General Physics','1. Mechanics',NULL,'https://i.ytimg.com/vi/Fio0uD8DMsU/default.jpg','https://www.youtube.com/watch?v=Fio0uD8DMsU','5:53',0,0,NULL,0,'2015-07-18 17:38:59','Y',0,21,4,NULL),(567,'8. Interactions with Gravity (8)Interactions with Gravity, Lecture 4',6,'siblinks@siblinks.com','Physics','General Physics','1. Mechanics',NULL,'https://i.ytimg.com/vi/s8yOlPP1E9A/default.jpg','https://www.youtube.com/watch?v=s8yOlPP1E9A','7:35',0,0,NULL,0,'2015-07-18 17:39:36','Y',0,21,4,NULL),(568,'8. Interactions with Gravity (8)Interactions with Gravity, Problem 1',6,'siblinks@siblinks.com','Physics','General Physics','1. Mechanics',NULL,'https://i.ytimg.com/vi/j9MH160GrdE/default.jpg','https://www.youtube.com/watch?v=j9MH160GrdE','3:2',0,0,NULL,0,'2015-07-18 17:39:47','Y',0,21,4,NULL),(569,'8. Interactions with Gravity (8)Interactions with Gravity, Problem 2',6,'siblinks@siblinks.com','Physics','General Physics','1. Mechanics',NULL,'https://i.ytimg.com/vi/x4EFdSgvKhs/default.jpg','https://www.youtube.com/watch?v=x4EFdSgvKhs','3:17',0,0,NULL,0,'2015-07-18 17:39:58','Y',0,21,4,NULL),(570,'8. Interactions with Gravity (8)Interactions with Gravity, Problem 3',6,'siblinks@siblinks.com','Physics','General Physics','1. Mechanics',NULL,'https://i.ytimg.com/vi/_QheyS9CyiQ/default.jpg','https://www.youtube.com/watch?v=_QheyS9CyiQ','4:',0,0,NULL,0,'2015-07-18 17:40:09','Y',0,21,4,NULL),(571,'8. Interactions with Gravity (8)Interactions with Gravity, Problem 4',6,'siblinks@siblinks.com','Physics','General Physics','1. Mechanics',NULL,'https://i.ytimg.com/vi/chqOhrp-X_I/default.jpg','https://www.youtube.com/watch?v=chqOhrp-X_I','5:51',0,0,NULL,0,'2015-07-18 17:40:34','Y',0,21,4,NULL),(572,'1. DC Circuits (2)Intro to DC Circuits, Part 1',6,'siblinks@siblinks.com','Physics','General Physics','2. Electromagnetics',NULL,'https://i.ytimg.com/vi/9GouYor3ZII/default.jpg','https://www.youtube.com/watch?v=9GouYor3ZII','2:34',0,0,NULL,0,'2015-07-18 17:42:19','Y',0,21,4,NULL),(573,'1. DC Circuits (2)Intro to DC Circuits, Part 2',6,'siblinks@siblinks.com','Physics','General Physics','2. Electromagnetics',NULL,'https://i.ytimg.com/vi/1HuJRTh6vBI/default.jpg','https://www.youtube.com/watch?v=1HuJRTh6vBI','3:58',0,0,NULL,0,'2015-07-18 17:43:52','Y',0,21,4,NULL),(574,'2. Current in Wire (2)Current in a Wire, Part 1',6,'siblinks@siblinks.com','Physics','General Physics','2. Electromagnetics',NULL,'https://i.ytimg.com/vi/tkE2E1kO4SY/default.jpg','https://www.youtube.com/watch?v=tkE2E1kO4SY','4:8',0,0,NULL,0,'2015-07-18 17:44:48','Y',0,21,4,NULL),(575,'2. Current in Wire (2)Current in a Wire, Part 2',6,'siblinks@siblinks.com','Physics','General Physics','2. Electromagnetics',NULL,'https://i.ytimg.com/vi/8C8q4GAfXHE/default.jpg','https://www.youtube.com/watch?v=8C8q4GAfXHE','2:37',0,0,NULL,0,'2015-07-18 17:45:48','Y',0,21,4,NULL),(576,'4. Resistance (8)1. Circuits Series and Parallel',6,'siblinks@siblinks.com','Physics','General Physics','2. Electromagnetics',NULL,'https://i.ytimg.com/vi/b84JFz0KOKU/default.jpg','https://www.youtube.com/watch?v=b84JFz0KOKU','3:49',0,0,NULL,0,'2015-07-18 17:50:00','Y',0,21,4,NULL),(577,'4. Resistance (8)1. Exercise, Resistors in Parallel',6,'siblinks@siblinks.com','Physics','General Physics','2. Electromagnetics',NULL,'https://i.ytimg.com/vi/DBNdyqJZqJM/default.jpg','https://www.youtube.com/watch?v=DBNdyqJZqJM','5:6',0,0,NULL,0,'2015-07-18 17:50:23','Y',0,21,4,NULL),(578,'4. Resistance (8)1. Exercise, Resistors in Series',6,'siblinks@siblinks.com','Physics','General Physics','2. Electromagnetics',NULL,'https://i.ytimg.com/vi/cmo5iyuhQPM/default.jpg','https://www.youtube.com/watch?v=cmo5iyuhQPM','3:40',0,0,NULL,0,'2015-07-18 17:50:40','Y',0,21,4,NULL),(579,'4. Resistance (8)2. Exercise, Resistance in a Complicated Circuit, Ex 3 Part 2',6,'siblinks@siblinks.com','Physics','General Physics','2. Electromagnetics',NULL,'https://i.ytimg.com/vi/_dbCSRTz4rc/default.jpg','https://www.youtube.com/watch?v=_dbCSRTz4rc','5:49',0,0,NULL,0,'2015-07-18 17:52:52','Y',0,21,4,NULL),(580,'1. MechanicsAP Units, Lecture 1',6,'siblinks@siblinks.com','Physics','General Physics','1. Mechanics',NULL,'https://i.ytimg.com/vi/uZvLuFBIfq4/default.jpg','https://www.youtube.com/watch?v=uZvLuFBIfq4','5:53',0,0,NULL,0,'2015-07-18 19:40:45','Y',0,21,4,NULL),(581,'1. MechanicsAP Units, Lecture 2',6,'siblinks@siblinks.com','Physics','General Physics','1. Mechanics',NULL,'https://i.ytimg.com/vi/AZVmXEPF694/default.jpg','https://www.youtube.com/watch?v=AZVmXEPF694','4:53',0,0,NULL,0,'2015-07-18 19:40:57','Y',0,21,4,NULL),(582,'1. MechanicsAP Units, Lecture 3',6,'siblinks@siblinks.com','Physics','General Physics','1. Mechanics',NULL,'https://i.ytimg.com/vi/6RDEvdFRYAk/default.jpg','https://www.youtube.com/watch?v=6RDEvdFRYAk','5:1',0,0,NULL,0,'2015-07-18 19:41:10','Y',0,21,4,NULL),(583,'1. MechanicsAP Units, Problem 1',6,'siblinks@siblinks.com','Physics','General Physics','1. Mechanics',NULL,'https://i.ytimg.com/vi/sK_1EVWZG_Y/default.jpg','https://www.youtube.com/watch?v=sK_1EVWZG_Y','4:1',0,0,NULL,0,'2015-07-18 19:41:38','Y',0,21,4,NULL),(584,'1. MechanicsAP Units, Problem 2',6,'siblinks@siblinks.com','Physics','General Physics','1. Mechanics',NULL,'https://i.ytimg.com/vi/uVEkMIRkN0I/default.jpg','https://www.youtube.com/watch?v=uVEkMIRkN0I','5:47',0,0,NULL,0,'2015-07-18 19:42:25','Y',0,21,4,NULL),(585,'1. MechanicsAP Forces, Lecture 1',6,'siblinks@siblinks.com','Physics','General Physics','1. Mechanics',NULL,'https://i.ytimg.com/vi/0WZ7jHW5jZk/default.jpg','https://www.youtube.com/watch?v=0WZ7jHW5jZk','4:27',0,0,NULL,0,'2015-07-18 19:42:37','Y',0,21,4,NULL),(586,'1. MechanicsAP Forces, Lecture 2',6,'siblinks@siblinks.com','Physics','General Physics','1. Mechanics',NULL,'https://i.ytimg.com/vi/KfhqzWZ43hI/default.jpg','https://www.youtube.com/watch?v=KfhqzWZ43hI','6:52',0,0,NULL,0,'2015-07-18 19:42:52','Y',0,21,4,NULL),(587,'1. MechanicsAP Forces, Problem 1',6,'siblinks@siblinks.com','Physics','General Physics','1. Mechanics',NULL,'https://i.ytimg.com/vi/SMP8yCjpkCk/default.jpg','https://www.youtube.com/watch?v=SMP8yCjpkCk','3:49',0,0,NULL,0,'2015-07-18 19:43:08','Y',0,21,4,NULL),(588,'1. MechanicsAP Forces, Problem 2',6,'siblinks@siblinks.com','Physics','General Physics','1. Mechanics',NULL,'https://i.ytimg.com/vi/A3zzLmPGzlY/default.jpg','https://www.youtube.com/watch?v=A3zzLmPGzlY','6:5',0,0,NULL,0,'2015-07-18 19:43:33','Y',0,21,4,NULL),(589,'1. MechanicsAP Newtons Laws, Lecture 1',6,'siblinks@siblinks.com','Physics','General Physics','1. Mechanics',NULL,'https://i.ytimg.com/vi/0wEEhukArJs/default.jpg','https://www.youtube.com/watch?v=0wEEhukArJs','6:48',0,0,NULL,0,'2015-07-18 19:44:01','Y',0,21,4,NULL),(590,'1. MechanicsAP Newtons Laws, Lecture 2',6,'siblinks@siblinks.com','Physics','General Physics','1. Mechanics',NULL,'https://i.ytimg.com/vi/2L1J8pAQFjo/default.jpg','https://www.youtube.com/watch?v=2L1J8pAQFjo','4:42',0,0,NULL,0,'2015-07-18 19:44:13','Y',0,21,4,NULL),(591,'1. MechanicsAP Newtons Laws, Lecture 3',6,'siblinks@siblinks.com','Physics','General Physics','1. Mechanics',NULL,'https://i.ytimg.com/vi/nq5-4bS4vcw/default.jpg','https://www.youtube.com/watch?v=nq5-4bS4vcw','5:16',0,0,NULL,0,'2015-07-18 19:44:48','Y',0,21,4,NULL),(592,'1. MechanicsAP Newtons Laws, Problem 1',6,'siblinks@siblinks.com','Physics','General Physics','1. Mechanics',NULL,'https://i.ytimg.com/vi/hXHRfpLcVNM/default.jpg','https://www.youtube.com/watch?v=hXHRfpLcVNM','3:59',0,0,NULL,0,'2015-07-18 19:45:13','Y',0,21,4,NULL),(593,'1. MechanicsAP Newtons Laws, Problem 2',6,'siblinks@siblinks.com','Physics','General Physics','1. Mechanics',NULL,'https://i.ytimg.com/vi/r4yvgRo1MNA/default.jpg','https://www.youtube.com/watch?v=r4yvgRo1MNA','3:3',0,0,NULL,0,'2015-07-18 19:45:49','Y',0,21,4,NULL),(594,'1. MechanicsAP Newtons Laws, Problem 3',6,'siblinks@siblinks.com','Physics','General Physics','1. Mechanics',NULL,'https://i.ytimg.com/vi/104YUn7HUeY/default.jpg','https://www.youtube.com/watch?v=104YUn7HUeY','4:52',0,0,NULL,0,'2015-07-18 19:46:13','Y',0,21,4,NULL),(595,'1. Standard_Model (10)StandardModel1_v0',6,'siblinks@siblinks.com','Physics','General Physics','1. Standard_Model (10)',NULL,'https://i.ytimg.com/vi/kQsiH9g-iEs/default.jpg','https://www.youtube.com/watch?v=kQsiH9g-iEs','2:24',0,0,NULL,0,'2015-07-18 20:35:02','Y',0,21,4,NULL),(596,'1. Standard_Model (10)StandardModel2_v0',6,'siblinks@siblinks.com','Physics','General Physics','1. Standard_Model (10)',NULL,'https://i.ytimg.com/vi/079l8aC5KSw/default.jpg','https://www.youtube.com/watch?v=079l8aC5KSw','3:7',0,0,NULL,0,'2015-07-18 20:35:23','Y',0,21,4,NULL),(597,'1. Standard_Model (10)StandardModel3_v0',6,'siblinks@siblinks.com','Physics','General Physics','1. Standard_Model (10)',NULL,'https://i.ytimg.com/vi/MRS7i6_zRV4/default.jpg','https://www.youtube.com/watch?v=MRS7i6_zRV4','5:9',0,0,NULL,0,'2015-07-18 20:35:36','Y',0,21,4,NULL),(598,'1. Standard_Model (10)StandardModel4_v0',6,'siblinks@siblinks.com','Physics','General Physics','1. Standard_Model (10)',NULL,'https://i.ytimg.com/vi/R-EHF3b7vow/default.jpg','https://www.youtube.com/watch?v=R-EHF3b7vow','3:39',0,0,NULL,0,'2015-07-18 20:35:46','Y',0,21,4,NULL),(599,'1. Standard_Model (10)StandardModel5_v0',6,'siblinks@siblinks.com','Physics','General Physics','1. Standard_Model (10)',NULL,'https://i.ytimg.com/vi/8HctzD_PFL0/default.jpg','https://www.youtube.com/watch?v=8HctzD_PFL0','3:17',0,0,NULL,0,'2015-07-18 20:35:57','Y',0,21,4,NULL),(600,'1. Standard_Model (10)StandardModel6_v0',6,'siblinks@siblinks.com','Physics','General Physics','1. Standard_Model (10)',NULL,'https://i.ytimg.com/vi/F-6m5GV9kRE/default.jpg','https://www.youtube.com/watch?v=F-6m5GV9kRE','3:41',0,0,NULL,0,'2015-07-18 20:36:08','Y',0,21,4,NULL),(601,'1. Standard_Model (10)StandardModel7_v0',6,'siblinks@siblinks.com','Physics','General Physics','1. Standard_Model (10)',NULL,'https://i.ytimg.com/vi/7a5QC9Madlk/default.jpg','https://www.youtube.com/watch?v=7a5QC9Madlk','3:48',0,0,NULL,0,'2015-07-18 20:36:18','Y',0,21,4,NULL),(602,'1. Standard_Model (10)StandardModel8_v0',6,'siblinks@siblinks.com','Physics','General Physics','1. Standard_Model (10)',NULL,'https://i.ytimg.com/vi/e2yAWA3zYk8/default.jpg','https://www.youtube.com/watch?v=e2yAWA3zYk8','3:49',0,0,NULL,0,'2015-07-18 20:36:27','Y',0,21,4,NULL),(603,'1. Standard_Model (10)StandardModel9_v0',6,'siblinks@siblinks.com','Physics','General Physics','1. Standard_Model (10)',NULL,'https://i.ytimg.com/vi/mr3m7iHrsIM/default.jpg','https://www.youtube.com/watch?v=mr3m7iHrsIM','4:6',0,0,NULL,0,'2015-07-18 20:36:36','Y',0,21,4,NULL),(604,'1. Standard_Model (10)StandardModel10_v0',6,'siblinks@siblinks.com','Physics','General Physics','1. Standard_Model (10)',NULL,'https://i.ytimg.com/vi/ln6ysJWiCV8/default.jpg','https://www.youtube.com/watch?v=ln6ysJWiCV8','5:1',0,0,NULL,0,'2015-07-18 20:36:51','Y',0,21,4,NULL),(605,'StandardModel1_v0',6,'siblinks@siblinks.com','Physics','General Physics','',NULL,'https://i.ytimg.com/vi/6tS51P6Yl1E/default.jpg','https://www.youtube.com/watch?v=6tS51P6Yl1E','2:24',0,0,NULL,0,'2015-07-18 20:52:51','Y',0,21,4,NULL),(606,'StandardModel2_v0',6,'siblinks@siblinks.com','Physics','General Physics','',NULL,'https://i.ytimg.com/vi/xB7VBzylQKQ/default.jpg','https://www.youtube.com/watch?v=xB7VBzylQKQ','3:7',0,0,NULL,0,'2015-07-18 20:53:08','Y',0,21,4,NULL),(607,'StandardModel3_v0',6,'siblinks@siblinks.com','Physics','General Physics','',NULL,'https://i.ytimg.com/vi/MBI-QRI7V6A/default.jpg','https://www.youtube.com/watch?v=MBI-QRI7V6A','5:9',0,0,NULL,0,'2015-07-18 20:53:22','Y',0,21,4,NULL),(608,'StandardModel4_v0',6,'siblinks@siblinks.com','Physics','General Physics','',NULL,'https://i.ytimg.com/vi/cJMafxOY3XQ/default.jpg','https://www.youtube.com/watch?v=cJMafxOY3XQ','3:39',0,0,NULL,0,'2015-07-18 20:53:32','Y',0,21,4,NULL),(609,'StandardModel5_v0',6,'siblinks@siblinks.com','Physics','General Physics','',NULL,'https://i.ytimg.com/vi/r0ZXdFQXHLk/default.jpg','https://www.youtube.com/watch?v=r0ZXdFQXHLk','3:17',0,0,NULL,0,'2015-07-18 20:53:43','Y',0,21,4,NULL),(610,'StandardModel6_v0',6,'siblinks@siblinks.com','Physics','General Physics','',NULL,'https://i.ytimg.com/vi/s9juScArDpY/default.jpg','https://www.youtube.com/watch?v=s9juScArDpY','3:41',0,0,NULL,0,'2015-07-18 20:53:54','Y',0,21,4,NULL),(611,'StandardModel7_v0',6,'siblinks@siblinks.com','Physics','General Physics','',NULL,'https://i.ytimg.com/vi/Pd8-nD2ofxE/default.jpg','https://www.youtube.com/watch?v=Pd8-nD2ofxE','3:48',0,0,NULL,0,'2015-07-18 20:54:08','Y',0,21,4,NULL),(612,'StandardModel8_v0',6,'siblinks@siblinks.com','Physics','General Physics','',NULL,'https://i.ytimg.com/vi/kDUZ312fJWE/default.jpg','https://www.youtube.com/watch?v=kDUZ312fJWE','3:49',0,0,NULL,0,'2015-07-18 20:54:21','Y',0,21,4,NULL),(613,'StandardModel9_v0',6,'siblinks@siblinks.com','Physics','General Physics','',NULL,'https://i.ytimg.com/vi/H8nkPg6txak/default.jpg','https://www.youtube.com/watch?v=H8nkPg6txak','4:6',0,0,NULL,0,'2015-07-18 20:54:32','Y',0,21,4,NULL),(614,'StandardModel10_v0',6,'siblinks@siblinks.com','Physics','General Physics','',NULL,'https://i.ytimg.com/vi/yrIN7LX7u-s/default.jpg','https://www.youtube.com/watch?v=yrIN7LX7u-s','5:1',0,0,NULL,0,'2015-07-18 20:54:50','Y',0,21,4,NULL),(615,'StandardModel11_v0',6,'siblinks@siblinks.com','Physics','General Physics','',NULL,'https://i.ytimg.com/vi/29jzY0X_WyE/default.jpg','https://www.youtube.com/watch?v=29jzY0X_WyE','5:3',0,0,NULL,0,'2015-07-18 20:55:09','Y',0,21,4,NULL),(616,'Movement',6,'siblinks@siblinks.com','Physics','General Physics','',NULL,'https://i.ytimg.com/vi/MxJXwDkhYSE/default.jpg','https://www.youtube.com/watch?v=MxJXwDkhYSE','5:39',0,0,NULL,0,'2015-07-18 21:00:53','Y',0,21,4,NULL),(617,'Photoelectric1',6,'siblinks@siblinks.com','Physics','General Physics','',NULL,'https://i.ytimg.com/vi/44VqHzm3cCs/default.jpg','https://www.youtube.com/watch?v=44VqHzm3cCs','5:37',0,0,NULL,0,'2015-07-18 21:01:13','Y',0,21,4,NULL),(618,'Photoelectric2',6,'siblinks@siblinks.com','Physics','General Physics','',NULL,'https://i.ytimg.com/vi/g5lPFC-DbEA/default.jpg','https://www.youtube.com/watch?v=g5lPFC-DbEA','5:3',0,0,NULL,0,'2015-07-18 21:01:28','Y',0,21,4,NULL),(619,'Photoelectric 3',6,'siblinks@siblinks.com','Physics','General Physics','',NULL,'https://i.ytimg.com/vi/qgPosxrnEIc/default.jpg','https://www.youtube.com/watch?v=qgPosxrnEIc','5:29',0,0,NULL,0,'2015-07-18 21:01:45','Y',0,21,4,NULL),(620,'Position',6,'siblinks@siblinks.com','Physics','General Physics','',NULL,'https://i.ytimg.com/vi/5D4AeAQZTDE/default.jpg','https://www.youtube.com/watch?v=5D4AeAQZTDE','4:58',0,0,NULL,0,'2015-07-18 21:02:06','Y',0,21,4,NULL),(621,'Social-Implications',6,'siblinks@siblinks.com','Physics','General Physics','',NULL,'https://i.ytimg.com/vi/UKx0JGYKnls/default.jpg','https://www.youtube.com/watch?v=UKx0JGYKnls','5:5',0,0,NULL,0,'2015-07-18 21:02:24','Y',0,21,4,NULL),(622,'Circuits Series and Parallel.mp4Circuits Series and Parallel',6,'siblinks@siblinks.com','Physics','General Physics','Circuits Series and Parallel.mp4',NULL,'https://i.ytimg.com/vi/vJ7sI8zixN4/default.jpg','https://www.youtube.com/watch?v=vJ7sI8zixN4','3:49',0,0,NULL,0,'2015-07-18 21:16:16','Y',0,21,4,NULL),(623,'Current in a Wire, Part 1.mp4Current in a Wire, Part 1',6,'siblinks@siblinks.com','Physics','General Physics','Current in a Wire, Part 1.mp4',NULL,'https://i.ytimg.com/vi/6JUQmCbSo60/default.jpg','https://www.youtube.com/watch?v=6JUQmCbSo60','4:8',0,0,NULL,0,'2015-07-18 21:17:14','Y',0,21,4,NULL),(624,'Current in a Wire, Part 2.mp4Current in a Wire, Part 2',6,'siblinks@siblinks.com','Physics','General Physics','Current in a Wire, Part 2.mp4',NULL,'https://i.ytimg.com/vi/v14BAi7Bj88/default.jpg','https://www.youtube.com/watch?v=v14BAi7Bj88','2:37',0,0,NULL,0,'2015-07-18 21:18:21','Y',0,21,4,NULL),(625,'Exercise, Resistance in a Complicated Circuit, Part 2.mp4Exercise, Resistance in a Complicated Circuit, Part 2',6,'siblinks@siblinks.com','Physics','General Physics','Exercise, Resistance in a Complicated Circuit, Part 2.mp4',NULL,'https://i.ytimg.com/vi/BYUiqcmvtDk/default.jpg','https://www.youtube.com/watch?v=BYUiqcmvtDk','5:49',0,0,NULL,0,'2015-07-18 21:20:19','Y',0,21,4,NULL),(626,'Exercise, Resistance in Complicated Circuit, Ex #1.mp4Exercise, Resistance in Complicated Circuit, Ex #1',6,'siblinks@siblinks.com','Physics','General Physics','Exercise, Resistance in Complicated Circuit, Ex #1.mp4',NULL,'https://i.ytimg.com/vi/4yBuH6wmIqA/default.jpg','https://www.youtube.com/watch?v=4yBuH6wmIqA','8:25',0,0,NULL,0,'2015-07-18 21:21:22','Y',0,21,4,NULL),(627,'Exercise, Resistance in Complicated Circuit, Ex #2.mp4Exercise, Resistance in Complicated Circuit, Ex #2',6,'siblinks@siblinks.com','Physics','General Physics','Exercise, Resistance in Complicated Circuit, Ex #2.mp4',NULL,'https://i.ytimg.com/vi/uASVw9aIURw/default.jpg','https://www.youtube.com/watch?v=uASVw9aIURw','6:51',0,0,NULL,0,'2015-07-18 21:22:13','Y',0,21,4,NULL),(628,'Exercise, Resistance in Complicated Circuit, Ex #3 pt 1.mp4Exercise, Resistance in Complicated Circuit, Ex #3 pt 1',6,'siblinks@siblinks.com','Physics','General Physics','Exercise, Resistance in Complicated Circuit, Ex #3 pt 1.mp4',NULL,'https://i.ytimg.com/vi/h6sDEqPJZTU/default.jpg','https://www.youtube.com/watch?v=h6sDEqPJZTU','3:58',0,0,NULL,0,'2015-07-18 21:24:16','Y',0,21,4,NULL),(629,'Exercise, Resistors in Parallel.mp4Exercise, Resistors in Parallel',6,'siblinks@siblinks.com','Physics','General Physics','Exercise, Resistors in Parallel.mp4',NULL,'https://i.ytimg.com/vi/cbqhsSmPxAE/default.jpg','https://www.youtube.com/watch?v=cbqhsSmPxAE','5:6',0,0,NULL,0,'2015-07-18 21:25:18','Y',0,21,4,NULL),(630,'Exercise, Resistors in Series.mp4Exercise, Resistors in Series',6,'siblinks@siblinks.com','Physics','General Physics','Exercise, Resistors in Series.mp4',NULL,'https://i.ytimg.com/vi/gGi7GDd2QMw/default.jpg','https://www.youtube.com/watch?v=gGi7GDd2QMw','3:40',0,0,NULL,0,'2015-07-18 21:25:54','Y',0,21,4,NULL),(631,'Intro to DC Circuits, Part 1.mp4Intro to DC Circuits, Part 1',6,'siblinks@siblinks.com','Physics','General Physics','Intro to DC Circuits, Part 1.mp4',NULL,'https://i.ytimg.com/vi/ojEUHRxbBSA/default.jpg','https://www.youtube.com/watch?v=ojEUHRxbBSA','2:34',0,0,NULL,0,'2015-07-18 21:28:25','Y',0,21,4,NULL),(632,'Intro to DC Circuits, Part 2.mp4Intro to DC Circuits, Part 2',6,'siblinks@siblinks.com','Physics','General Physics','Intro to DC Circuits, Part 2.mp4',NULL,'https://i.ytimg.com/vi/mJjLr8tHhw4/default.jpg','https://www.youtube.com/watch?v=mJjLr8tHhw4','3:58',0,0,NULL,0,'2015-07-18 21:31:20','Y',0,21,4,NULL),(633,'Intro to Ohms Law, Part 1.mp4Intro to Ohms Law, Part 1',6,'siblinks@siblinks.com','Physics','General Physics','Intro to Ohms Law, Part 1.mp4',NULL,'https://i.ytimg.com/vi/8zC7uJtCMaA/default.jpg','https://www.youtube.com/watch?v=8zC7uJtCMaA','5:24',0,0,NULL,0,'2015-07-18 21:34:31','Y',0,21,4,NULL),(634,'Old filesApplying Ohms Law - cut',6,'siblinks@siblinks.com','Physics','General Physics','Old files',NULL,'https://i.ytimg.com/vi/0mVvD_wNx7E/default.jpg','https://www.youtube.com/watch?v=0mVvD_wNx7E','5:44',0,0,NULL,0,'2015-07-18 21:36:00','Y',0,21,4,NULL),(635,'Old filesCurrent in a Wire - split',6,'siblinks@siblinks.com','Physics','General Physics','Old files',NULL,'https://i.ytimg.com/vi/96DSqC5YDq4/default.jpg','https://www.youtube.com/watch?v=96DSqC5YDq4','6:45',0,0,NULL,0,'2015-07-18 21:36:43','Y',0,21,4,NULL),(636,'Old filesExercise, Resistance in Complicated Circuit 3 - split',6,'siblinks@siblinks.com','Physics','General Physics','Old files',NULL,'https://i.ytimg.com/vi/KLbweJwLdhs/default.jpg','https://www.youtube.com/watch?v=KLbweJwLdhs','9:47',0,0,NULL,0,'2015-07-18 21:37:42','Y',0,21,4,NULL),(637,'Old filesIntro to DC Circuits - OLD',6,'siblinks@siblinks.com','Physics','General Physics','Old files',NULL,'https://i.ytimg.com/vi/hpyuyJw-LKY/default.jpg','https://www.youtube.com/watch?v=hpyuyJw-LKY','6:33',0,0,NULL,0,'2015-07-18 21:39:43','Y',0,21,4,NULL),(638,'Old filesnewvideo-edit',6,'siblinks@siblinks.com','Physics','General Physics','Old files',NULL,'https://i.ytimg.com/vi/7jXcFmKDHYc/default.jpg','https://www.youtube.com/watch?v=7jXcFmKDHYc','3:11',0,0,NULL,0,'2015-07-18 21:40:25','Y',0,21,4,NULL),(639,'Resistance in Complicated Circuit, pt 2.mp4Resistance in Complicated Circuit, pt 2',6,'siblinks@siblinks.com','Physics','General Physics','Resistance in Complicated Circuit, pt 2.mp4',NULL,'https://i.ytimg.com/vi/m0khwtmqT_0/default.jpg','https://www.youtube.com/watch?v=m0khwtmqT_0','5:49',0,0,NULL,0,'2015-07-18 21:43:12','Y',0,21,4,NULL),(640,'Spring 2014Capacitance of a Parallel Plate Capacitor',6,'siblinks@siblinks.com','Physics','General Physics','Spring 2014',NULL,'https://i.ytimg.com/vi/UfdLJteHAAo/default.jpg','https://www.youtube.com/watch?v=UfdLJteHAAo','3:52',0,0,NULL,0,'2015-07-18 21:43:26','Y',0,21,4,NULL),(641,'Spring 2014Circuits Series and Parallel',6,'siblinks@siblinks.com','Physics','General Physics','Spring 2014',NULL,'https://i.ytimg.com/vi/Bg07EPcU-l0/default.jpg','https://www.youtube.com/watch?v=Bg07EPcU-l0','3:49',0,0,NULL,0,'2015-07-18 21:43:39','Y',0,21,4,NULL),(642,'Spring 2014Circuits, Current and Voltage Rules',6,'siblinks@siblinks.com','Physics','General Physics','Spring 2014',NULL,'https://i.ytimg.com/vi/iSkL2pusB3k/default.jpg','https://www.youtube.com/watch?v=iSkL2pusB3k','4:58',0,0,NULL,0,'2015-07-18 21:43:56','Y',0,21,4,NULL),(643,'Spring 2014Current in a Wire, Part 1',6,'siblinks@siblinks.com','Physics','General Physics','Spring 2014',NULL,'https://i.ytimg.com/vi/EDbdBxVdWbE/default.jpg','https://www.youtube.com/watch?v=EDbdBxVdWbE','4:8',0,0,NULL,0,'2015-07-18 21:44:32','Y',0,21,4,NULL),(644,'Spring 2014Current in a Wire, Part 2',6,'siblinks@siblinks.com','Physics','General Physics','Spring 2014',NULL,'https://i.ytimg.com/vi/6sI2JkXFZ2Y/default.jpg','https://www.youtube.com/watch?v=6sI2JkXFZ2Y','2:37',0,0,NULL,0,'2015-07-18 21:45:16','Y',0,21,4,NULL),(645,'Spring 2014Exercise, Applying Ohms Law 1',6,'siblinks@siblinks.com','Physics','General Physics','Spring 2014',NULL,'https://i.ytimg.com/vi/QJU1MB6rrsY/default.jpg','https://www.youtube.com/watch?v=QJU1MB6rrsY','4:45',0,0,NULL,0,'2015-07-18 21:45:32','Y',0,21,4,NULL),(646,'Spring 2014Exercise, Applying Ohms Law 2, part 1',6,'siblinks@siblinks.com','Physics','General Physics','Spring 2014',NULL,'https://i.ytimg.com/vi/GR3pJ-Rdffg/default.jpg','https://www.youtube.com/watch?v=GR3pJ-Rdffg','3:14',0,0,NULL,0,'2015-07-18 21:46:23','Y',0,21,4,NULL),(647,'Spring 2014Exercise, Applying Ohms Law 2, part 2',6,'siblinks@siblinks.com','Physics','General Physics','Spring 2014',NULL,'https://i.ytimg.com/vi/z8gaHRAHRgc/default.jpg','https://www.youtube.com/watch?v=z8gaHRAHRgc','2:30',0,0,NULL,0,'2015-07-18 21:47:07','Y',0,21,4,NULL),(648,'Spring 2014Exercise, Kirchoffs Loop Rule 1',6,'siblinks@siblinks.com','Physics','General Physics','Spring 2014',NULL,'https://i.ytimg.com/vi/1uj5Q5KKBjs/default.jpg','https://www.youtube.com/watch?v=1uj5Q5KKBjs','3:34',0,0,NULL,0,'2015-07-18 21:47:20','Y',0,21,4,NULL),(649,'Spring 2014Exercise, Kirchoffs Loop Rule 2, Part 1',6,'siblinks@siblinks.com','Physics','General Physics','Spring 2014',NULL,'https://i.ytimg.com/vi/SFxOURJ5HVk/default.jpg','https://www.youtube.com/watch?v=SFxOURJ5HVk','1:57',0,0,NULL,0,'2015-07-18 21:47:29','Y',0,21,4,NULL),(650,'Spring 2014Exercise, Kirchoffs Loop Rule 2, part 2',6,'siblinks@siblinks.com','Physics','General Physics','Spring 2014',NULL,'https://i.ytimg.com/vi/BsMX8JzjsAY/default.jpg','https://www.youtube.com/watch?v=BsMX8JzjsAY','3:4',0,0,NULL,0,'2015-07-18 21:47:37','Y',0,21,4,NULL),(651,'Spring 2014Exercise, Ohms Law over a Single Resistor',6,'siblinks@siblinks.com','Physics','General Physics','Spring 2014',NULL,'https://i.ytimg.com/vi/UCdzKvWcjr0/default.jpg','https://www.youtube.com/watch?v=UCdzKvWcjr0','3:23',0,0,NULL,0,'2015-07-18 21:47:50','Y',0,21,4,NULL),(652,'Spring 2014Exercise, Resistance in a Complicated Circuit, Part 2',6,'siblinks@siblinks.com','Physics','General Physics','Spring 2014',NULL,'https://i.ytimg.com/vi/2IhJQKr5YKU/default.jpg','https://www.youtube.com/watch?v=2IhJQKr5YKU','5:49',0,0,NULL,0,'2015-07-18 21:49:17','Y',0,21,4,NULL),(653,'Spring 2014Exercise, Resistance in Complicated Circuit, Ex #1',6,'siblinks@siblinks.com','Physics','General Physics','Spring 2014',NULL,'https://i.ytimg.com/vi/grlc8kuvgmc/default.jpg','https://www.youtube.com/watch?v=grlc8kuvgmc','8:25',0,0,NULL,0,'2015-07-18 21:49:55','Y',0,21,4,NULL),(654,'Spring 2014Exercise, Resistance in Complicated Circuit, Ex #2',6,'siblinks@siblinks.com','Physics','General Physics','Spring 2014',NULL,'https://i.ytimg.com/vi/GMqpAZa8QUA/default.jpg','https://www.youtube.com/watch?v=GMqpAZa8QUA','6:51',0,0,NULL,0,'2015-07-18 21:50:25','Y',0,21,4,NULL),(655,'Spring 2014Exercise, Resistance in Complicated Circuit, Ex #3 pt 1',6,'siblinks@siblinks.com','Physics','General Physics','Spring 2014',NULL,'https://i.ytimg.com/vi/T8OIWSbhw7w/default.jpg','https://www.youtube.com/watch?v=T8OIWSbhw7w','3:58',0,0,NULL,0,'2015-07-18 21:51:12','Y',0,21,4,NULL),(656,'Acceleration_Exercises.mp4Acceleration_Exercises',6,'siblinks@siblinks.com','Physics','General Physics','Acceleration_Exercises.mp4',NULL,'https://i.ytimg.com/vi/Pw2EOF1bybA/default.jpg','https://www.youtube.com/watch?v=Pw2EOF1bybA','4:38',0,0,NULL,0,'2015-07-18 22:12:33','Y',0,21,4,NULL),(657,'Acceleration.mp4Acceleration',6,'siblinks@siblinks.com','Physics','General Physics','Acceleration.mp4',NULL,'https://i.ytimg.com/vi/HwIY3Rde64I/default.jpg','https://www.youtube.com/watch?v=HwIY3Rde64I','4:29',0,0,NULL,0,'2015-07-18 22:12:48','Y',0,21,4,NULL),(658,'Coordinate_Systems.mp4Coordinate_Systems',6,'siblinks@siblinks.com','Physics','General Physics','Coordinate_Systems.mp4',NULL,'https://i.ytimg.com/vi/l5MqC28Oeys/default.jpg','https://www.youtube.com/watch?v=l5MqC28Oeys','5:1',0,0,NULL,0,'2015-07-18 22:13:09','Y',0,21,4,NULL),(659,'diffraction.mp4diffraction',6,'siblinks@siblinks.com','Physics','General Physics','diffraction.mp4',NULL,'https://i.ytimg.com/vi/CYkcuqPBN8s/default.jpg','https://www.youtube.com/watch?v=CYkcuqPBN8s','3:32',0,0,NULL,0,'2015-07-18 22:14:19','Y',0,21,4,NULL),(660,'Dipoles_and_Capacitors.mp4Dipoles_and_Capacitors',6,'siblinks@siblinks.com','Physics','General Physics','Dipoles_and_Capacitors.mp4',NULL,'https://i.ytimg.com/vi/kjH1S0MVIvA/default.jpg','https://www.youtube.com/watch?v=kjH1S0MVIvA','4:29',0,0,NULL,0,'2015-07-18 22:14:37','Y',0,21,4,NULL),(661,'Displacement.mp4Displacement',6,'siblinks@siblinks.com','Physics','General Physics','Displacement.mp4',NULL,'https://i.ytimg.com/vi/oy42Y2kPC4U/default.jpg','https://www.youtube.com/watch?v=oy42Y2kPC4U','5:44',0,0,NULL,0,'2015-07-18 22:15:05','Y',0,21,4,NULL),(662,'Distance_and_Displacement_Exercises.mp4Distance_and_Displacement_Exercises',6,'siblinks@siblinks.com','Physics','General Physics','Distance_and_Displacement_Exercises.mp4',NULL,'https://i.ytimg.com/vi/QaLgH0LBgr0/default.jpg','https://www.youtube.com/watch?v=QaLgH0LBgr0','5:14',0,0,NULL,0,'2015-07-18 22:15:21','Y',0,21,4,NULL),(663,'Distance.mp4Distance',6,'siblinks@siblinks.com','Physics','General Physics','Distance.mp4',NULL,'https://i.ytimg.com/vi/jhAoDKGetok/default.jpg','https://www.youtube.com/watch?v=jhAoDKGetok','5:46',0,0,NULL,0,'2015-07-18 22:15:41','Y',0,21,4,NULL),(664,'Distributed_Charge.mp4Distributed_Charge',6,'siblinks@siblinks.com','Physics','General Physics','Distributed_Charge.mp4',NULL,'https://i.ytimg.com/vi/fdvtE7RoKFQ/default.jpg','https://www.youtube.com/watch?v=fdvtE7RoKFQ','4:54',0,0,NULL,0,'2015-07-18 22:15:56','Y',0,21,4,NULL),(665,'Electric_Charge.mp4Electric_Charge',6,'siblinks@siblinks.com','Physics','General Physics','Electric_Charge.mp4',NULL,'https://i.ytimg.com/vi/33e_aQkQ17I/default.jpg','https://www.youtube.com/watch?v=33e_aQkQ17I','4:2',0,0,NULL,0,'2015-07-18 22:16:09','Y',0,21,4,NULL),(666,'Electric_Field_Exercises.mp4Electric_Field_Exercises',6,'siblinks@siblinks.com','Physics','General Physics','Electric_Field_Exercises.mp4',NULL,'https://i.ytimg.com/vi/4ysHNCdRzro/default.jpg','https://www.youtube.com/watch?v=4ysHNCdRzro','4:30',0,0,NULL,0,'2015-07-18 22:16:22','Y',0,21,4,NULL),(667,'Electric_Fields.mp4Electric_Fields',6,'siblinks@siblinks.com','Physics','General Physics','Electric_Fields.mp4',NULL,'https://i.ytimg.com/vi/2bjWBs2BRT0/default.jpg','https://www.youtube.com/watch?v=2bjWBs2BRT0','3:49',0,0,NULL,0,'2015-07-18 22:16:35','Y',0,21,4,NULL),(668,'Electric_Potential_Energy.mp4Electric_Potential_Energy',6,'siblinks@siblinks.com','Physics','General Physics','Electric_Potential_Energy.mp4',NULL,'https://i.ytimg.com/vi/ddFUALsiN5w/default.jpg','https://www.youtube.com/watch?v=ddFUALsiN5w','4:45',0,0,NULL,0,'2015-07-18 22:16:56','Y',0,21,4,NULL),(669,'Electric_Potential.mp4Electric_Potential',6,'siblinks@siblinks.com','Physics','General Physics','Electric_Potential.mp4',NULL,'https://i.ytimg.com/vi/ewe5u3FMQhg/default.jpg','https://www.youtube.com/watch?v=ewe5u3FMQhg','4:29',0,0,NULL,0,'2015-07-18 22:17:16','Y',0,21,4,NULL),(670,'ELectromagnetic Induction.mp4ELectromagnetic Induction',6,'siblinks@siblinks.com','Physics','General Physics','ELectromagnetic Induction.mp4',NULL,'https://i.ytimg.com/vi/8dGX9i_RerA/default.jpg','https://www.youtube.com/watch?v=8dGX9i_RerA','2:31',0,0,NULL,0,'2015-07-18 22:17:46','Y',0,21,4,NULL),(671,'electrostatics review.mp4electrostatics review',6,'siblinks@siblinks.com','Physics','General Physics','electrostatics review.mp4',NULL,'https://i.ytimg.com/vi/ixPBJKOFpWY/default.jpg','https://www.youtube.com/watch?v=ixPBJKOFpWY','5:22',0,0,NULL,0,'2015-07-18 22:18:41','Y',0,21,4,NULL),(672,'ELectrostatics-exercises.mp4ELectrostatics-exercises',6,'siblinks@siblinks.com','Physics','General Physics','ELectrostatics-exercises.mp4',NULL,'https://i.ytimg.com/vi/7UWnpbTHeAU/default.jpg','https://www.youtube.com/watch?v=7UWnpbTHeAU','5:37',0,0,NULL,0,'2015-07-18 22:19:38','Y',0,21,4,NULL),(673,'Elementary_Kinematics.mp4Elementary_Kinematics',6,'siblinks@siblinks.com','Physics','General Physics','Elementary_Kinematics.mp4',NULL,'https://i.ytimg.com/vi/bRIl9ZchQ-0/default.jpg','https://www.youtube.com/watch?v=bRIl9ZchQ-0','4:2',0,0,NULL,0,'2015-07-18 22:19:55','Y',0,21,4,NULL),(674,'EMR.mp4EMR',6,'siblinks@siblinks.com','Physics','General Physics','EMR.mp4',NULL,'https://i.ytimg.com/vi/m4prKUbpk4o/default.jpg','https://www.youtube.com/watch?v=m4prKUbpk4o','2:19',0,0,NULL,0,'2015-07-18 22:20:26','Y',0,21,4,NULL),(675,'generating a magnetic field-current.mp4generating a magnetic field-current',6,'siblinks@siblinks.com','Physics','General Physics','generating a magnetic field-current.mp4',NULL,'https://i.ytimg.com/vi/dkEv1cDKxVg/default.jpg','https://www.youtube.com/watch?v=dkEv1cDKxVg','3:38',0,0,NULL,0,'2015-07-18 22:21:31','Y',0,21,4,NULL),(676,'Generating a magnetic field-magnets.mp4Generating a magnetic field-magnets',6,'siblinks@siblinks.com','Physics','General Physics','Generating a magnetic field-magnets.mp4',NULL,'https://i.ytimg.com/vi/ik70GD_vTow/default.jpg','https://www.youtube.com/watch?v=ik70GD_vTow','3:55',0,0,NULL,0,'2015-07-18 22:22:07','Y',0,21,4,NULL),(677,'Inertial_Reference_Frames.mp4Inertial_Reference_Frames',6,'siblinks@siblinks.com','Physics','General Physics','Inertial_Reference_Frames.mp4',NULL,'https://i.ytimg.com/vi/57sxmyKPWWU/default.jpg','https://www.youtube.com/watch?v=57sxmyKPWWU','4:58',0,0,NULL,0,'2015-07-18 22:22:35','Y',0,21,4,NULL),(678,'interference.mp4interference',6,'siblinks@siblinks.com','Physics','General Physics','interference.mp4',NULL,'https://i.ytimg.com/vi/pDQBg2IcUPM/default.jpg','https://www.youtube.com/watch?v=pDQBg2IcUPM','3:58',0,0,NULL,0,'2015-07-18 22:23:09','Y',0,21,4,NULL),(679,'intro to relativity.mp4intro to relativity',6,'siblinks@siblinks.com','Physics','General Physics','intro to relativity.mp4',NULL,'https://i.ytimg.com/vi/5_MzLnw9WmM/default.jpg','https://www.youtube.com/watch?v=5_MzLnw9WmM','3:5',0,0,NULL,0,'2015-07-18 22:23:33','Y',0,21,4,NULL),(680,'Kinematics_Exercises.mp4Kinematics_Exercises',6,'siblinks@siblinks.com','Physics','General Physics','Kinematics_Exercises.mp4',NULL,'https://i.ytimg.com/vi/mmWudgZj7vc/default.jpg','https://www.youtube.com/watch?v=mmWudgZj7vc','5:53',0,0,NULL,0,'2015-07-18 22:23:52','Y',0,21,4,NULL),(681,'law of reflection.mp4law of reflection',6,'siblinks@siblinks.com','Physics','General Physics','law of reflection.mp4',NULL,'https://i.ytimg.com/vi/xzKF-bpe3sU/default.jpg','https://www.youtube.com/watch?v=xzKF-bpe3sU','2:4',0,0,NULL,0,'2015-07-18 22:24:09','Y',0,21,4,NULL),(682,'Magnetic force on a current.mp4Magnetic force on a current',6,'siblinks@siblinks.com','Physics','General Physics','Magnetic force on a current.mp4',NULL,'https://i.ytimg.com/vi/N7zJdtc0ZBQ/default.jpg','https://www.youtube.com/watch?v=N7zJdtc0ZBQ','3:3',0,0,NULL,0,'2015-07-18 22:25:50','Y',0,21,4,NULL),(683,'Magnetic force on a point charge.mp4Magnetic force on a point charge',6,'siblinks@siblinks.com','Physics','General Physics','Magnetic force on a point charge.mp4',NULL,'https://i.ytimg.com/vi/MbJyz5Rgf-I/default.jpg','https://www.youtube.com/watch?v=MbJyz5Rgf-I','4:28',0,0,NULL,0,'2015-07-18 22:26:34','Y',0,21,4,NULL),(684,'Magnetic forces exercises.mp4Magnetic forces exercises',6,'siblinks@siblinks.com','Physics','General Physics','Magnetic forces exercises.mp4',NULL,'https://i.ytimg.com/vi/o6dxOK6rm6E/default.jpg','https://www.youtube.com/watch?v=o6dxOK6rm6E','4:31',0,0,NULL,0,'2015-07-18 22:27:33','Y',0,21,4,NULL),(685,'MagneticFieldOverview.mp4MagneticFieldOverview',6,'siblinks@siblinks.com','Physics','General Physics','MagneticFieldOverview.mp4',NULL,'https://i.ytimg.com/vi/5rBf1nNOfDk/default.jpg','https://www.youtube.com/watch?v=5rBf1nNOfDk','3:44',0,0,NULL,0,'2015-07-18 22:28:18','Y',0,21,4,NULL),(686,'Magnetism Review.mp4Magnetism Review',6,'siblinks@siblinks.com','Physics','General Physics','Magnetism Review.mp4',NULL,'https://i.ytimg.com/vi/I1ZXWgEoQHI/default.jpg','https://www.youtube.com/watch?v=I1ZXWgEoQHI','3:1',0,0,NULL,0,'2015-07-18 22:28:47','Y',0,21,4,NULL),(687,'MagnetismOverview.mp4MagnetismOverview',6,'siblinks@siblinks.com','Physics','General Physics','MagnetismOverview.mp4',NULL,'https://i.ytimg.com/vi/4gJ2K2-OUqY/default.jpg','https://www.youtube.com/watch?v=4gJ2K2-OUqY','3:3',0,0,NULL,0,'2015-07-18 22:29:22','Y',0,21,4,NULL),(688,'mass-energy.mp4mass-energy',6,'siblinks@siblinks.com','Physics','General Physics','mass-energy.mp4',NULL,'https://i.ytimg.com/vi/j7xFwVOZY1M/default.jpg','https://www.youtube.com/watch?v=j7xFwVOZY1M','2:17',0,0,NULL,0,'2015-07-18 22:29:38','Y',0,21,4,NULL),(689,'Mechanical Wave.mp4Mechanical Wave',6,'siblinks@siblinks.com','Physics','General Physics','Mechanical Wave.mp4',NULL,'https://i.ytimg.com/vi/EjPd6gGT6yU/default.jpg','https://www.youtube.com/watch?v=EjPd6gGT6yU','2:12',0,0,NULL,0,'2015-07-18 22:30:00','Y',0,21,4,NULL),(690,'Motion of charges in magnetic fields.mp4Motion of charges in magnetic fields',6,'siblinks@siblinks.com','Physics','General Physics','Motion of charges in magnetic fields.mp4',NULL,'https://i.ytimg.com/vi/iV8yQyyjDy8/default.jpg','https://www.youtube.com/watch?v=iV8yQyyjDy8','3:',0,0,NULL,0,'2015-07-18 22:30:44','Y',0,21,4,NULL),(691,'Motion_Review_Exercises.mp4Motion_Review_Exercises',6,'siblinks@siblinks.com','Physics','General Physics','Motion_Review_Exercises.mp4',NULL,'https://i.ytimg.com/vi/_P9CyYEjl1k/default.jpg','https://www.youtube.com/watch?v=_P9CyYEjl1k','5:10',0,0,NULL,0,'2015-07-18 22:31:10','Y',0,21,4,NULL),(692,'Motion_Review.mp4Motion_Review',6,'siblinks@siblinks.com','Physics','General Physics','Motion_Review.mp4',NULL,'https://i.ytimg.com/vi/hSF6B1R4uhM/default.jpg','https://www.youtube.com/watch?v=hSF6B1R4uhM','5:57',0,0,NULL,0,'2015-07-18 22:31:31','Y',0,21,4,NULL),(693,'Motion.mp4Motion',6,'siblinks@siblinks.com','Physics','General Physics','Motion.mp4',NULL,'https://i.ytimg.com/vi/oeqJRnSWbFU/default.jpg','https://www.youtube.com/watch?v=oeqJRnSWbFU','2:33',0,0,NULL,0,'2015-07-18 22:31:42','Y',0,21,4,NULL),(694,'Position.mp4Position',6,'siblinks@siblinks.com','Physics','General Physics','Position.mp4',NULL,'https://i.ytimg.com/vi/ERl_4gFQX1M/default.jpg','https://www.youtube.com/watch?v=ERl_4gFQX1M','3:11',0,0,NULL,0,'2015-07-18 22:31:55','Y',0,21,4,NULL),(695,'Positions_and_Coordinates_Exercises.mp4Positions_and_Coordinates_Exercises',6,'siblinks@siblinks.com','Physics','General Physics','Positions_and_Coordinates_Exercises.mp4',NULL,'https://i.ytimg.com/vi/sO9-NyVp_qg/default.jpg','https://www.youtube.com/watch?v=sO9-NyVp_qg','4:16',0,0,NULL,0,'2015-07-18 22:32:09','Y',0,21,4,NULL),(696,'postulate 2 special relativity.mp4postulate 2 special relativity',6,'siblinks@siblinks.com','Physics','General Physics','postulate 2 special relativity.mp4',NULL,'https://i.ytimg.com/vi/OQcSNkgX4bM/default.jpg','https://www.youtube.com/watch?v=OQcSNkgX4bM','3:30',0,0,NULL,0,'2015-07-18 22:32:31','Y',0,21,4,NULL),(697,'Reference_Frames.mp4Reference_Frames',6,'siblinks@siblinks.com','Physics','General Physics','Reference_Frames.mp4',NULL,'https://i.ytimg.com/vi/UdfnKn_Ic6U/default.jpg','https://www.youtube.com/watch?v=UdfnKn_Ic6U','4:44',0,0,NULL,0,'2015-07-18 22:32:49','Y',0,21,4,NULL),(698,'reflection.mp4reflection',6,'siblinks@siblinks.com','Physics','General Physics','reflection.mp4',NULL,'https://i.ytimg.com/vi/PepBskvbGow/default.jpg','https://www.youtube.com/watch?v=PepBskvbGow','2:36',0,0,NULL,0,'2015-07-18 22:33:09','Y',0,21,4,NULL),(699,'refraction.mp4refraction',6,'siblinks@siblinks.com','Physics','General Physics','refraction.mp4',NULL,'https://i.ytimg.com/vi/D6tbEUG8egE/default.jpg','https://www.youtube.com/watch?v=D6tbEUG8egE','2:14',0,0,NULL,0,'2015-07-18 22:33:26','Y',0,21,4,NULL),(700,'relativity review.mp4relativity review',6,'siblinks@siblinks.com','Physics','General Physics','relativity review.mp4',NULL,'https://i.ytimg.com/vi/aDiaHKpZysE/default.jpg','https://www.youtube.com/watch?v=aDiaHKpZysE','4:1',0,0,NULL,0,'2015-07-18 22:33:52','Y',0,21,4,NULL),(701,'Sound Waves.mp4Sound Waves',6,'siblinks@siblinks.com','Physics','General Physics','Sound Waves.mp4',NULL,'https://i.ytimg.com/vi/Xdisf69BYa0/default.jpg','https://www.youtube.com/watch?v=Xdisf69BYa0','3:37',0,0,NULL,0,'2015-07-18 22:34:22','Y',0,21,4,NULL),(702,'spacetime.mp4spacetime',6,'siblinks@siblinks.com','Physics','General Physics','spacetime.mp4',NULL,'https://i.ytimg.com/vi/eJbnWoBBEWk/default.jpg','https://www.youtube.com/watch?v=eJbnWoBBEWk','3:29',0,0,NULL,0,'2015-07-18 22:34:44','Y',0,21,4,NULL),(703,'Speed_and_Velocity_Exercises.mp4Speed_and_Velocity_Exercises',6,'siblinks@siblinks.com','Physics','General Physics','Speed_and_Velocity_Exercises.mp4',NULL,'https://i.ytimg.com/vi/yAChGd--eO4/default.jpg','https://www.youtube.com/watch?v=yAChGd--eO4','4:36',0,0,NULL,0,'2015-07-18 22:35:03','Y',0,21,4,NULL),(704,'Speed_and_Velocity.mp4Speed_and_Velocity',6,'siblinks@siblinks.com','Physics','General Physics','Speed_and_Velocity.mp4',NULL,'https://i.ytimg.com/vi/qjuRnBR12kc/default.jpg','https://www.youtube.com/watch?v=qjuRnBR12kc','4:33',0,0,NULL,0,'2015-07-18 22:35:18','Y',0,21,4,NULL),(705,'Time.mp4Time',6,'siblinks@siblinks.com','Physics','General Physics','Time.mp4',NULL,'https://i.ytimg.com/vi/uhIn1oqBi9Y/default.jpg','https://www.youtube.com/watch?v=uhIn1oqBi9Y','3:18',0,0,NULL,0,'2015-07-18 22:35:32','Y',0,21,4,NULL),(706,'Topological defect.mp4Topological defect',6,'siblinks@siblinks.com','Physics','General Physics','Topological defect.mp4',NULL,'https://i.ytimg.com/vi/LAqQB8sjHM0/default.jpg','https://www.youtube.com/watch?v=LAqQB8sjHM0','3:51',0,0,NULL,0,'2015-07-18 22:36:09','Y',0,21,4,NULL),(707,'universal speed limit.mp4universal speed limit',6,'siblinks@siblinks.com','Physics','General Physics','universal speed limit.mp4',NULL,'https://i.ytimg.com/vi/eT3iAi39KPQ/default.jpg','https://www.youtube.com/watch?v=eT3iAi39KPQ','2:41',0,0,NULL,0,'2015-07-18 22:36:30','Y',0,21,4,NULL),(708,'wave behaviors review.mp4wave behaviors review',6,'siblinks@siblinks.com','Physics','General Physics','wave behaviors review.mp4',NULL,'https://i.ytimg.com/vi/mMzYLuN6FeE/default.jpg','https://www.youtube.com/watch?v=mMzYLuN6FeE','4:8',0,0,NULL,0,'2015-07-18 22:36:53','Y',0,21,4,NULL),(709,'Wave Equation.mp4Wave Equation',6,'siblinks@siblinks.com','Physics','General Physics','Wave Equation.mp4',NULL,'https://i.ytimg.com/vi/HO57MeXfmBw/default.jpg','https://www.youtube.com/watch?v=HO57MeXfmBw','3:39',0,0,NULL,0,'2015-07-18 22:37:18','Y',0,21,4,NULL),(710,'Wave-Particle Duality.mp4Wave-Particle Duality',6,'siblinks@siblinks.com','Physics','General Physics','Wave-Particle Duality.mp4',NULL,'https://i.ytimg.com/vi/bBxTswnAUfE/default.jpg','https://www.youtube.com/watch?v=bBxTswnAUfE','4:52',0,0,NULL,0,'2015-07-18 22:37:50','Y',0,21,4,NULL),(711,'Waves Review.mp4Waves Review',6,'siblinks@siblinks.com','Physics','General Physics','Waves Review.mp4',NULL,'https://i.ytimg.com/vi/r6qaxPOJt0I/default.jpg','https://www.youtube.com/watch?v=r6qaxPOJt0I','4:2',0,0,NULL,0,'2015-07-18 22:38:17','Y',0,21,4,NULL),(712,'Waves.mp4Waves',6,'siblinks@siblinks.com','Physics','General Physics','Waves.mp4',NULL,'https://i.ytimg.com/vi/NQF1kJiFN0A/default.jpg','https://www.youtube.com/watch?v=NQF1kJiFN0A','3:32',0,0,NULL,0,'2015-07-18 22:39:02','Y',0,21,4,NULL),(713,'ap physics (15+)AP Units, Lecture 1',6,'siblinks@siblinks.com','Physics','General Physics','ap physics (15+)',NULL,'https://i.ytimg.com/vi/cOX-oh1WYhQ/default.jpg','https://www.youtube.com/watch?v=cOX-oh1WYhQ','5:53',0,0,NULL,0,'2015-07-18 23:09:01','Y',0,21,4,NULL),(714,'ap physics (15+)AP Units, Lecture 2',6,'siblinks@siblinks.com','Physics','General Physics','ap physics (15+)',NULL,'https://i.ytimg.com/vi/60adPqb4lok/default.jpg','https://www.youtube.com/watch?v=60adPqb4lok','4:53',0,0,NULL,0,'2015-07-18 23:09:15','Y',0,21,4,NULL),(715,'ap physics (15+)AP Units, Lecture 3',6,'siblinks@siblinks.com','Physics','General Physics','ap physics (15+)',NULL,'https://i.ytimg.com/vi/nIPkua4ywuQ/default.jpg','https://www.youtube.com/watch?v=nIPkua4ywuQ','5:1',0,0,NULL,0,'2015-07-18 23:09:29','Y',0,21,4,NULL),(716,'ap physics (15+)AP Units, Problem 1',6,'siblinks@siblinks.com','Physics','General Physics','ap physics (15+)',NULL,'https://i.ytimg.com/vi/BV7YmPyCFiA/default.jpg','https://www.youtube.com/watch?v=BV7YmPyCFiA','4:1',0,0,NULL,0,'2015-07-18 23:09:42','Y',0,21,4,NULL),(717,'ap physics (15+)AP Units, Problem 2',6,'siblinks@siblinks.com','Physics','General Physics','ap physics (15+)',NULL,'https://i.ytimg.com/vi/3Y_sv_lG7rY/default.jpg','https://www.youtube.com/watch?v=3Y_sv_lG7rY','5:47',0,0,NULL,0,'2015-07-18 23:10:02','Y',0,21,4,NULL),(718,'ap physics (15+)AP Forces, Lecture 1',6,'siblinks@siblinks.com','Physics','General Physics','ap physics (15+)',NULL,'https://i.ytimg.com/vi/QKSWiWV0jSE/default.jpg','https://www.youtube.com/watch?v=QKSWiWV0jSE','4:27',0,0,NULL,0,'2015-07-18 23:10:14','Y',0,21,4,NULL),(719,'ap physics (15+)AP Forces, Lecture 2',6,'siblinks@siblinks.com','Physics','General Physics','ap physics (15+)',NULL,'https://i.ytimg.com/vi/d3a-PNNgqIM/default.jpg','https://www.youtube.com/watch?v=d3a-PNNgqIM','6:52',0,0,NULL,0,'2015-07-18 23:10:32','Y',0,21,4,NULL),(720,'ap physics (15+)AP Forces, Problem 1',6,'siblinks@siblinks.com','Physics','General Physics','ap physics (15+)',NULL,'https://i.ytimg.com/vi/BqqeXPcQlQs/default.jpg','https://www.youtube.com/watch?v=BqqeXPcQlQs','3:49',0,0,NULL,0,'2015-07-18 23:10:49','Y',0,21,4,NULL),(721,'ap physics (15+)AP Forces, Problem 2',6,'siblinks@siblinks.com','Physics','General Physics','ap physics (15+)',NULL,'https://i.ytimg.com/vi/Fb1C6si8n6Q/default.jpg','https://www.youtube.com/watch?v=Fb1C6si8n6Q','6:5',0,0,NULL,0,'2015-07-18 23:11:17','Y',0,21,4,NULL),(722,'ap physics (15+)AP Newtons Laws, Lecture 1',6,'siblinks@siblinks.com','Physics','General Physics','ap physics (15+)',NULL,'https://i.ytimg.com/vi/8a9ayVB7Qak/default.jpg','https://www.youtube.com/watch?v=8a9ayVB7Qak','6:48',0,0,NULL,0,'2015-07-18 23:16:21','Y',0,21,4,NULL),(723,'ap physics (15+)AP Newtons Laws, Lecture 2',6,'siblinks@siblinks.com','Physics','General Physics','ap physics (15+)',NULL,'https://i.ytimg.com/vi/Cr8khpFTk6w/default.jpg','https://www.youtube.com/watch?v=Cr8khpFTk6w','4:42',0,0,NULL,0,'2015-07-18 23:16:33','Y',0,21,4,NULL),(724,'ap physics (15+)AP Newtons Laws, Lecture 3',6,'siblinks@siblinks.com','Physics','General Physics','ap physics (15+)',NULL,'https://i.ytimg.com/vi/MZEcFh7AqJY/default.jpg','https://www.youtube.com/watch?v=MZEcFh7AqJY','5:16',0,0,NULL,0,'2015-07-18 23:16:48','Y',0,21,4,NULL),(725,'ap physics (15+)AP Newtons Laws, Problem 1',6,'siblinks@siblinks.com','Physics','General Physics','ap physics (15+)',NULL,'https://i.ytimg.com/vi/DJ5wCpM8kxY/default.jpg','https://www.youtube.com/watch?v=DJ5wCpM8kxY','3:59',0,0,NULL,0,'2015-07-18 23:17:06','Y',0,21,4,NULL),(726,'ap physics (15+)AP Newtons Laws, Problem 2',6,'siblinks@siblinks.com','Physics','General Physics','ap physics (15+)',NULL,'https://i.ytimg.com/vi/CqckXVdPlww/default.jpg','https://www.youtube.com/watch?v=CqckXVdPlww','3:3',0,0,NULL,0,'2015-07-18 23:17:21','Y',0,21,4,NULL),(727,'ap physics (15+)AP Newtons Laws, Problem 3',6,'siblinks@siblinks.com','Physics','General Physics','ap physics (15+)',NULL,'https://i.ytimg.com/vi/y5ARKb_HmoY/default.jpg','https://www.youtube.com/watch?v=y5ARKb_HmoY','4:52',0,0,NULL,0,'2015-07-18 23:17:38','Y',0,21,4,NULL),(728,'Conservation of Energy, Lecture 1.mp4Conservation of Energy, Lecture 1',6,'siblinks@siblinks.com','Physics','General Physics','Conservation of Energy, Lecture 1.mp4',NULL,'https://i.ytimg.com/vi/wzS7Dyy_kyg/default.jpg','https://www.youtube.com/watch?v=wzS7Dyy_kyg','4:15',0,0,NULL,0,'2015-07-18 23:17:51','Y',0,21,4,NULL),(729,'Conservation of Energy, Lecture 2.mp4Conservation of Energy, Lecture 2',6,'siblinks@siblinks.com','Physics','General Physics','Conservation of Energy, Lecture 2.mp4',NULL,'https://i.ytimg.com/vi/ZV5m0C6xPm4/default.jpg','https://www.youtube.com/watch?v=ZV5m0C6xPm4','4:30',0,0,NULL,0,'2015-07-18 23:18:06','Y',0,21,4,NULL),(730,'Conservation of Energy, Lecture 3.mp4Conservation of Energy, Lecture 3',6,'siblinks@siblinks.com','Physics','General Physics','Conservation of Energy, Lecture 3.mp4',NULL,'https://i.ytimg.com/vi/c5CQPpCl-ss/default.jpg','https://www.youtube.com/watch?v=c5CQPpCl-ss','6:46',0,0,NULL,0,'2015-07-18 23:18:22','Y',0,21,4,NULL),(731,'Conservation of Energy, Lecture 4.mp4Conservation of Energy, Lecture 4',6,'siblinks@siblinks.com','Physics','General Physics','Conservation of Energy, Lecture 4.mp4',NULL,'https://i.ytimg.com/vi/N0QtTPKPnOM/default.jpg','https://www.youtube.com/watch?v=N0QtTPKPnOM','6:17',0,0,NULL,0,'2015-07-18 23:18:40','Y',0,21,4,NULL),(732,'Energy, Work, and Power, Lecture 1.mp4Energy, Work, and Power, Lecture 1',6,'siblinks@siblinks.com','Physics','General Physics','Energy, Work, and Power, Lecture 1.mp4',NULL,'https://i.ytimg.com/vi/6YicgW-fitQ/default.jpg','https://www.youtube.com/watch?v=6YicgW-fitQ','6:26',0,0,NULL,0,'2015-07-18 23:18:56','Y',0,21,4,NULL),(733,'Forces and Net Forces, Lecture 1.mp4Forces and Net Forces, Lecture 1',6,'siblinks@siblinks.com','Physics','General Physics','Forces and Net Forces, Lecture 1.mp4',NULL,'https://i.ytimg.com/vi/l9Q0XRHsMX8/default.jpg','https://www.youtube.com/watch?v=l9Q0XRHsMX8','4:59',0,0,NULL,0,'2015-07-18 23:19:09','Y',0,21,4,NULL),(734,'Forces and Net Forces, Lecture 2.mp4Forces and Net Forces, Lecture 2',6,'siblinks@siblinks.com','Physics','General Physics','Forces and Net Forces, Lecture 2.mp4',NULL,'https://i.ytimg.com/vi/ZwAK3Ot9FRE/default.jpg','https://www.youtube.com/watch?v=ZwAK3Ot9FRE','4:49',0,0,NULL,0,'2015-07-18 23:19:25','Y',0,21,4,NULL),(735,'Forces and Net Forces, Lecture 3.mp4Forces and Net Forces, Lecture 3',6,'siblinks@siblinks.com','Physics','General Physics','Forces and Net Forces, Lecture 3.mp4',NULL,'https://i.ytimg.com/vi/3urGEWt1-nI/default.jpg','https://www.youtube.com/watch?v=3urGEWt1-nI','4:23',0,0,NULL,0,'2015-07-18 23:19:40','Y',0,21,4,NULL),(736,'Forces and Net Forces, Problem 1.mp4Forces and Net Forces, Problem 1',6,'siblinks@siblinks.com','Physics','General Physics','Forces and Net Forces, Problem 1.mp4',NULL,'https://i.ytimg.com/vi/iL12gU3042k/default.jpg','https://www.youtube.com/watch?v=iL12gU3042k','3:20',0,0,NULL,0,'2015-07-18 23:20:00','Y',0,21,4,NULL),(737,'Forces and Net Forces, Problem 2.mp4Forces and Net Forces, Problem 2',6,'siblinks@siblinks.com','Physics','General Physics','Forces and Net Forces, Problem 2.mp4',NULL,'https://i.ytimg.com/vi/g3B4BM5ajCo/default.jpg','https://www.youtube.com/watch?v=g3B4BM5ajCo','3:29',0,0,NULL,0,'2015-07-18 23:20:24','Y',0,21,4,NULL),(738,'Forces and Net Forces, Problem 3.mp4Forces and Net Forces, Problem 3',6,'siblinks@siblinks.com','Physics','General Physics','Forces and Net Forces, Problem 3.mp4',NULL,'https://i.ytimg.com/vi/cqoIP-4JTNA/default.jpg','https://www.youtube.com/watch?v=cqoIP-4JTNA','3:43',0,0,NULL,0,'2015-07-18 23:20:42','Y',0,21,4,NULL),(739,'Frames of Reference, Lecture 1.mp4Frames of Reference, Lecture 1',6,'siblinks@siblinks.com','Physics','General Physics','Frames of Reference, Lecture 1.mp4',NULL,'https://i.ytimg.com/vi/N-E-CTqCaik/default.jpg','https://www.youtube.com/watch?v=N-E-CTqCaik','5:28',0,0,NULL,0,'2015-07-18 23:20:57','Y',0,21,4,NULL),(740,'Frames of Reference, Lecture 2.mp4Frames of Reference, Lecture 2',6,'siblinks@siblinks.com','Physics','General Physics','Frames of Reference, Lecture 2.mp4',NULL,'https://i.ytimg.com/vi/8HrWMSuvjeM/default.jpg','https://www.youtube.com/watch?v=8HrWMSuvjeM','5:42',0,0,NULL,0,'2015-07-18 23:21:13','Y',0,21,4,NULL),(741,'Frames of Reference, Problem 1.mp4Frames of Reference, Problem 1',6,'siblinks@siblinks.com','Physics','General Physics','Frames of Reference, Problem 1.mp4',NULL,'https://i.ytimg.com/vi/7Ubt26ANKxY/default.jpg','https://www.youtube.com/watch?v=7Ubt26ANKxY','4:42',0,0,NULL,0,'2015-07-18 23:21:30','Y',0,21,4,NULL),(742,'Interactions with Gravity, Lecture 1.mp4Interactions with Gravity, Lecture 1',6,'siblinks@siblinks.com','Physics','General Physics','Interactions with Gravity, Lecture 1.mp4',NULL,'https://i.ytimg.com/vi/SJnpvfzFM_0/default.jpg','https://www.youtube.com/watch?v=SJnpvfzFM_0','5:16',0,0,NULL,0,'2015-07-18 23:21:46','Y',0,21,4,NULL),(743,'Interactions with Gravity, Lecture 2.mp4Interactions with Gravity, Lecture 2',6,'siblinks@siblinks.com','Physics','General Physics','Interactions with Gravity, Lecture 2.mp4',NULL,'https://i.ytimg.com/vi/cftg670Kp1w/default.jpg','https://www.youtube.com/watch?v=cftg670Kp1w','5:26',0,0,NULL,0,'2015-07-18 23:22:01','Y',0,21,4,NULL),(744,'Interactions with Gravity, Lecture 3.mp4Interactions with Gravity, Lecture 3',6,'siblinks@siblinks.com','Physics','General Physics','Interactions with Gravity, Lecture 3.mp4',NULL,'https://i.ytimg.com/vi/g_B8sExHLRI/default.jpg','https://www.youtube.com/watch?v=g_B8sExHLRI','5:53',0,0,NULL,0,'2015-07-18 23:22:18','Y',0,21,4,NULL),(745,'Interactions with Gravity, Lecture 4.mp4Interactions with Gravity, Lecture 4',6,'siblinks@siblinks.com','Physics','General Physics','Interactions with Gravity, Lecture 4.mp4',NULL,'https://i.ytimg.com/vi/FyfFYUKf3SQ/default.jpg','https://www.youtube.com/watch?v=FyfFYUKf3SQ','7:35',0,0,NULL,0,'2015-07-18 23:22:46','Y',0,21,4,NULL),(746,'Interactions with Gravity, Problem 1.mp4Interactions with Gravity, Problem 1',6,'siblinks@siblinks.com','Physics','General Physics','Interactions with Gravity, Problem 1.mp4',NULL,'https://i.ytimg.com/vi/UhVsacbUrXM/default.jpg','https://www.youtube.com/watch?v=UhVsacbUrXM','3:2',0,0,NULL,0,'2015-07-18 23:23:01','Y',0,21,4,NULL),(747,'Interactions with Gravity, Problem 2.mp4Interactions with Gravity, Problem 2',6,'siblinks@siblinks.com','Physics','General Physics','Interactions with Gravity, Problem 2.mp4',NULL,'https://i.ytimg.com/vi/rbYaj0_fNgU/default.jpg','https://www.youtube.com/watch?v=rbYaj0_fNgU','3:17',0,0,NULL,0,'2015-07-18 23:23:12','Y',0,21,4,NULL),(748,'Interactions with Gravity, Problem 3.mp4Interactions with Gravity, Problem 3',6,'siblinks@siblinks.com','Physics','General Physics','Interactions with Gravity, Problem 3.mp4',NULL,'https://i.ytimg.com/vi/EqlRT0z7fk8/default.jpg','https://www.youtube.com/watch?v=EqlRT0z7fk8','4:',0,0,NULL,0,'2015-07-18 23:23:24','Y',0,21,4,NULL),(749,'Interactions with Gravity, Problem 4.mp4Interactions with Gravity, Problem 4',6,'siblinks@siblinks.com','Physics','General Physics','Interactions with Gravity, Problem 4.mp4',NULL,'https://i.ytimg.com/vi/-3xQhFuCpPI/default.jpg','https://www.youtube.com/watch?v=-3xQhFuCpPI','5:51',0,0,NULL,0,'2015-07-18 23:23:39','Y',0,21,4,NULL),(750,'Momentum Lecture 2.mp4Momentum Lecture 2',6,'siblinks@siblinks.com','Physics','General Physics','Momentum Lecture 2.mp4',NULL,'https://i.ytimg.com/vi/v5Y60GqFUiE/default.jpg','https://www.youtube.com/watch?v=v5Y60GqFUiE','5:23',0,0,NULL,0,'2015-07-18 23:26:26','Y',0,21,4,NULL),(751,'Momentum, Lecture 1.mp4Momentum, Lecture 1',6,'siblinks@siblinks.com','Physics','General Physics','Momentum, Lecture 1.mp4',NULL,'https://i.ytimg.com/vi/lBT15wekJIE/default.jpg','https://www.youtube.com/watch?v=lBT15wekJIE','5:20',0,0,NULL,0,'2015-07-18 23:26:40','Y',0,21,4,NULL),(752,'Momentum, Lecture 3.mp4Momentum, Lecture 3',6,'siblinks@siblinks.com','Physics','General Physics','Momentum, Lecture 3.mp4',NULL,'https://i.ytimg.com/vi/07sPXEz13C8/default.jpg','https://www.youtube.com/watch?v=07sPXEz13C8','3:52',0,0,NULL,0,'2015-07-18 23:26:56','Y',0,21,4,NULL),(753,'Momentum, Lecture 4.mp4Momentum, Lecture 4',6,'siblinks@siblinks.com','Physics','General Physics','Momentum, Lecture 4.mp4',NULL,'https://i.ytimg.com/vi/AcwdWLtFXZI/default.jpg','https://www.youtube.com/watch?v=AcwdWLtFXZI','5:5',0,0,NULL,0,'2015-07-18 23:27:09','Y',0,21,4,NULL),(754,'Momentum, Lecture 5.mp4Momentum, Lecture 5',6,'siblinks@siblinks.com','Physics','General Physics','Momentum, Lecture 5.mp4',NULL,'https://i.ytimg.com/vi/yV2B27m--AI/default.jpg','https://www.youtube.com/watch?v=yV2B27m--AI','5:34',0,0,NULL,0,'2015-07-18 23:27:29','Y',0,21,4,NULL),(755,'Momentum, Problem 1.mp4Momentum, Problem 1',6,'siblinks@siblinks.com','Physics','General Physics','Momentum, Problem 1.mp4',NULL,'https://i.ytimg.com/vi/JsXunzfuNVA/default.jpg','https://www.youtube.com/watch?v=JsXunzfuNVA','3:35',0,0,NULL,0,'2015-07-18 23:27:41','Y',0,21,4,NULL),(756,'Momentum, Problem 2.mp4Momentum, Problem 2',6,'siblinks@siblinks.com','Physics','General Physics','Momentum, Problem 2.mp4',NULL,'https://i.ytimg.com/vi/O24oYUqwMyg/default.jpg','https://www.youtube.com/watch?v=O24oYUqwMyg','4:31',0,0,NULL,0,'2015-07-18 23:27:55','Y',0,21,4,NULL),(757,'Momentum, Problem 3.mp4Momentum, Problem 3',6,'siblinks@siblinks.com','Physics','General Physics','Momentum, Problem 3.mp4',NULL,'https://i.ytimg.com/vi/0Dl3q-Rhc_M/default.jpg','https://www.youtube.com/watch?v=0Dl3q-Rhc_M','8:45',0,0,NULL,0,'2015-07-18 23:28:22','Y',0,21,4,NULL),(758,'Momentum, Problem 4.mp4Momentum, Problem 4',6,'siblinks@siblinks.com','Physics','General Physics','Momentum, Problem 4.mp4',NULL,'https://i.ytimg.com/vi/P_xMVnoOKMY/default.jpg','https://www.youtube.com/watch?v=P_xMVnoOKMY','4:1',0,0,NULL,0,'2015-07-18 23:28:36','Y',0,21,4,NULL),(759,'Physics and Units, Lecture 1.mp4Physics and Units, Lecture 1',6,'siblinks@siblinks.com','Physics','General Physics','Physics and Units, Lecture 1.mp4',NULL,'https://i.ytimg.com/vi/4hcOX9zkNCQ/default.jpg','https://www.youtube.com/watch?v=4hcOX9zkNCQ','4:32',0,0,NULL,0,'2015-07-18 23:28:48','Y',0,21,4,NULL),(760,'Physics and Units, Lecture 2.mp4Physics and Units, Lecture 2',6,'siblinks@siblinks.com','Physics','General Physics','Physics and Units, Lecture 2.mp4',NULL,'https://i.ytimg.com/vi/oLB4agl8NcE/default.jpg','https://www.youtube.com/watch?v=oLB4agl8NcE','6:7',0,0,NULL,0,'2015-07-18 23:29:05','Y',0,21,4,NULL),(761,'Physics and Units, Lecture 3.mp4Physics and Units, Lecture 3',6,'siblinks@siblinks.com','Physics','General Physics','Physics and Units, Lecture 3.mp4',NULL,'https://i.ytimg.com/vi/_4E7sjaK5hw/default.jpg','https://www.youtube.com/watch?v=_4E7sjaK5hw','4:10',0,0,NULL,0,'2015-07-18 23:29:19','Y',0,21,4,NULL),(762,'Problem 1 for Lecture 3, Physics and Units.mp4Problem 1 for Lecture 3, Physics and Units',6,'siblinks@siblinks.com','Physics','General Physics','Problem 1 for Lecture 3, Physics and Units.mp4',NULL,'https://i.ytimg.com/vi/uFjm5T5ydaQ/default.jpg','https://www.youtube.com/watch?v=uFjm5T5ydaQ','3:45',0,0,NULL,0,'2015-07-18 23:29:32','Y',0,21,4,NULL),(763,'Problem 2 for Lecture 3 of, Physics and Units.mp4Problem 2 for Lecture 3 of, Physics and Units',6,'siblinks@siblinks.com','Physics','General Physics','Problem 2 for Lecture 3 of, Physics and Units.mp4',NULL,'https://i.ytimg.com/vi/aoIEr4uJ-Gg/default.jpg','https://www.youtube.com/watch?v=aoIEr4uJ-Gg','3:',0,0,NULL,0,'2015-07-18 23:29:48','Y',0,21,4,NULL),(764,'regular physics (57)Calculations in Physics with Units, Lecture 1',6,'siblinks@siblinks.com','Physics','General Physics','regular physics (57)',NULL,'https://i.ytimg.com/vi/P3e34iiXC4A/default.jpg','https://www.youtube.com/watch?v=P3e34iiXC4A','4:32',0,0,NULL,0,'2015-07-18 23:30:01','Y',0,21,4,NULL),(765,'regular physics (57)Calculations in Physics with Units, Lecture 2',6,'siblinks@siblinks.com','Physics','General Physics','regular physics (57)',NULL,'https://i.ytimg.com/vi/LNIgDOVp40c/default.jpg','https://www.youtube.com/watch?v=LNIgDOVp40c','4:10',0,0,NULL,0,'2015-07-18 23:30:19','Y',0,21,4,NULL),(766,'regular physics (57)Calculations in Physics with Units, Lecture 3',6,'siblinks@siblinks.com','Physics','General Physics','regular physics (57)',NULL,'https://i.ytimg.com/vi/ZFy_TeH8Eeg/default.jpg','https://www.youtube.com/watch?v=ZFy_TeH8Eeg','6:7',0,0,NULL,0,'2015-07-18 23:30:36','Y',0,21,4,NULL),(767,'regular physics (57)Calculations in Physics with Units, Problems for Lectures 1 and 2',6,'siblinks@siblinks.com','Physics','General Physics','regular physics (57)',NULL,'https://i.ytimg.com/vi/1p5a1sJv6ow/default.jpg','https://www.youtube.com/watch?v=1p5a1sJv6ow','3:28',0,0,NULL,0,'2015-07-18 23:30:49','Y',0,21,4,NULL),(768,'regular physics (57)Calculations in Physics with Units, Problems part 1 for Lecture 3',6,'siblinks@siblinks.com','Physics','General Physics','regular physics (57)',NULL,'https://i.ytimg.com/vi/qc4tNVZCAHc/default.jpg','https://www.youtube.com/watch?v=qc4tNVZCAHc','3:45',0,0,NULL,0,'2015-07-18 23:31:03','Y',0,21,4,NULL),(769,'regular physics (57)Calculations in Physics with Units, Problems part 2 for Lecture 3',6,'siblinks@siblinks.com','Physics','General Physics','regular physics (57)',NULL,'https://i.ytimg.com/vi/qiYzGbaHdFg/default.jpg','https://www.youtube.com/watch?v=qiYzGbaHdFg','3:',0,0,NULL,0,'2015-07-18 23:31:16','Y',0,21,4,NULL),(770,'regular physics (57)Conservation of Energy, Lecture 1',6,'siblinks@siblinks.com','Physics','General Physics','regular physics (57)',NULL,'https://i.ytimg.com/vi/XZTeygW3F6g/default.jpg','https://www.youtube.com/watch?v=XZTeygW3F6g','4:15',0,0,NULL,0,'2015-07-18 23:31:28','Y',0,21,4,NULL),(771,'regular physics (57)Conservation of Energy, Lecture 2',6,'siblinks@siblinks.com','Physics','General Physics','regular physics (57)',NULL,'https://i.ytimg.com/vi/Zg3C8hXymZM/default.jpg','https://www.youtube.com/watch?v=Zg3C8hXymZM','4:30',0,0,NULL,0,'2015-07-18 23:31:42','Y',0,21,4,NULL),(772,'regular physics (57)Conservation of Energy, Lecture 3',6,'siblinks@siblinks.com','Physics','General Physics','regular physics (57)',NULL,'https://i.ytimg.com/vi/ve1rj9Ev5bQ/default.jpg','https://www.youtube.com/watch?v=ve1rj9Ev5bQ','6:46',0,0,NULL,0,'2015-07-18 23:32:03','Y',0,21,4,NULL),(773,'regular physics (57)Conservation of Energy, Lecture 4',6,'siblinks@siblinks.com','Physics','General Physics','regular physics (57)',NULL,'https://i.ytimg.com/vi/QOehTnChGyE/default.jpg','https://www.youtube.com/watch?v=QOehTnChGyE','6:17',0,0,NULL,0,'2015-07-18 23:32:20','Y',0,21,4,NULL),(774,'regular physics (57)Conservation of Energy, Problem 1',6,'siblinks@siblinks.com','Physics','General Physics','regular physics (57)',NULL,'https://i.ytimg.com/vi/uB938JmSAxA/default.jpg','https://www.youtube.com/watch?v=uB938JmSAxA','4:49',0,0,NULL,0,'2015-07-18 23:32:34','Y',0,21,4,NULL),(775,'regular physics (57)Conservation of Energy, Problem 2',6,'siblinks@siblinks.com','Physics','General Physics','regular physics (57)',NULL,'https://i.ytimg.com/vi/1wfzRHMyDM8/default.jpg','https://www.youtube.com/watch?v=1wfzRHMyDM8','5:14',0,0,NULL,0,'2015-07-18 23:32:54','Y',0,21,4,NULL),(776,'regular physics (57)Conservation of Energy, Problem 3',6,'siblinks@siblinks.com','Physics','General Physics','regular physics (57)',NULL,'https://i.ytimg.com/vi/0YBR6CzTCMA/default.jpg','https://www.youtube.com/watch?v=0YBR6CzTCMA','6:29',0,0,NULL,0,'2015-07-18 23:33:14','Y',0,21,4,NULL),(777,'regular physics (57)Conservation of Energy, Problem 4',6,'siblinks@siblinks.com','Physics','General Physics','regular physics (57)',NULL,'https://i.ytimg.com/vi/3l6AWXZVhjI/default.jpg','https://www.youtube.com/watch?v=3l6AWXZVhjI','6:36',0,0,NULL,0,'2015-07-18 23:33:32','Y',0,21,4,NULL),(778,'regular physics (57)Energy Work and Power, Lecture 1',6,'siblinks@siblinks.com','Physics','General Physics','regular physics (57)',NULL,'https://i.ytimg.com/vi/FlriarYnlSw/default.jpg','https://www.youtube.com/watch?v=FlriarYnlSw','6:26',0,0,NULL,0,'2015-07-18 23:33:49','Y',0,21,4,NULL),(779,'regular physics (57)Energy Work and Power, Lecture 2',6,'siblinks@siblinks.com','Physics','General Physics','regular physics (57)',NULL,'https://i.ytimg.com/vi/Tv5xM1xt_Ok/default.jpg','https://www.youtube.com/watch?v=Tv5xM1xt_Ok','6:44',0,0,NULL,0,'2015-07-18 23:34:04','Y',0,21,4,NULL),(780,'regular physics (57)Energy Work and Power, Lecture 3',6,'siblinks@siblinks.com','Physics','General Physics','regular physics (57)',NULL,'https://i.ytimg.com/vi/6nctnzhCmGc/default.jpg','https://www.youtube.com/watch?v=6nctnzhCmGc','4:24',0,0,NULL,0,'2015-07-18 23:34:16','Y',0,21,4,NULL),(781,'regular physics (57)Energy Work and Power, Problem 1',6,'siblinks@siblinks.com','Physics','General Physics','regular physics (57)',NULL,'https://i.ytimg.com/vi/I2RT4LB7apM/default.jpg','https://www.youtube.com/watch?v=I2RT4LB7apM','3:35',0,0,NULL,0,'2015-07-18 23:34:29','Y',0,21,4,NULL),(782,'regular physics (57)Energy Work and Power, Problem 2',6,'siblinks@siblinks.com','Physics','General Physics','regular physics (57)',NULL,'https://i.ytimg.com/vi/eBz2BjhoWMQ/default.jpg','https://www.youtube.com/watch?v=eBz2BjhoWMQ','4:19',0,0,NULL,0,'2015-07-18 23:34:42','Y',0,21,4,NULL),(783,'regular physics (57)Energy Work and Power, Problem 3 part 1',6,'siblinks@siblinks.com','Physics','General Physics','regular physics (57)',NULL,'https://i.ytimg.com/vi/wM-6W-2Mevs/default.jpg','https://www.youtube.com/watch?v=wM-6W-2Mevs','3:28',0,0,NULL,0,'2015-07-18 23:34:53','Y',0,21,4,NULL),(784,'regular physics (57)Energy Work and Power, Problem 3 part 2',6,'siblinks@siblinks.com','Physics','General Physics','regular physics (57)',NULL,'https://i.ytimg.com/vi/k1LQkThNvKM/default.jpg','https://www.youtube.com/watch?v=k1LQkThNvKM','3:28',0,0,NULL,0,'2015-07-18 23:35:03','Y',0,21,4,NULL),(785,'regular physics (57)Forces and Net Forces, Lecture 1',6,'siblinks@siblinks.com','Physics','General Physics','regular physics (57)',NULL,'https://i.ytimg.com/vi/E1n5evFldK0/default.jpg','https://www.youtube.com/watch?v=E1n5evFldK0','4:59',0,0,NULL,0,'2015-07-18 23:35:17','Y',0,21,4,NULL),(786,'regular physics (57)Forces and Net Forces, Lecture 2',6,'siblinks@siblinks.com','Physics','General Physics','regular physics (57)',NULL,'https://i.ytimg.com/vi/aDp-NIhHHi4/default.jpg','https://www.youtube.com/watch?v=aDp-NIhHHi4','4:49',0,0,NULL,0,'2015-07-18 23:35:35','Y',0,21,4,NULL),(787,'regular physics (57)Forces and Net Forces, Lecture 3',6,'siblinks@siblinks.com','Physics','General Physics','regular physics (57)',NULL,'https://i.ytimg.com/vi/gO1FORBdcrc/default.jpg','https://www.youtube.com/watch?v=gO1FORBdcrc','4:23',0,0,NULL,0,'2015-07-18 23:35:46','Y',0,21,4,NULL),(788,'regular physics (57)Forces and Net Forces, Problem 1',6,'siblinks@siblinks.com','Physics','General Physics','regular physics (57)',NULL,'https://i.ytimg.com/vi/kaSgxEV2kGg/default.jpg','https://www.youtube.com/watch?v=kaSgxEV2kGg','3:20',0,0,NULL,0,'2015-07-18 23:36:06','Y',0,21,4,NULL),(789,'regular physics (57)Forces and Net Forces, Problem 2',6,'siblinks@siblinks.com','Physics','General Physics','regular physics (57)',NULL,'https://i.ytimg.com/vi/Y_OxYEpMTsw/default.jpg','https://www.youtube.com/watch?v=Y_OxYEpMTsw','3:29',0,0,NULL,0,'2015-07-18 23:36:18','Y',0,21,4,NULL),(790,'regular physics (57)Frames of Reference, Lecture 1',6,'siblinks@siblinks.com','Physics','General Physics','regular physics (57)',NULL,'https://i.ytimg.com/vi/Z5u_oS43djs/default.jpg','https://www.youtube.com/watch?v=Z5u_oS43djs','5:28',0,0,NULL,0,'2015-07-18 23:36:36','Y',0,21,4,NULL),(791,'regular physics (57)Frames of Reference, Lecture 2',6,'siblinks@siblinks.com','Physics','General Physics','regular physics (57)',NULL,'https://i.ytimg.com/vi/hMMuZVv3QTA/default.jpg','https://www.youtube.com/watch?v=hMMuZVv3QTA','5:42',0,0,NULL,0,'2015-07-18 23:36:52','Y',0,21,4,NULL),(792,'regular physics (57)Frames of Reference, Problem 1',6,'siblinks@siblinks.com','Physics','General Physics','regular physics (57)',NULL,'https://i.ytimg.com/vi/qdmvym8ChpU/default.jpg','https://www.youtube.com/watch?v=qdmvym8ChpU','4:42',0,0,NULL,0,'2015-07-18 23:37:09','Y',0,21,4,NULL),(793,'regular physics (57)Interactions with Gravity, Lecture 1',6,'siblinks@siblinks.com','Physics','General Physics','regular physics (57)',NULL,'https://i.ytimg.com/vi/2Y7xwRLQu0Y/default.jpg','https://www.youtube.com/watch?v=2Y7xwRLQu0Y','5:16',0,0,NULL,0,'2015-07-18 23:37:24','Y',0,21,4,NULL),(794,'regular physics (57)Interactions with Gravity, Lecture 2',6,'siblinks@siblinks.com','Physics','General Physics','regular physics (57)',NULL,'https://i.ytimg.com/vi/nOk1HkaJuNo/default.jpg','https://www.youtube.com/watch?v=nOk1HkaJuNo','5:26',0,0,NULL,0,'2015-07-18 23:37:40','Y',0,21,4,NULL),(795,'regular physics (57)Interactions with Gravity, Lecture 3',6,'siblinks@siblinks.com','Physics','General Physics','regular physics (57)',NULL,'https://i.ytimg.com/vi/Ztgs8x1RjCw/default.jpg','https://www.youtube.com/watch?v=Ztgs8x1RjCw','5:53',0,0,NULL,0,'2015-07-18 23:37:55','Y',0,21,4,NULL),(796,'regular physics (57)Interactions with Gravity, Lecture 4',6,'siblinks@siblinks.com','Physics','General Physics','regular physics (57)',NULL,'https://i.ytimg.com/vi/jSNR0dQFiLQ/default.jpg','https://www.youtube.com/watch?v=jSNR0dQFiLQ','7:35',0,0,NULL,0,'2015-07-18 23:38:17','Y',0,21,4,NULL),(797,'regular physics (57)Interactions with Gravity, Problem 1',6,'siblinks@siblinks.com','Physics','General Physics','regular physics (57)',NULL,'https://i.ytimg.com/vi/7ytwzwh10_Q/default.jpg','https://www.youtube.com/watch?v=7ytwzwh10_Q','3:2',0,0,NULL,0,'2015-07-18 23:38:32','Y',0,21,4,NULL),(798,'regular physics (57)Interactions with Gravity, Problem 2',6,'siblinks@siblinks.com','Physics','General Physics','regular physics (57)',NULL,'https://i.ytimg.com/vi/MVnzqqR7emA/default.jpg','https://www.youtube.com/watch?v=MVnzqqR7emA','3:17',0,0,NULL,0,'2015-07-18 23:38:47','Y',0,21,4,NULL),(799,'regular physics (57)Interactions with Gravity, Problem 3',6,'siblinks@siblinks.com','Physics','General Physics','regular physics (57)',NULL,'https://i.ytimg.com/vi/5bt1QLKhcAM/default.jpg','https://www.youtube.com/watch?v=5bt1QLKhcAM','4:',0,0,NULL,0,'2015-07-18 23:38:59','Y',0,21,4,NULL),(800,'regular physics (57)Interactions with Gravity, Problem 4',6,'siblinks@siblinks.com','Physics','General Physics','regular physics (57)',NULL,'https://i.ytimg.com/vi/WQ8NuAEkAUc/default.jpg','https://www.youtube.com/watch?v=WQ8NuAEkAUc','5:51',0,0,NULL,0,'2015-07-18 23:39:16','Y',0,21,4,NULL),(801,'regular physics (57)Mass and Newtons Laws, Lecture 1',6,'siblinks@siblinks.com','Physics','General Physics','regular physics (57)',NULL,'https://i.ytimg.com/vi/iXb7gVls1kU/default.jpg','https://www.youtube.com/watch?v=iXb7gVls1kU','5:27',0,0,NULL,0,'2015-07-18 23:39:31','Y',0,21,4,NULL),(802,'regular physics (57)Mass and Newtons Laws, Lecture 2',6,'siblinks@siblinks.com','Physics','General Physics','regular physics (57)',NULL,'https://i.ytimg.com/vi/AAhSkiIaraU/default.jpg','https://www.youtube.com/watch?v=AAhSkiIaraU','4:28',0,0,NULL,0,'2015-07-18 23:39:43','Y',0,21,4,NULL),(803,'regular physics (57)Mass and Newtons Laws, Lecture 3',6,'siblinks@siblinks.com','Physics','General Physics','regular physics (57)',NULL,'https://i.ytimg.com/vi/UIaDNVDFlnU/default.jpg','https://www.youtube.com/watch?v=UIaDNVDFlnU','5:21',0,0,NULL,0,'2015-07-18 23:40:10','Y',0,21,4,NULL),(804,'regular physics (57)Mass and Newtons Laws, Lecture 4',6,'siblinks@siblinks.com','Physics','General Physics','regular physics (57)',NULL,'https://i.ytimg.com/vi/YpzNfsXf668/default.jpg','https://www.youtube.com/watch?v=YpzNfsXf668','4:18',0,0,NULL,0,'2015-07-18 23:40:25','Y',0,21,4,NULL),(805,'regular physics (57)Mass and Newtons Laws, Lecture 5',6,'siblinks@siblinks.com','Physics','General Physics','regular physics (57)',NULL,'https://i.ytimg.com/vi/P8M8zWEI29U/default.jpg','https://www.youtube.com/watch?v=P8M8zWEI29U','0',0,0,NULL,0,'2015-07-18 23:40:27','Y',0,21,4,NULL),(806,'regular physics (57)Mass and Newtons Laws, Problem 1',6,'siblinks@siblinks.com','Physics','General Physics','regular physics (57)',NULL,'https://i.ytimg.com/vi/u-bCfmnq_pI/default.jpg','https://www.youtube.com/watch?v=u-bCfmnq_pI','3:53',0,0,NULL,0,'2015-07-18 23:40:40','Y',0,21,4,NULL),(807,'regular physics (57)Mass and Newtons Laws, Problem 2',6,'siblinks@siblinks.com','Physics','General Physics','regular physics (57)',NULL,'https://i.ytimg.com/vi/fnwqr8X1Q3Q/default.jpg','https://www.youtube.com/watch?v=fnwqr8X1Q3Q','3:42',0,0,NULL,0,'2015-07-18 23:41:04','Y',0,21,4,NULL),(808,'regular physics (57)Mass and Newtons Laws, Problem 3',6,'siblinks@siblinks.com','Physics','General Physics','regular physics (57)',NULL,'https://i.ytimg.com/vi/iuTrXPea5Ks/default.jpg','https://www.youtube.com/watch?v=iuTrXPea5Ks','0',0,0,NULL,0,'2015-07-18 23:41:05','Y',0,21,4,NULL),(809,'regular physics (57)Mass and Newtons Laws, Problem 4',6,'siblinks@siblinks.com','Physics','General Physics','regular physics (57)',NULL,'https://i.ytimg.com/vi/YhEU93aWbvs/default.jpg','https://www.youtube.com/watch?v=YhEU93aWbvs','4:18',0,0,NULL,0,'2015-07-18 23:41:18','Y',0,21,4,NULL),(810,'regular physics (57)Mass and Newtons Laws, Problem 5',6,'siblinks@siblinks.com','Physics','General Physics','regular physics (57)',NULL,'https://i.ytimg.com/vi/oUrZzV91BmM/default.jpg','https://www.youtube.com/watch?v=oUrZzV91BmM','6:9',0,0,NULL,0,'2015-07-18 23:41:39','Y',0,21,4,NULL),(811,'regular physics (57)Momentum, Lecture 1',6,'siblinks@siblinks.com','Physics','General Physics','regular physics (57)',NULL,'https://i.ytimg.com/vi/JkrAbSSntAw/default.jpg','https://www.youtube.com/watch?v=JkrAbSSntAw','5:20',0,0,NULL,0,'2015-07-18 23:41:57','Y',0,21,4,NULL),(812,'regular physics (57)Momentum, Lecture 2',6,'siblinks@siblinks.com','Physics','General Physics','regular physics (57)',NULL,'https://i.ytimg.com/vi/b9bUJ1aezrU/default.jpg','https://www.youtube.com/watch?v=b9bUJ1aezrU','5:23',0,0,NULL,0,'2015-07-18 23:42:53','Y',0,21,4,NULL),(813,'regular physics (57)Momentum, Lecture 3',6,'siblinks@siblinks.com','Physics','General Physics','regular physics (57)',NULL,'https://i.ytimg.com/vi/_HXqLx_qMAI/default.jpg','https://www.youtube.com/watch?v=_HXqLx_qMAI','5:5',0,0,NULL,0,'2015-07-18 23:43:19','Y',0,21,4,NULL),(814,'regular physics (57)Momentum, Lecture 4',6,'siblinks@siblinks.com','Physics','General Physics','regular physics (57)',NULL,'https://i.ytimg.com/vi/nNWEnV7d3Q4/default.jpg','https://www.youtube.com/watch?v=nNWEnV7d3Q4','3:52',0,0,NULL,0,'2015-07-18 23:43:47','Y',0,21,4,NULL),(815,'regular physics (57)Momentum, Lecture 5',6,'siblinks@siblinks.com','Physics','General Physics','regular physics (57)',NULL,'https://i.ytimg.com/vi/2ytuYyRHycE/default.jpg','https://www.youtube.com/watch?v=2ytuYyRHycE','5:34',0,0,NULL,0,'2015-07-18 23:44:06','Y',0,21,4,NULL),(816,'regular physics (57)Momentum, Problem 2',6,'siblinks@siblinks.com','Physics','General Physics','regular physics (57)',NULL,'https://i.ytimg.com/vi/wCy5Brs1UO8/default.jpg','https://www.youtube.com/watch?v=wCy5Brs1UO8','4:31',0,0,NULL,0,'2015-07-18 23:44:21','Y',0,21,4,NULL),(817,'regular physics (57)Momentum, Problem 3',6,'siblinks@siblinks.com','Physics','General Physics','regular physics (57)',NULL,'https://i.ytimg.com/vi/CTn0vaHKnEE/default.jpg','https://www.youtube.com/watch?v=CTn0vaHKnEE','8:45',0,0,NULL,0,'2015-07-18 23:44:49','Y',0,21,4,NULL),(818,'regular physics (57)Momentum, Problem 4',6,'siblinks@siblinks.com','Physics','General Physics','regular physics (57)',NULL,'https://i.ytimg.com/vi/614pHzJ5WmQ/default.jpg','https://www.youtube.com/watch?v=614pHzJ5WmQ','4:1',0,0,NULL,0,'2015-07-18 23:45:07','Y',0,21,4,NULL),(819,'Work, Power an Energy, Lecture 3.mp4Work, Power an Energy, Lecture 3',6,'siblinks@siblinks.com','Physics','General Physics','Work, Power an Energy, Lecture 3.mp4',NULL,'https://i.ytimg.com/vi/6RpbWFbEX90/default.jpg','https://www.youtube.com/watch?v=6RpbWFbEX90','4:24',0,0,NULL,0,'2015-07-18 23:45:24','Y',0,21,4,NULL),(820,'Work, Power and Energy, Lecture 2.mp4Work, Power and Energy, Lecture 2',6,'siblinks@siblinks.com','Physics','General Physics','Work, Power and Energy, Lecture 2.mp4',NULL,'https://i.ytimg.com/vi/YgjspPovx4I/default.jpg','https://www.youtube.com/watch?v=YgjspPovx4I','6:44',0,0,NULL,0,'2015-07-18 23:45:42','Y',0,21,4,NULL),(821,'Work, Power and Energy, Problem 1.mp4Work, Power and Energy, Problem 1',6,'siblinks@siblinks.com','Physics','General Physics','Work, Power and Energy, Problem 1.mp4',NULL,'https://i.ytimg.com/vi/fHmRsb4svjE/default.jpg','https://www.youtube.com/watch?v=fHmRsb4svjE','3:35',0,0,NULL,0,'2015-07-18 23:45:53','Y',0,21,4,NULL),(822,'7.1 fluid mosaic model pt 1.mp47.1 fluid mosaic model pt 1',6,'siblinks@siblinks.com','Biology','1.5-1.11','7.1 fluid mosaic model pt 1.mp4',NULL,'https://i.ytimg.com/vi/tA5CphSg-Qw/default.jpg','https://www.youtube.com/watch?v=tA5CphSg-Qw','4:58',0,0,NULL,0,'2015-07-19 00:40:57','Y',0,8,5,NULL),(823,'7.1 fluid mosaic model pt 2.mp47.1 fluid mosaic model pt 2',6,'siblinks@siblinks.com','Biology','1.5-1.11','7.1 fluid mosaic model pt 2.mp4',NULL,'https://i.ytimg.com/vi/WfM27vflq9k/default.jpg','https://www.youtube.com/watch?v=WfM27vflq9k','5:32',0,0,NULL,0,'2015-07-19 00:42:31','Y',0,8,5,NULL),(824,'7.5 Bulk Transport.mp47.5 Bulk Transport',6,'siblinks@siblinks.com','Biology','1.5-1.11','7.5 Bulk Transport.mp4',NULL,'https://i.ytimg.com/vi/S_8BzvnzSYI/default.jpg','https://www.youtube.com/watch?v=S_8BzvnzSYI','6:',0,0,NULL,0,'2015-07-19 00:44:20','Y',0,8,5,NULL),(825,'8.1 Laws of Thermodynamics.mp48.1 Laws of Thermodynamics',6,'siblinks@siblinks.com','Biology','1.5-1.11','8.1 Laws of Thermodynamics.mp4',NULL,'https://i.ytimg.com/vi/nfCjxozqY4A/default.jpg','https://www.youtube.com/watch?v=nfCjxozqY4A','8:',0,0,NULL,0,'2015-07-19 00:46:59','Y',0,8,5,NULL),(826,'11.3 transduction pt 2 (worked solution).mp411.3 transduction pt 2 (worked solution)',6,'siblinks@siblinks.com','Biology','1.5-1.11','11.3 transduction pt 2 (worked solution).mp4',NULL,'https://i.ytimg.com/vi/gFn08g7T5No/default.jpg','https://www.youtube.com/watch?v=gFn08g7T5No','3:49',0,0,NULL,0,'2015-07-19 00:48:07','Y',0,8,5,NULL),(827,'11.4 Response pt 1.mp411.4 Response pt 1',6,'siblinks@siblinks.com','Biology','1.5-1.11','11.4 Response pt 1.mp4',NULL,'https://i.ytimg.com/vi/ZDGygCzqSQs/default.jpg','https://www.youtube.com/watch?v=ZDGygCzqSQs','4:58',0,0,NULL,0,'2015-07-19 00:49:52','Y',0,8,5,NULL),(828,'11.4 Response pt 2.mp411.4 Response pt 2',6,'siblinks@siblinks.com','Biology','1.5-1.11','11.4 Response pt 2.mp4',NULL,'https://i.ytimg.com/vi/2eZxa8kBFo4/default.jpg','https://www.youtube.com/watch?v=2eZxa8kBFo4','4:39',0,0,NULL,0,'2015-07-19 00:52:31','Y',0,8,5,NULL),(829,'11.5 apoptosis pt 1.mp411.5 apoptosis pt 1',6,'siblinks@siblinks.com','Biology','1.5-1.11','11.5 apoptosis pt 1.mp4',NULL,'https://i.ytimg.com/vi/N3p0naQhaQk/default.jpg','https://www.youtube.com/watch?v=N3p0naQhaQk','4:17',0,0,NULL,0,'2015-07-19 00:53:51','Y',0,8,5,NULL),(830,'11.5 apoptosis pt 2.mp411.5 apoptosis pt 2',6,'siblinks@siblinks.com','Biology','1.5-1.11','11.5 apoptosis pt 2.mp4',NULL,'https://i.ytimg.com/vi/BuOFdli_6D8/default.jpg','https://www.youtube.com/watch?v=BuOFdli_6D8','5:14',0,0,NULL,0,'2015-07-19 00:55:30','Y',0,8,5,NULL),(831,'12.1 cell cycle overview.mp412.1 cell cycle overview',6,'siblinks@siblinks.com','Biology','1.5-1.11','12.1 cell cycle overview.mp4',NULL,'https://i.ytimg.com/vi/e-eciyK_IXQ/default.jpg','https://www.youtube.com/watch?v=e-eciyK_IXQ','4:19',0,0,NULL,0,'2015-07-19 00:56:45','Y',0,8,5,NULL),(832,'Four emergent properties of water (pt 2).mp4Four emergent properties of water (pt 2)',6,'siblinks@siblinks.com','Biology','8.4-8.10','Four emergent properties of water (pt 2).mp4',NULL,'https://i.ytimg.com/vi/CEEfUxj54sc/default.jpg','https://www.youtube.com/watch?v=CEEfUxj54sc','5:15',0,0,NULL,0,'2015-07-19 00:58:30','Y',0,15,5,NULL),(833,'Four emergent properties of water (pt. 1).mp4Four emergent properties of water (pt. 1)',6,'siblinks@siblinks.com','Biology','8.4-8.10','Four emergent properties of water (pt. 1).mp4',NULL,'https://i.ytimg.com/vi/l46VJMrPDAg/default.jpg','https://www.youtube.com/watch?v=l46VJMrPDAg','8:4',0,0,NULL,0,'2015-07-19 01:01:27','Y',0,15,5,NULL),(834,'Four emergent properties of water (worked solution pt 1).mp4Four emergent properties of water (worked solution pt 1)',6,'siblinks@siblinks.com','Biology','8.4-8.10','Four emergent properties of water (worked solution pt 1).mp4',NULL,'https://i.ytimg.com/vi/UXbP81IoiIo/default.jpg','https://www.youtube.com/watch?v=UXbP81IoiIo','4:55',0,0,NULL,0,'2015-07-19 01:03:49','Y',0,15,5,NULL),(835,'Four emergent properties of water (worked solution pt 2).mp4Four emergent properties of water (worked solution pt 2)',6,'siblinks@siblinks.com','Biology','8.4-8.10','Four emergent properties of water (worked solution pt 2).mp4',NULL,'https://i.ytimg.com/vi/ti4bM0IAxrE/default.jpg','https://www.youtube.com/watch?v=ti4bM0IAxrE','4:11',0,0,NULL,0,'2015-07-19 01:04:57','Y',0,15,5,NULL),(836,'Water and polar covalent bonds (worked solution).mp4Water and polar covalent bonds (worked solution)',6,'siblinks@siblinks.com','Biology','8.4-8.10','Water and polar covalent bonds (worked solution).mp4',NULL,'https://i.ytimg.com/vi/9gPfFix3aOU/default.jpg','https://www.youtube.com/watch?v=9gPfFix3aOU','3:43',0,0,NULL,0,'2015-07-19 01:05:52','Y',0,15,5,NULL),(837,'Water and polar covalent bonds.mp4Water and polar covalent bonds',6,'siblinks@siblinks.com','Biology','8.4-8.10','Water and polar covalent bonds.mp4',NULL,'https://i.ytimg.com/vi/q7POMdH3qZs/default.jpg','https://www.youtube.com/watch?v=q7POMdH3qZs','2:29',0,0,NULL,0,'2015-07-19 01:06:18','Y',0,15,5,NULL),(838,'Receptors (pt 1).mp4Receptors (pt 1)',6,'siblinks@siblinks.com','Biology','8.11-8.17','Receptors (pt 1).mp4',NULL,'https://i.ytimg.com/vi/bWSGXMOvz70/default.jpg','https://www.youtube.com/watch?v=bWSGXMOvz70','7:26',0,0,NULL,0,'2015-07-19 01:08:06','Y',0,13,5,NULL),(839,'Receptors (pt 2).mp4Receptors (pt 2)',6,'siblinks@siblinks.com','Biology','8.11-8.17','Receptors (pt 2).mp4',NULL,'https://i.ytimg.com/vi/zdyy-TtA4ec/default.jpg','https://www.youtube.com/watch?v=zdyy-TtA4ec','4:20',0,0,NULL,0,'2015-07-19 01:09:09','Y',0,13,5,NULL),(840,'Receptors (worked solution pt 2).mp4Receptors (worked solution pt 2)',6,'siblinks@siblinks.com','Biology','8.11-8.17','Receptors (worked solution pt 2).mp4',NULL,'https://i.ytimg.com/vi/bk_B-jeOstc/default.jpg','https://www.youtube.com/watch?v=bk_B-jeOstc','4:38',0,0,NULL,0,'2015-07-19 01:10:38','Y',0,13,5,NULL),(841,'Cell signalling overview (pt 1).mp4Cell signalling overview (pt 1)',6,'siblinks@siblinks.com','Biology','8.25-8.31','Cell signalling overview (pt 1).mp4',NULL,'https://i.ytimg.com/vi/YsXwo9Aca3c/default.jpg','https://www.youtube.com/watch?v=YsXwo9Aca3c','4:27',0,0,NULL,0,'2015-07-19 01:11:45','Y',0,14,5,NULL),(842,'Cell signalling overview (pt 2).mp4Cell signalling overview (pt 2)',6,'siblinks@siblinks.com','Biology','8.25-8.31','Cell signalling overview (pt 2).mp4',NULL,'https://i.ytimg.com/vi/GObZm7mypMM/default.jpg','https://www.youtube.com/watch?v=GObZm7mypMM','2:38',0,0,NULL,0,'2015-07-19 01:12:26','Y',0,14,5,NULL),(843,'Cell signalling overview (worked solution pt 1).mp4Cell signalling overview (worked solution pt 1)',6,'siblinks@siblinks.com','Biology','8.25-8.31','Cell signalling overview (worked solution pt 1).mp4',NULL,'https://i.ytimg.com/vi/UkVijTBB9m0/default.jpg','https://www.youtube.com/watch?v=UkVijTBB9m0','5:1',0,0,NULL,0,'2015-07-19 01:13:57','Y',0,14,5,NULL),(844,'Transduction Kinase Cascades (pt 1).mp4Transduction Kinase Cascades (pt 1)',6,'siblinks@siblinks.com','Biology','8.25-8.31','Transduction Kinase Cascades (pt 1).mp4',NULL,'https://i.ytimg.com/vi/U73swrJlS3I/default.jpg','https://www.youtube.com/watch?v=U73swrJlS3I','5:47',0,0,NULL,0,'2015-07-19 01:15:12','Y',0,14,5,NULL),(845,'Transduction Kinase Cascades (pt 2).mp4Transduction Kinase Cascades (pt 2)',6,'siblinks@siblinks.com','Biology','8.25-8.31','Transduction Kinase Cascades (pt 2).mp4',NULL,'https://i.ytimg.com/vi/Woi1uM9Ah8E/default.jpg','https://www.youtube.com/watch?v=Woi1uM9Ah8E','6:43',0,0,NULL,0,'2015-07-19 01:16:52','Y',0,14,5,NULL),(846,'Transduction Kinase Cascades (worked solution pt 1).mp4Transduction Kinase Cascades (worked solution pt 1)',6,'siblinks@siblinks.com','Biology','8.25-8.31','Transduction Kinase Cascades (worked solution pt 1).mp4',NULL,'https://i.ytimg.com/vi/8gEdnoLLk4Y/default.jpg','https://www.youtube.com/watch?v=8gEdnoLLk4Y','2:33',0,0,NULL,0,'2015-07-19 01:17:33','Y',0,14,5,NULL),(847,'Transduction Kinase Cascades (worked solution pt 2).mp4Transduction Kinase Cascades (worked solution pt 2)',6,'siblinks@siblinks.com','Biology','8.25-8.31','Transduction Kinase Cascades (worked solution pt 2).mp4',NULL,'https://i.ytimg.com/vi/8j2IfLf3dWs/default.jpg','https://www.youtube.com/watch?v=8j2IfLf3dWs','3:49',0,0,NULL,0,'2015-07-19 01:18:21','Y',0,14,5,NULL),(848,'Carbohydrates (worked example).mp4Carbohydrates (worked example)',6,'siblinks@siblinks.com','Biology','1.6-1.12','Carbohydrates (worked example).mp4',NULL,'https://i.ytimg.com/vi/vrPT9QONUbM/default.jpg','https://www.youtube.com/watch?v=vrPT9QONUbM','3:40',0,0,NULL,0,'2015-07-19 01:18:39','Y',0,9,5,NULL),(849,'Cytoplasm & Cytoskeleton (worked example).mp4Cytoplasm & Cytoskeleton (worked example)',6,'siblinks@siblinks.com','Biology','1.6-1.12','Cytoplasm & Cytoskeleton (worked example).mp4',NULL,'https://i.ytimg.com/vi/MztItaFakc0/default.jpg','https://www.youtube.com/watch?v=MztItaFakc0','5:22',0,0,NULL,0,'2015-07-19 01:18:51','Y',0,9,5,NULL),(850,'Membrane Proteins.mp4Membrane Proteins',6,'siblinks@siblinks.com','Biology','1.6-1.12','Membrane Proteins.mp4',NULL,'https://i.ytimg.com/vi/SymhirJgz2o/default.jpg','https://www.youtube.com/watch?v=SymhirJgz2o','4:50',0,0,NULL,0,'2015-07-19 01:19:06','Y',0,9,5,NULL),(851,'Nucleic Acids (worked example).mp4Nucleic Acids (worked example)',6,'siblinks@siblinks.com','Biology','1.6-1.12','Nucleic Acids (worked example).mp4',NULL,'https://i.ytimg.com/vi/zT4qzEVAbl0/default.jpg','https://www.youtube.com/watch?v=zT4qzEVAbl0','4:7',0,0,NULL,0,'2015-07-19 01:19:24','Y',0,9,5,NULL),(852,'Organelles.mp4Organelles',6,'siblinks@siblinks.com','Biology','1.6-1.12','Organelles.mp4',NULL,'https://i.ytimg.com/vi/6Npnq25bxxM/default.jpg','https://www.youtube.com/watch?v=6Npnq25bxxM','5:27',0,0,NULL,0,'2015-07-19 01:19:41','Y',0,9,5,NULL),(853,'Other Cell Organelles.mp4Other Cell Organelles',6,'siblinks@siblinks.com','Biology','1.6-1.12','Other Cell Organelles.mp4',NULL,'https://i.ytimg.com/vi/wuWskNdbwac/default.jpg','https://www.youtube.com/watch?v=wuWskNdbwac','3:7',0,0,NULL,0,'2015-07-19 01:19:50','Y',0,9,5,NULL),(854,'Phospholipid Bilayers.mp4Phospholipid Bilayers',6,'siblinks@siblinks.com','Biology','1.6-1.12','Phospholipid Bilayers.mp4',NULL,'https://i.ytimg.com/vi/8NGrgL2SwPE/default.jpg','https://www.youtube.com/watch?v=8NGrgL2SwPE','4:32',0,0,NULL,0,'2015-07-19 01:20:08','Y',0,9,5,NULL),(855,'Plant Cell Structures (worked example).mp4Plant Cell Structures (worked example)',6,'siblinks@siblinks.com','Biology','1.6-1.12','Plant Cell Structures (worked example).mp4',NULL,'https://i.ytimg.com/vi/ruOaOnlRvLE/default.jpg','https://www.youtube.com/watch?v=ruOaOnlRvLE','4:20',0,0,NULL,0,'2015-07-19 01:20:25','Y',0,9,5,NULL),(856,'Ribosomes & Mitochondria.mp4Ribosomes & Mitochondria',6,'siblinks@siblinks.com','Biology','1.6-1.12','Ribosomes & Mitochondria.mp4',NULL,'https://i.ytimg.com/vi/IOACWp1RhJc/default.jpg','https://www.youtube.com/watch?v=IOACWp1RhJc','4:19',0,0,NULL,0,'2015-07-19 01:20:46','Y',0,9,5,NULL),(857,'Viruses.mp4Viruses',6,'siblinks@siblinks.com','Biology','1.6-1.12','Viruses.mp4',NULL,'https://i.ytimg.com/vi/xOaXEhN4yB0/default.jpg','https://www.youtube.com/watch?v=xOaXEhN4yB0','6:4',0,0,NULL,0,'2015-07-19 01:21:22','Y',0,9,5,NULL),(858,'Cell Nucleus (worked example).mp4Cell Nucleus (worked example)',6,'siblinks@siblinks.com','Biology','1.13-1.19','Cell Nucleus (worked example).mp4',NULL,'https://i.ytimg.com/vi/AG_ytuFiTBk/default.jpg','https://www.youtube.com/watch?v=AG_ytuFiTBk','3:2',0,0,NULL,0,'2015-07-19 01:21:42','Y',0,5,5,NULL),(859,'Common Parts of a Cell (worked example).mp4Common Parts of a Cell (worked example)',6,'siblinks@siblinks.com','Biology','1.13-1.19','Common Parts of a Cell (worked example).mp4',NULL,'https://i.ytimg.com/vi/SVOgdTsd7vs/default.jpg','https://www.youtube.com/watch?v=SVOgdTsd7vs','4:2',0,0,NULL,0,'2015-07-19 01:22:02','Y',0,5,5,NULL),(860,'Human Chromosomes & Genes (worked example).mp4Human Chromosomes & Genes (worked example)',6,'siblinks@siblinks.com','Biology','1.13-1.19','Human Chromosomes & Genes (worked example).mp4',NULL,'https://i.ytimg.com/vi/ykTvwuQzcpM/default.jpg','https://www.youtube.com/watch?v=ykTvwuQzcpM','3:48',0,0,NULL,0,'2015-07-19 01:22:39','Y',0,5,5,NULL),(861,'Membrane Proteins (worked example).mp4Membrane Proteins (worked example)',6,'siblinks@siblinks.com','Biology','1.13-1.19','Membrane Proteins (worked example).mp4',NULL,'https://i.ytimg.com/vi/15PVTarHmFk/default.jpg','https://www.youtube.com/watch?v=15PVTarHmFk','4:7',0,0,NULL,0,'2015-07-19 01:23:20','Y',0,5,5,NULL),(862,'Organelles (worked example).mp4Organelles (worked example)',6,'siblinks@siblinks.com','Biology','1.13-1.19','Organelles (worked example).mp4',NULL,'https://i.ytimg.com/vi/Ht3sTC_0DGg/default.jpg','https://www.youtube.com/watch?v=Ht3sTC_0DGg','3:51',0,0,NULL,0,'2015-07-19 01:23:37','Y',0,5,5,NULL),(863,'Other Cell Organelles (worked example).mp4Other Cell Organelles (worked example)',6,'siblinks@siblinks.com','Biology','1.13-1.19','Other Cell Organelles (worked example).mp4',NULL,'https://i.ytimg.com/vi/tq6jjQVnlzk/default.jpg','https://www.youtube.com/watch?v=tq6jjQVnlzk','3:14',0,0,NULL,0,'2015-07-19 01:23:49','Y',0,5,5,NULL),(864,'Phospholipid Bilayers (worked example).mp4Phospholipid Bilayers (worked example)',6,'siblinks@siblinks.com','Biology','1.13-1.19','Phospholipid Bilayers (worked example).mp4',NULL,'https://i.ytimg.com/vi/1MDW4hTgvSM/default.jpg','https://www.youtube.com/watch?v=1MDW4hTgvSM','4:16',0,0,NULL,0,'2015-07-19 01:24:19','Y',0,5,5,NULL),(865,'Ribosomes & Mitochondria (worked example).mp4Ribosomes & Mitochondria (worked example)',6,'siblinks@siblinks.com','Biology','1.13-1.19','Ribosomes & Mitochondria (worked example).mp4',NULL,'https://i.ytimg.com/vi/Ds6OO_pakN0/default.jpg','https://www.youtube.com/watch?v=Ds6OO_pakN0','3:22',0,0,NULL,0,'2015-07-19 01:24:40','Y',0,5,5,NULL),(866,'Viruses (worked example 1).mp4Viruses (worked example 1)',6,'siblinks@siblinks.com','Biology','1.13-1.19','Viruses (worked example 1).mp4',NULL,'https://i.ytimg.com/vi/mguiyS8t42s/default.jpg','https://www.youtube.com/watch?v=mguiyS8t42s','4:53',0,0,NULL,0,'2015-07-19 01:24:55','Y',0,5,5,NULL),(867,'Viruses (worked example 2).mp4Viruses (worked example 2)',6,'siblinks@siblinks.com','Biology','1.13-1.19','Viruses (worked example 2).mp4',NULL,'https://i.ytimg.com/vi/Lat5Iy68RXE/default.jpg','https://www.youtube.com/watch?v=Lat5Iy68RXE','4:59',0,0,NULL,0,'2015-07-19 01:25:07','Y',0,5,5,NULL),(868,'Evidence for Evolution.mp4Evidence for Evolution',6,'siblinks@siblinks.com','Biology','1.20-1.26','Evidence for Evolution.mp4',NULL,'https://i.ytimg.com/vi/tJBXYSkF-o0/default.jpg','https://www.youtube.com/watch?v=tJBXYSkF-o0','3:50',0,0,NULL,0,'2015-07-19 01:25:19','Y',0,6,5,NULL),(869,'Evolution of Eukaryotes.mp4Evolution of Eukaryotes',6,'siblinks@siblinks.com','Biology','1.20-1.26','Evolution of Eukaryotes.mp4',NULL,'https://i.ytimg.com/vi/SljNPIbxHYE/default.jpg','https://www.youtube.com/watch?v=SljNPIbxHYE','4:50',0,0,NULL,0,'2015-07-19 01:25:40','Y',0,6,5,NULL),(870,'First Cells.mp4First Cells',6,'siblinks@siblinks.com','Biology','1.20-1.26','First Cells.mp4',NULL,'https://i.ytimg.com/vi/WXCcF71u-8c/default.jpg','https://www.youtube.com/watch?v=WXCcF71u-8c','4:6',0,0,NULL,0,'2015-07-19 01:25:56','Y',0,6,5,NULL),(871,'First Organic Molecules.mp4First Organic Molecules',6,'siblinks@siblinks.com','Biology','1.20-1.26','First Organic Molecules.mp4',NULL,'https://i.ytimg.com/vi/Gr-vhbODhQc/default.jpg','https://www.youtube.com/watch?v=Gr-vhbODhQc','3:32',0,0,NULL,0,'2015-07-19 01:26:07','Y',0,6,5,NULL),(872,'Fungi Reproduction.mp4Fungi Reproduction',6,'siblinks@siblinks.com','Biology','1.20-1.26','Fungi Reproduction.mp4',NULL,'https://i.ytimg.com/vi/vfvA8DVR2Xo/default.jpg','https://www.youtube.com/watch?v=vfvA8DVR2Xo','4:55',0,0,NULL,0,'2015-07-19 01:26:28','Y',0,6,5,NULL),(873,'Fungi.mp4Fungi',6,'siblinks@siblinks.com','Biology','1.20-1.26','Fungi.mp4',NULL,'https://i.ytimg.com/vi/jI3KDc3uDjM/default.jpg','https://www.youtube.com/watch?v=jI3KDc3uDjM','4:28',0,0,NULL,0,'2015-07-19 01:26:46','Y',0,6,5,NULL),(874,'History of Life.mp4History of Life',6,'siblinks@siblinks.com','Biology','1.20-1.26','History of Life.mp4',NULL,'https://i.ytimg.com/vi/-B17I7RlEGw/default.jpg','https://www.youtube.com/watch?v=-B17I7RlEGw','3:58',0,0,NULL,0,'2015-07-19 01:27:00','Y',0,6,5,NULL),(875,'How Earth Formed.mp4How Earth Formed',6,'siblinks@siblinks.com','Biology','1.20-1.26','How Earth Formed.mp4',NULL,'https://i.ytimg.com/vi/DtI1kijHH5I/default.jpg','https://www.youtube.com/watch?v=DtI1kijHH5I','3:50',0,0,NULL,0,'2015-07-19 01:27:18','Y',0,6,5,NULL),(876,'Linnaean Classification.mp4Linnaean Classification',6,'siblinks@siblinks.com','Biology','1.20-1.26','Linnaean Classification.mp4',NULL,'https://i.ytimg.com/vi/wM2oX3dl57M/default.jpg','https://www.youtube.com/watch?v=wM2oX3dl57M','3:21',0,0,NULL,0,'2015-07-19 01:27:36','Y',0,6,5,NULL),(877,'Origin of Species.mp4Origin of Species',6,'siblinks@siblinks.com','Biology','1.20-1.26','Origin of Species.mp4',NULL,'https://i.ytimg.com/vi/pgESFjzSSjA/default.jpg','https://www.youtube.com/watch?v=pgESFjzSSjA','3:29',0,0,NULL,0,'2015-07-19 01:27:50','Y',0,6,5,NULL),(878,'Phylogenetic Classification.mp4Phylogenetic Classification',6,'siblinks@siblinks.com','Biology','1.20-1.26','Phylogenetic Classification.mp4',NULL,'https://i.ytimg.com/vi/H4SbXViPGF4/default.jpg','https://www.youtube.com/watch?v=H4SbXViPGF4','3:10',0,0,NULL,0,'2015-07-19 01:28:07','Y',0,6,5,NULL),(879,'Evidence for Evolution (worked example).mp4Evidence for Evolution (worked example)',6,'siblinks@siblinks.com','Biology','1.27-2.2','Evidence for Evolution (worked example).mp4',NULL,'https://i.ytimg.com/vi/fEcEGZqnYR0/default.jpg','https://www.youtube.com/watch?v=fEcEGZqnYR0','4:17',0,0,NULL,0,'2015-07-19 01:28:28','Y',0,7,5,NULL),(880,'Evolution of Eukaryotes (worked example).mp4Evolution of Eukaryotes (worked example)',6,'siblinks@siblinks.com','Biology','1.27-2.2','Evolution of Eukaryotes (worked example).mp4',NULL,'https://i.ytimg.com/vi/2Iu6aTrT5bM/default.jpg','https://www.youtube.com/watch?v=2Iu6aTrT5bM','3:15',0,0,NULL,0,'2015-07-19 01:28:41','Y',0,7,5,NULL),(881,'First Cells (worked example).mp4First Cells (worked example)',6,'siblinks@siblinks.com','Biology','1.27-2.2','First Cells (worked example).mp4',NULL,'https://i.ytimg.com/vi/MJM71kORjVE/default.jpg','https://www.youtube.com/watch?v=MJM71kORjVE','3:22',0,0,NULL,0,'2015-07-19 01:29:00','Y',0,7,5,NULL),(882,'First Organic Molecules (worked example).mp4First Organic Molecules (worked example)',6,'siblinks@siblinks.com','Biology','1.27-2.2','First Organic Molecules (worked example).mp4',NULL,'https://i.ytimg.com/vi/uRPV_pnBBq0/default.jpg','https://www.youtube.com/watch?v=uRPV_pnBBq0','3:27',0,0,NULL,0,'2015-07-19 01:29:14','Y',0,7,5,NULL),(883,'Fungi (worked example).mp4Fungi (worked example)',6,'siblinks@siblinks.com','Biology','1.27-2.2','Fungi (worked example).mp4',NULL,'https://i.ytimg.com/vi/S2wqjcINMD8/default.jpg','https://www.youtube.com/watch?v=S2wqjcINMD8','3:5',0,0,NULL,0,'2015-07-19 01:29:25','Y',0,7,5,NULL),(884,'Fungi Reproduction (worked example).mp4Fungi Reproduction (worked example)',6,'siblinks@siblinks.com','Biology','1.27-2.2','Fungi Reproduction (worked example).mp4',NULL,'https://i.ytimg.com/vi/U3BebQQAK0o/default.jpg','https://www.youtube.com/watch?v=U3BebQQAK0o','2:43',0,0,NULL,0,'2015-07-19 01:29:37','Y',0,7,5,NULL),(885,'History of Life (worked example).mp4History of Life (worked example)',6,'siblinks@siblinks.com','Biology','1.27-2.2','History of Life (worked example).mp4',NULL,'https://i.ytimg.com/vi/YE6K86dZDto/default.jpg','https://www.youtube.com/watch?v=YE6K86dZDto','2:58',0,0,NULL,0,'2015-07-19 01:29:59','Y',0,7,5,NULL),(886,'How Earth Formed (worked example).mp4How Earth Formed (worked example)',6,'siblinks@siblinks.com','Biology','1.27-2.2','How Earth Formed (worked example).mp4',NULL,'https://i.ytimg.com/vi/PMvQXT6I8FQ/default.jpg','https://www.youtube.com/watch?v=PMvQXT6I8FQ','2:40',0,0,NULL,0,'2015-07-19 01:30:15','Y',0,7,5,NULL),(887,'Origin of Species (worked example).mp4Origin of Species (worked example)',6,'siblinks@siblinks.com','Biology','1.27-2.2','Origin of Species (worked example).mp4',NULL,'https://i.ytimg.com/vi/KG5Fu77SRHM/default.jpg','https://www.youtube.com/watch?v=KG5Fu77SRHM','3:39',0,0,NULL,0,'2015-07-19 01:30:32','Y',0,7,5,NULL),(888,'Phylogenetic & Linnaean Classification  (worked example).mp4Phylogenetic & Linnaean Classification  (worked example)',6,'siblinks@siblinks.com','Biology','1.27-2.2','Phylogenetic & Linnaean Classification  (worked example).mp4',NULL,'https://i.ytimg.com/vi/3HSiTTZ83GI/default.jpg','https://www.youtube.com/watch?v=3HSiTTZ83GI','3:36',0,0,NULL,0,'2015-07-19 01:31:00','Y',0,7,5,NULL),(889,'Cyclic Behavior of Animals.mp4Cyclic Behavior of Animals',6,'siblinks@siblinks.com','Biology','2.10-2.16','Cyclic Behavior of Animals.mp4',NULL,'https://i.ytimg.com/vi/4VPPSSs05tk/default.jpg','https://www.youtube.com/watch?v=4VPPSSs05tk','2:9',0,0,NULL,0,'2015-07-19 01:31:08','Y',0,10,5,NULL),(890,'Evolution of Animal Behavior.mp4Evolution of Animal Behavior',6,'siblinks@siblinks.com','Biology','2.10-2.16','Evolution of Animal Behavior.mp4',NULL,'https://i.ytimg.com/vi/dWHsrMR_2u0/default.jpg','https://www.youtube.com/watch?v=dWHsrMR_2u0','2:58',0,0,NULL,0,'2015-07-19 01:31:16','Y',0,10,5,NULL),(891,'Innate Behavior of Animals.mp4Innate Behavior of Animals',6,'siblinks@siblinks.com','Biology','2.10-2.16','Innate Behavior of Animals.mp4',NULL,'https://i.ytimg.com/vi/dZJjLjeBDP8/default.jpg','https://www.youtube.com/watch?v=dZJjLjeBDP8','3:38',0,0,NULL,0,'2015-07-19 01:31:26','Y',0,10,5,NULL),(892,'Learned Behavior of Animals.mp4Learned Behavior of Animals',6,'siblinks@siblinks.com','Biology','2.10-2.16','Learned Behavior of Animals.mp4',NULL,'https://i.ytimg.com/vi/KRGi-dHIOwA/default.jpg','https://www.youtube.com/watch?v=KRGi-dHIOwA','3:27',0,0,NULL,0,'2015-07-19 01:31:34','Y',0,10,5,NULL),(893,'Mutation Causes (worked example).mp4Mutation Causes (worked example)',6,'siblinks@siblinks.com','Biology','2.10-2.16','Mutation Causes (worked example).mp4',NULL,'https://i.ytimg.com/vi/cqbpKogCRoI/default.jpg','https://www.youtube.com/watch?v=cqbpKogCRoI','4:40',0,0,NULL,0,'2015-07-19 01:31:54','Y',0,10,5,NULL),(894,'Mutation Effects (worked example).mp4Mutation Effects (worked example)',6,'siblinks@siblinks.com','Biology','2.10-2.16','Mutation Effects (worked example).mp4',NULL,'https://i.ytimg.com/vi/amke6z06tvg/default.jpg','https://www.youtube.com/watch?v=amke6z06tvg','3:32',0,0,NULL,0,'2015-07-19 01:32:07','Y',0,10,5,NULL),(895,'Reproductive Behavior of Animals.mp4Reproductive Behavior of Animals',6,'siblinks@siblinks.com','Biology','2.10-2.16','Reproductive Behavior of Animals.mp4',NULL,'https://i.ytimg.com/vi/Tl8UhroZg_w/default.jpg','https://www.youtube.com/watch?v=Tl8UhroZg_w','3:23',0,0,NULL,0,'2015-07-19 01:32:17','Y',0,10,5,NULL),(896,'Social Behavior of Animals.mp4Social Behavior of Animals',6,'siblinks@siblinks.com','Biology','2.10-2.16','Social Behavior of Animals.mp4',NULL,'https://i.ytimg.com/vi/ptncB5p-TIk/default.jpg','https://www.youtube.com/watch?v=ptncB5p-TIk','2:57',0,0,NULL,0,'2015-07-19 01:32:27','Y',0,10,5,NULL),(897,'Biodiversity.mp4Biodiversity',6,'siblinks@siblinks.com','Biology','3.24-3.30','Biodiversity.mp4',NULL,'https://i.ytimg.com/vi/1bnRBDXSyJ0/default.jpg','https://www.youtube.com/watch?v=1bnRBDXSyJ0','5:6',0,0,NULL,0,'2015-07-19 01:32:41','Y',0,11,5,NULL),(898,'Competition.mp4Competition',6,'siblinks@siblinks.com','Biology','3.24-3.30','Competition.mp4',NULL,'https://i.ytimg.com/vi/nM2baCp7HNw/default.jpg','https://www.youtube.com/watch?v=nM2baCp7HNw','3:',0,0,NULL,0,'2015-07-19 01:32:52','Y',0,11,5,NULL),(899,'Importance of Biodiversity.mp4Importance of Biodiversity',6,'siblinks@siblinks.com','Biology','3.24-3.30','Importance of Biodiversity.mp4',NULL,'https://i.ytimg.com/vi/GWbmuWEIXcQ/default.jpg','https://www.youtube.com/watch?v=GWbmuWEIXcQ','3:30',0,0,NULL,0,'2015-07-19 01:33:06','Y',0,11,5,NULL),(900,'Invertebrates.mp4Invertebrates',6,'siblinks@siblinks.com','Biology','3.24-3.30','Invertebrates.mp4',NULL,'https://i.ytimg.com/vi/zCeAnlYZUN8/default.jpg','https://www.youtube.com/watch?v=zCeAnlYZUN8','2:41',0,0,NULL,0,'2015-07-19 01:33:17','Y',0,11,5,NULL),(901,'Leaves.mp4Leaves',6,'siblinks@siblinks.com','Biology','3.24-3.30','Leaves.mp4',NULL,'https://i.ytimg.com/vi/STnHlzwVlMw/default.jpg','https://www.youtube.com/watch?v=STnHlzwVlMw','3:45',0,0,NULL,0,'2015-07-19 01:33:29','Y',0,11,5,NULL),(902,'Mammal Classification (worked example).mp4Mammal Classification (worked example)',6,'siblinks@siblinks.com','Biology','3.24-3.30','Mammal Classification (worked example).mp4',NULL,'https://i.ytimg.com/vi/aDGaCHmpJQE/default.jpg','https://www.youtube.com/watch?v=aDGaCHmpJQE','4:17',0,0,NULL,0,'2015-07-19 01:33:51','Y',0,11,5,NULL),(903,'Mammal Classification.mp4Mammal Classification',6,'siblinks@siblinks.com','Biology','3.24-3.30','Mammal Classification.mp4',NULL,'https://i.ytimg.com/vi/CDTyQNkR1n4/default.jpg','https://www.youtube.com/watch?v=CDTyQNkR1n4','2:52',0,0,NULL,0,'2015-07-19 01:34:01','Y',0,11,5,NULL),(904,'Plant Growth.mp4Plant Growth',6,'siblinks@siblinks.com','Biology','3.24-3.30','Plant Growth.mp4',NULL,'https://i.ytimg.com/vi/GO_OAV2tpEU/default.jpg','https://www.youtube.com/watch?v=GO_OAV2tpEU','3:29',0,0,NULL,0,'2015-07-19 01:34:12','Y',0,11,5,NULL),(905,'Predation.mp4Predation',6,'siblinks@siblinks.com','Biology','3.24-3.30','Predation.mp4',NULL,'https://i.ytimg.com/vi/-QLH4-3YIx4/default.jpg','https://www.youtube.com/watch?v=-QLH4-3YIx4','2:23',0,0,NULL,0,'2015-07-19 01:34:21','Y',0,11,5,NULL),(906,'Renewable and Nonrenewable Resources.mp4Renewable and Nonrenewable Resources',6,'siblinks@siblinks.com','Biology','3.24-3.30','Renewable and Nonrenewable Resources.mp4',NULL,'https://i.ytimg.com/vi/qZFePPjO1C8/default.jpg','https://www.youtube.com/watch?v=qZFePPjO1C8','4:1',0,0,NULL,0,'2015-07-19 01:34:30','Y',0,11,5,NULL),(907,'Roots.mp4Roots',6,'siblinks@siblinks.com','Biology','3.24-3.30','Roots.mp4',NULL,'https://i.ytimg.com/vi/IC6T99YbR-E/default.jpg','https://www.youtube.com/watch?v=IC6T99YbR-E','3:22',0,0,NULL,0,'2015-07-19 01:34:46','Y',0,11,5,NULL),(908,'Sponges (worked example).mp4Sponges (worked example)',6,'siblinks@siblinks.com','Biology','3.24-3.30','Sponges (worked example).mp4',NULL,'https://i.ytimg.com/vi/P_a2Ryl9yas/default.jpg','https://www.youtube.com/watch?v=P_a2Ryl9yas','3:37',0,0,NULL,0,'2015-07-19 01:35:01','Y',0,11,5,NULL),(909,'Sponges.mp4Sponges',6,'siblinks@siblinks.com','Biology','3.24-3.30','Sponges.mp4',NULL,'https://i.ytimg.com/vi/tdy086RgzEY/default.jpg','https://www.youtube.com/watch?v=tdy086RgzEY','4:41',0,0,NULL,0,'2015-07-19 01:35:51','Y',0,11,5,NULL),(910,'Stems.mp4Stems',6,'siblinks@siblinks.com','Biology','3.24-3.30','Stems.mp4',NULL,'https://i.ytimg.com/vi/1gh5o5rbGec/default.jpg','https://www.youtube.com/watch?v=1gh5o5rbGec','2:28',0,0,NULL,0,'2015-07-19 01:36:08','Y',0,11,5,NULL),(911,'Symbiosis.mp4Symbiosis',6,'siblinks@siblinks.com','Biology','3.24-3.30','Symbiosis.mp4',NULL,'https://i.ytimg.com/vi/gQJ4GIvHgsU/default.jpg','https://www.youtube.com/watch?v=gQJ4GIvHgsU','3:15',0,0,NULL,0,'2015-07-19 01:36:20','Y',0,11,5,NULL),(912,'Vertebrate Characteristics.mp4Vertebrate Characteristics',6,'siblinks@siblinks.com','Biology','3.24-3.30','Vertebrate Characteristics.mp4',NULL,'https://i.ytimg.com/vi/2qVor8C6CL8/default.jpg','https://www.youtube.com/watch?v=2qVor8C6CL8','3:18',0,0,NULL,0,'2015-07-19 01:36:36','Y',0,11,5,NULL),(913,'Vertebrate Classification.mp4Vertebrate Classification',6,'siblinks@siblinks.com','Biology','3.24-3.30','Vertebrate Classification.mp4',NULL,'https://i.ytimg.com/vi/T2Op28xi4xg/default.jpg','https://www.youtube.com/watch?v=T2Op28xi4xg','3:2',0,0,NULL,0,'2015-07-19 01:36:48','Y',0,11,5,NULL),(914,'Vertebrate Evolution.mp4Vertebrate Evolution',6,'siblinks@siblinks.com','Biology','3.24-3.30','Vertebrate Evolution.mp4',NULL,'https://i.ytimg.com/vi/wVV6Z_4TfxY/default.jpg','https://www.youtube.com/watch?v=wVV6Z_4TfxY','4:4',0,0,NULL,0,'2015-07-19 01:37:33','Y',0,11,5,NULL),(915,'Biodiversity (worked example).mp4Biodiversity (worked example)',6,'siblinks@siblinks.com','Biology','6.2-6.8','Biodiversity (worked example).mp4',NULL,'https://i.ytimg.com/vi/MBUYnh3nxcg/default.jpg','https://www.youtube.com/watch?v=MBUYnh3nxcg','3:50',0,0,NULL,0,'2015-07-19 01:37:45','Y',0,12,5,NULL),(916,'Competition (worked example).mp4Competition (worked example)',6,'siblinks@siblinks.com','Biology','6.2-6.8','Competition (worked example).mp4',NULL,'https://i.ytimg.com/vi/krjtA4Yvgvw/default.jpg','https://www.youtube.com/watch?v=krjtA4Yvgvw','3:43',0,0,NULL,0,'2015-07-19 01:38:01','Y',0,12,5,NULL),(917,'Leaves (worked example).mp4Leaves (worked example)',6,'siblinks@siblinks.com','Biology','6.2-6.8','Leaves (worked example).mp4',NULL,'https://i.ytimg.com/vi/fMqAKllju3U/default.jpg','https://www.youtube.com/watch?v=fMqAKllju3U','4:3',0,0,NULL,0,'2015-07-19 01:38:14','Y',0,12,5,NULL),(918,'Plant Growth (worked example).mp4Plant Growth (worked example)',6,'siblinks@siblinks.com','Biology','6.2-6.8','Plant Growth (worked example).mp4',NULL,'https://i.ytimg.com/vi/cGdJqE4Imys/default.jpg','https://www.youtube.com/watch?v=cGdJqE4Imys','2:57',0,0,NULL,0,'2015-07-19 01:38:29','Y',0,12,5,NULL),(919,'Renwable & Nonrenewable Resources (worked example).mp4Renwable & Nonrenewable Resources (worked example)',6,'siblinks@siblinks.com','Biology','6.2-6.8','Renwable & Nonrenewable Resources (worked example).mp4',NULL,'https://i.ytimg.com/vi/MrdvIpSAtzQ/default.jpg','https://www.youtube.com/watch?v=MrdvIpSAtzQ','3:49',0,0,NULL,0,'2015-07-19 01:38:46','Y',0,12,5,NULL),(920,'Scholarship strategies ',6,'siblinks@siblinks.com','Admission','Admission timeline','Scholarship',NULL,'https://i.ytimg.com/vi/tISIlRAUJG8/default.jpg','https://www.youtube.com/watch?v=tISIlRAUJG8','5.50',0,0,NULL,0,'2015-07-20 08:04:23','Y',0,NULL,NULL,NULL);
/*!40000 ALTER TABLE `Sib_Videos` ENABLE KEYS */;
UNLOCK TABLES;

--
-- Table structure for table `Sib_forum_post_comment`
--

DROP TABLE IF EXISTS `Sib_forum_post_comment`;
/*!40101 SET @saved_cs_client     = @@character_set_client */;
/*!40101 SET character_set_client = utf8 */;
CREATE TABLE `Sib_forum_post_comment` (
  `pid` int(11) DEFAULT NULL,
  `cid` int(11) DEFAULT NULL
) ENGINE=InnoDB DEFAULT CHARSET=latin1;
/*!40101 SET character_set_client = @saved_cs_client */;

--
-- Dumping data for table `Sib_forum_post_comment`
--

LOCK TABLES `Sib_forum_post_comment` WRITE;
/*!40000 ALTER TABLE `Sib_forum_post_comment` DISABLE KEYS */;
/*!40000 ALTER TABLE `Sib_forum_post_comment` ENABLE KEYS */;
UNLOCK TABLES;

--
-- Table structure for table `Sib_forum_post_read`
--

DROP TABLE IF EXISTS `Sib_forum_post_read`;
/*!40101 SET @saved_cs_client     = @@character_set_client */;
/*!40101 SET character_set_client = utf8 */;
CREATE TABLE `Sib_forum_post_read` (
  `uid` int(11) DEFAULT NULL,
  `pid` int(11) DEFAULT NULL,
  `timeStamp` timestamp NOT NULL DEFAULT CURRENT_TIMESTAMP ON UPDATE CURRENT_TIMESTAMP
) ENGINE=InnoDB DEFAULT CHARSET=latin1;
/*!40101 SET character_set_client = @saved_cs_client */;

--
-- Dumping data for table `Sib_forum_post_read`
--

LOCK TABLES `Sib_forum_post_read` WRITE;
/*!40000 ALTER TABLE `Sib_forum_post_read` DISABLE KEYS */;
/*!40000 ALTER TABLE `Sib_forum_post_read` ENABLE KEYS */;
UNLOCK TABLES;

--
-- Table structure for table `Sib_forum_tags`
--

DROP TABLE IF EXISTS `Sib_forum_tags`;
/*!40101 SET @saved_cs_client     = @@character_set_client */;
/*!40101 SET character_set_client = utf8 */;
CREATE TABLE `Sib_forum_tags` (
  `pid` int(11) DEFAULT NULL,
  `tag` char(30) DEFAULT NULL,
  FULLTEXT KEY `Sib_Forum_Tags_tag` (`tag`)
) ENGINE=MyISAM DEFAULT CHARSET=latin1;
/*!40101 SET character_set_client = @saved_cs_client */;

--
-- Dumping data for table `Sib_forum_tags`
--

LOCK TABLES `Sib_forum_tags` WRITE;
/*!40000 ALTER TABLE `Sib_forum_tags` DISABLE KEYS */;
INSERT INTO `Sib_forum_tags` VALUES (1,'math'),(1,'algebra'),(1,'quadratic'),(2,'math'),(2,'algebra'),(2,'quadratic'),(3,'math'),(3,'algebra'),(3,'quadratic'),(4,'math'),(4,'algebra'),(4,'quadratic'),(5,'math'),(5,'algebra'),(5,'quadratic'),(6,'math'),(6,'algebra'),(6,'quadratic'),(7,'math'),(7,'algebra'),(7,'quadratic'),(8,'math'),(8,'algebra'),(8,'quadratic'),(9,'math'),(9,'algebra'),(9,'quadratic'),(10,'math'),(10,'algebra'),(10,'quadratic'),(11,'math'),(11,'algebra'),(11,'quadratic'),(12,'math'),(12,'algebra'),(12,'quadratic');
/*!40000 ALTER TABLE `Sib_forum_tags` ENABLE KEYS */;
UNLOCK TABLES;

--
-- Table structure for table `Sib_upload_essay`
--

DROP TABLE IF EXISTS `Sib_upload_essay`;
/*!40101 SET @saved_cs_client     = @@character_set_client */;
/*!40101 SET character_set_client = utf8 */;
CREATE TABLE `Sib_upload_essay` (
  `uploadEssayId` int(11) NOT NULL AUTO_INCREMENT,
  `userId` int(11) NOT NULL,
  `status` varchar(45) NOT NULL,
  `originalDocument` mediumblob NOT NULL,
  `reviewedDocument` mediumblob,
  `docSubmittedDate` timestamp NOT NULL DEFAULT CURRENT_TIMESTAMP,
  `docReviewedDate` timestamp NULL DEFAULT NULL,
  `nameOfEssay` varchar(250) DEFAULT NULL,
  `descriptionOfEssay` varchar(1000) DEFAULT NULL,
  `odFilesize` int(11) DEFAULT NULL,
  `rdFilesize` int(11) DEFAULT NULL,
  `mimeType` varchar(250) DEFAULT NULL,
  PRIMARY KEY (`uploadEssayId`)
) ENGINE=InnoDB AUTO_INCREMENT=780 DEFAULT CHARSET=latin1;
/*!40101 SET character_set_client = @saved_cs_client */;

--
-- Dumping data for table `Sib_upload_essay`
--

LOCK TABLES `Sib_upload_essay` WRITE;
/*!40000 ALTER TABLE `Sib_upload_essay` DISABLE KEYS */;
/*!40000 ALTER TABLE `Sib_upload_essay` ENABLE KEYS */;
UNLOCK TABLES;

--
-- Table structure for table `Sib_upload_essay_discussion`
--

DROP TABLE IF EXISTS `Sib_upload_essay_discussion`;
/*!40101 SET @saved_cs_client     = @@character_set_client */;
/*!40101 SET character_set_client = utf8 */;
CREATE TABLE `Sib_upload_essay_discussion` (
  `discussionId` int(11) NOT NULL AUTO_INCREMENT,
  `userId` int(11) NOT NULL,
  `message` varchar(250) DEFAULT NULL,
  `creationDate` timestamp NULL DEFAULT CURRENT_TIMESTAMP ON UPDATE CURRENT_TIMESTAMP,
  PRIMARY KEY (`discussionId`)
) ENGINE=InnoDB AUTO_INCREMENT=68 DEFAULT CHARSET=latin1;
/*!40101 SET character_set_client = @saved_cs_client */;

--
-- Dumping data for table `Sib_upload_essay_discussion`
--

LOCK TABLES `Sib_upload_essay_discussion` WRITE;
/*!40000 ALTER TABLE `Sib_upload_essay_discussion` DISABLE KEYS */;
/*!40000 ALTER TABLE `Sib_upload_essay_discussion` ENABLE KEYS */;
UNLOCK TABLES;

--
-- Table structure for table `test_tag`
--

DROP TABLE IF EXISTS `test_tag`;
/*!40101 SET @saved_cs_client     = @@character_set_client */;
/*!40101 SET character_set_client = utf8 */;
CREATE TABLE `test_tag` (
  `tag` varchar(100) DEFAULT NULL,
  FULLTEXT KEY `test_tag_in` (`tag`)
) ENGINE=MyISAM DEFAULT CHARSET=latin1;
/*!40101 SET character_set_client = @saved_cs_client */;

--
-- Dumping data for table `test_tag`
--

LOCK TABLES `test_tag` WRITE;
/*!40000 ALTER TABLE `test_tag` DISABLE KEYS */;
/*!40000 ALTER TABLE `test_tag` ENABLE KEYS */;
UNLOCK TABLES;
